[2026-04-19T18:26:55.582] [DEBUG] debug-file - env: nodejsVersion=v18.20.1
[2026-04-19T18:26:59.244] [DEBUG] debug-file - Hvigor init with startParameters:{
  hvigorfileTypeCheck: false,
  parallelExecution: true,
  incrementalExecution: true,
  printStackTrace: false,
  daemon: false,
  analyze: 0,
  logLevel: Level { level: 20000, levelStr: 'INFO', colour: 'green' },
  optimizationStrategy: 'memory',
  hotCompile: undefined,
  hotReloadBuild: undefined,
  customizedParam: undefined
}
[2026-04-19T18:27:28.197] [DEBUG] debug-file - hvigorfile, require result:  { appTasks: [Getter] }
[2026-04-19T18:27:28.398] [DEBUG] debug-file - Start initialize project's product build option map with build mode debug.
[2026-04-19T18:27:28.396] [DEBUG] debug-file - App plugin register hook start...
[2026-04-19T18:27:28.199] [DEBUG] debug-file - Starting plugin build process
[2026-04-19T18:27:28.401] [DEBUG] debug-file - Obtain build option for product 'default'in this build.
[2026-04-19T18:27:28.453] [DEBUG] debug-file - Project task initialization takes 6 ms 
[2026-04-19T18:27:28.412] [DEBUG] debug-file - Start recording SDK configuration permission data.
[2026-04-19T18:27:28.460] [DEBUG] debug-file - failed to load cangjie to dynamically generate schemas: Error: Cannot find module '@ohos/cangjie-build-support/index'
Require stack:
- C:\Program Files\Huawei\DevEco Studio\tools\hvigor\hvigor-ohos-plugin\src\plugin\hooks\cangjie-register.js
- C:\Program Files\Huawei\DevEco Studio\tools\hvigor\hvigor-ohos-plugin\src\plugin\strategy\stage-init-strategy.js
- C:\Program Files\Huawei\DevEco Studio\tools\hvigor\hvigor-ohos-plugin\src\plugin\builder\abstract-plugin-builder.js
- C:\Program Files\Huawei\DevEco Studio\tools\hvigor\hvigor-ohos-plugin\src\plugin\builder\app-plugin-builder.js
- C:\Program Files\Huawei\DevEco Studio\tools\hvigor\hvigor-ohos-plugin\src\plugin\factory\plugin-factory.js
- C:\Program Files\Huawei\DevEco Studio\tools\hvigor\hvigor-ohos-plugin\index.js
- D:\Harmonyos\Rdb\hvigorfile.ts
- C:\Program Files\Huawei\DevEco Studio\tools\hvigor\hvigor\src\base\internal\lifecycle\configuration.js
- C:\Program Files\Huawei\DevEco Studio\tools\hvigor\hvigor\src\base\boot\index.js
- C:\Program Files\Huawei\DevEco Studio\tools\hvigor\hvigor\src\cli\main\cli.js
- C:\Program Files\Huawei\DevEco Studio\tools\hvigor\hvigor\bin\hvigor.js
[2026-04-19T18:27:28.479] [DEBUG] debug-file - project has submodules:entry
[2026-04-19T18:27:28.471] [DEBUG] debug-file - Start initialize module-target build option map, moduleName=entry, buildMode=release
[2026-04-19T18:27:28.481] [DEBUG] debug-file - start to load updatedOhPackageInfo to the disk
[2026-04-19T18:26:55.584] [DEBUG] debug-file - env: hvigor-config.json5 content = {
  modelVersion: '5.1.1',
  dependencies: {},
  execution: {},
  logging: {},
  debugging: {}
}
[2026-04-19T18:27:28.489] [DEBUG] debug-file - Start to initialize dependency information.
[2026-04-19T18:27:28.498] [DEBUG] debug-file - entry : clean cost memory 0.12445068359375
[2026-04-19T18:26:59.245] [DEBUG] debug-file - Since current hvigor version 6.22.4 differs from last hvigor version 
      undefined, delete file-cache.json and task-cache.json.
[2026-04-19T18:27:28.525] [DEBUG] debug-file - Create  resident worker with id: 0.
[2026-04-19T18:27:28.197] [DEBUG] debug-file - hvigorfile, binding system plugins { appTasks: [Getter] }
[2026-04-19T18:27:28.398] [DEBUG] debug-file - Picking option from product 'default' with build mode 'debug'.
[2026-04-19T18:27:28.199] [DEBUG] debug-file - App plugin prepare start...
[2026-04-19T18:27:28.396] [DEBUG] debug-file - App plugin register hook end...
[2026-04-19T18:27:28.402] [DEBUG] debug-file - No signingConfig found, initRemoteHspCache failed.
[2026-04-19T18:27:28.453] [DEBUG] debug-file - hvigorfile, resolve finished D:\Harmonyos\Rdb\hvigorfile.ts
[2026-04-19T18:27:28.446] [DEBUG] debug-file - Sdk init in 43 ms 
[2026-04-19T18:27:28.471] [DEBUG] debug-file - Target 'default' config initialized
[2026-04-19T18:27:28.484] [DEBUG] debug-file - load to the disk finished
[2026-04-19T18:26:55.586] [DEBUG] debug-file - env: daemon=false
[2026-04-19T18:27:28.491] [DEBUG] debug-file - Module entry Collected Dependency: 
[2026-04-19T18:27:28.498] [DEBUG] debug-file - runTaskFromQueue task cost before running: 29 s 261 ms 
[2026-04-19T18:26:59.245] [DEBUG] debug-file - Cache service initialization finished in 1 ms 
[2026-04-19T18:27:28.527] [DEBUG] debug-file - Create  resident worker with id: 1.
[2026-04-19T18:27:28.398] [DEBUG] debug-file - Product 'default' build option initialized
[2026-04-19T18:27:28.199] [DEBUG] debug-file - App plugin prepare end...
[2026-04-19T18:27:28.396] [DEBUG] debug-file - Plugin build process completed
[2026-04-19T18:27:28.404] [DEBUG] debug-file - Local scan or download HarmonyOS sdk components toolchains,ets,js,native,previewer
[2026-04-19T18:27:28.454] [DEBUG] debug-file - hvigorfile, resolving D:\Harmonyos\Rdb\entry\hvigorfile.ts
[2026-04-19T18:27:28.485] [DEBUG] debug-file - Start to initialize dependency information.
[2026-04-19T18:27:28.472] [DEBUG] debug-file - Module 'entry' target 'default' build option initialized
[2026-04-19T18:26:59.246] [DEBUG] debug-file - hvigorfile, resolving D:\Harmonyos\Rdb\hvigorfile.ts
[2026-04-19T18:27:28.491] [DEBUG] debug-file - Module entry's total dependency: 0
[2026-04-19T18:27:28.499] [INFO] debug-file - Finished :entry:clean... after 2 ms 
[2026-04-19T18:26:55.586] [DEBUG] debug-file - no-daemon, use the parent process.execArgv --max-old-space-size=8192,--max-semi-space-size=16,--expose-gc
[2026-04-19T18:27:28.529] [DEBUG] debug-file - Current worker pool is stopped or closed.
[2026-04-19T18:27:28.398] [DEBUG] debug-file - End initialize project's product build option map with build mode 'debug'.
[2026-04-19T18:27:28.199] [DEBUG] debug-file - App plugin creating...
[2026-04-19T18:27:28.408] [DEBUG] debug-file - Local scan or download hmscore sdk components toolchains,ets,native
[2026-04-19T18:27:28.459] [DEBUG] debug-file - hvigorfile, require result:  { hapTasks: [Getter] }
[2026-04-19T18:27:28.487] [DEBUG] debug-file - Module Rdb Collected Dependency: 
[2026-04-19T18:27:28.472] [DEBUG] debug-file - End initialize module-target build option map, moduleName=entry
[2026-04-19T18:27:28.494] [DEBUG] debug-file - Configuration phase cost:29 s 249 ms 
[2026-04-19T18:27:28.500] [DEBUG] debug-file - Executing task ::clean
[2026-04-19T18:27:28.459] [DEBUG] debug-file - hvigorfile, binding system plugins { hapTasks: [Getter] }
[2026-04-19T18:27:28.487] [DEBUG] debug-file - Module Rdb's total dependency: 0
[2026-04-19T18:27:28.529] [DEBUG] debug-file - Clear worker 0.
[2026-04-19T18:27:28.472] [DEBUG] debug-file - Start initialize module-target build option map, moduleName=entry, buildMode=debug
[2026-04-19T18:27:28.500] [DEBUG] debug-file - clean: Worker pool is inactive.
[2026-04-19T18:27:28.496] [DEBUG] debug-file - Configuration task cost before running: 29 s 259 ms 
[2026-04-19T18:27:28.459] [DEBUG] debug-file - Starting plugin build process
[2026-04-19T18:27:28.529] [DEBUG] debug-file - Worker 0 has been cleared.
[2026-04-19T18:27:28.472] [DEBUG] debug-file - Target 'default' config initialized
[2026-04-19T18:27:28.500] [DEBUG] debug-file - Rdb : clean cost memory 0.01946258544921875
[2026-04-19T18:27:28.496] [DEBUG] debug-file - Executing task :entry:clean
[2026-04-19T18:27:28.459] [DEBUG] debug-file - Hap plugin creating...
[2026-04-19T18:27:28.501] [DEBUG] debug-file - runTaskFromQueue task cost before running: 29 s 264 ms 
[2026-04-19T18:27:28.529] [DEBUG] debug-file - Current idle worker size: 1.
[2026-04-19T18:27:28.497] [DEBUG] debug-file - clean: Worker pool is inactive.
[2026-04-19T18:27:28.472] [DEBUG] debug-file - Module 'entry' target 'default' build option initialized
[2026-04-19T18:27:28.501] [INFO] debug-file - Finished ::clean... after 1 ms 
[2026-04-19T18:27:28.472] [DEBUG] debug-file - End initialize module-target build option map, moduleName=entry
[2026-04-19T18:27:28.529] [DEBUG] debug-file - Current busy worker size: 0.
[2026-04-19T18:27:28.501] [DEBUG] debug-file - Executing task :entry:init
[2026-04-19T18:27:28.473] [DEBUG] debug-file - Start initialize module-target build option map, moduleName=entry, buildMode=debug
[2026-04-19T18:27:28.502] [DEBUG] debug-file - entry : init cost memory 0.01624298095703125
[2026-04-19T18:27:28.529] [DEBUG] debug-file - Clear worker 1.
[2026-04-19T18:27:28.473] [DEBUG] debug-file - Target 'default' config initialized
[2026-04-19T18:27:28.502] [DEBUG] debug-file - runTaskFromQueue task cost before running: 29 s 265 ms 
[2026-04-19T18:27:28.529] [DEBUG] debug-file - Worker 1 has been cleared.
[2026-04-19T18:27:28.473] [DEBUG] debug-file - Module 'entry' target 'default' build option initialized
[2026-04-19T18:27:28.502] [INFO] debug-file - Finished :entry:init... after 1 ms 
[2026-04-19T18:27:28.529] [DEBUG] debug-file - Current idle worker size: 0.
[2026-04-19T18:27:28.473] [DEBUG] debug-file - End initialize module-target build option map, moduleName=entry
[2026-04-19T18:27:28.502] [DEBUG] debug-file - Executing task ::init
[2026-04-19T18:27:28.529] [DEBUG] debug-file - Current busy worker size: 0.
[2026-04-19T18:27:28.473] [DEBUG] debug-file - Obtain build option for module 'entry' target 'default'in this build.
[2026-04-19T18:27:28.502] [DEBUG] debug-file - Rdb : init cost memory 0.0140838623046875
[2026-04-19T18:27:28.530] [DEBUG] debug-file - hvigor build process will be closed.
[2026-04-19T18:27:28.478] [DEBUG] debug-file - Module entry task initialization takes 4 ms 
[2026-04-19T18:27:28.502] [DEBUG] debug-file - runTaskFromQueue task cost before running: 29 s 265 ms 
[2026-04-19T18:27:28.536] [DEBUG] debug-file - worker[0] exits with exit code 0.
[2026-04-19T18:27:28.478] [DEBUG] debug-file - Hap plugin register hook start...
[2026-04-19T18:27:28.502] [INFO] debug-file - Finished ::init... after 1 ms 
[2026-04-19T18:27:28.536] [DEBUG] debug-file - worker[1] exits with exit code 0.
[2026-04-19T18:27:28.478] [DEBUG] debug-file - Hap plugin register hook end...
[2026-04-19T18:27:28.513] [DEBUG] debug-file - Obtain build option for module 'entry' target 'default'in this build.
[2026-04-19T18:27:28.536] [DEBUG] debug-file - Current worker pool is terminated.
[2026-04-19T18:27:28.478] [DEBUG] debug-file - Plugin build process completed
[2026-04-19T18:27:28.523] [DEBUG] debug-file - Since there is no instance or instance is terminated, create a new worker pool.
[2026-04-19T18:27:28.478] [DEBUG] debug-file - hvigorfile, resolve finished D:\Harmonyos\Rdb\entry\hvigorfile.ts
[2026-04-19T18:27:28.523] [DEBUG] debug-file - Worker pool is initialized with config:  {
  minPoolNum: 2,
  maxPoolNum: undefined,
  maxCoreSize: undefined,
  cacheCapacity: undefined,
  cacheTtl: undefined
}
[2026-04-19T18:37:57.181] [DEBUG] debug-file - begin to create new key files
[2026-04-19T18:37:56.998] [DEBUG] debug-file - env: nodejsVersion=v18.20.1
[2026-04-19T18:37:57.212] [DEBUG] debug-file - env: daemon=true
[2026-04-19T18:37:57.000] [DEBUG] debug-file - env: hvigor-config.json5 content = {
  modelVersion: '5.1.1',
  dependencies: {},
  execution: {},
  logging: {},
  debugging: {}
}
[2026-04-19T18:37:59.620] [DEBUG] debug-file - java daemon started at port 45050 pid 30000
[2026-04-19T18:37:59.696] [DEBUG] debug-file - session manager: set active socket. socketId=_5aOI3tNkrTRVpH5AAAB
[2026-04-19T18:38:00.367] [DEBUG] debug-file - watch worker: worker id should be larger than 0. Nothing will be sent to any worker thread.
[2026-04-19T18:38:00.371] [DEBUG] debug-file - Since there is no instance or instance is terminated, create a new worker pool.
[2026-04-19T18:38:00.372] [DEBUG] debug-file - Worker pool is initialized with config:  {
  minPoolNum: 2,
  maxPoolNum: undefined,
  maxCoreSize: undefined,
  cacheCapacity: undefined,
  cacheTtl: undefined
}
[2026-04-19T18:38:00.373] [DEBUG] debug-file - Create  resident worker with id: 0.
[2026-04-19T18:38:00.375] [DEBUG] debug-file - Create  resident worker with id: 1.
[2026-04-19T18:38:00.379] [DEBUG] debug-file - Workers' log level updated to INFO
[2026-04-19T18:38:00.386] [DEBUG] debug-file - Hvigor init with startParameters:{
  hvigorfileTypeCheck: false,
  parallelExecution: true,
  incrementalExecution: true,
  printStackTrace: false,
  daemon: true,
  analyze: 0,
  logLevel: Level { level: 20000, levelStr: 'INFO', colour: 'green' },
  optimizationStrategy: 'memory',
  hotCompile: undefined,
  hotReloadBuild: undefined,
  customizedParam: undefined
}
[2026-04-19T18:38:00.388] [DEBUG] debug-file - Cache service initialization finished in 2 ms 
[2026-04-19T18:38:00.391] [DEBUG] debug-file - hvigorfile, resolving D:\Harmonyos\Rdb\hvigorfile.ts
[2026-04-19T18:38:02.232] [DEBUG] debug-file - hvigorfile, require result:  {}
[2026-04-19T18:38:02.232] [DEBUG] debug-file - hvigorfile, binding system plugins {}
[2026-04-19T18:38:02.233] [DEBUG] debug-file - Starting plugin build process
[2026-04-19T18:38:02.233] [DEBUG] debug-file - App plugin prepare start...
[2026-04-19T18:38:02.233] [DEBUG] debug-file - App plugin prepare end...
[2026-04-19T18:38:02.233] [DEBUG] debug-file - App plugin creating...
[2026-04-19T18:38:02.401] [DEBUG] debug-file - App plugin register hook start...
[2026-04-19T18:38:02.401] [DEBUG] debug-file - App plugin register hook end...
[2026-04-19T18:38:02.401] [DEBUG] debug-file - Plugin build process completed
[2026-04-19T18:38:02.403] [DEBUG] debug-file - Start initialize project's product build option map with build mode debug.
[2026-04-19T18:38:02.403] [DEBUG] debug-file - Picking option from product 'default' with build mode 'debug'.
[2026-04-19T18:38:02.403] [DEBUG] debug-file - Product 'default' build option initialized
[2026-04-19T18:38:02.404] [DEBUG] debug-file - End initialize project's product build option map with build mode 'debug'.
[2026-04-19T18:38:02.406] [DEBUG] debug-file - Obtain build option for product 'default'in this build.
[2026-04-19T18:38:02.408] [DEBUG] debug-file - No signingConfig found, initRemoteHspCache failed.
[2026-04-19T18:38:02.410] [DEBUG] debug-file - Local scan or download HarmonyOS sdk components toolchains,ets,js,native,previewer
[2026-04-19T18:38:02.412] [DEBUG] debug-file - Local scan or download hmscore sdk components toolchains,ets,native
[2026-04-19T18:38:02.414] [DEBUG] debug-file - Start recording SDK configuration permission data.
[2026-04-19T18:38:02.449] [DEBUG] debug-file - Sdk init in 41 ms 
[2026-04-19T18:38:02.454] [DEBUG] debug-file - Project task initialization takes 4 ms 
[2026-04-19T18:38:02.454] [DEBUG] debug-file - hvigorfile, resolve finished D:\Harmonyos\Rdb\hvigorfile.ts
[2026-04-19T18:38:02.455] [DEBUG] debug-file - hvigorfile, resolving D:\Harmonyos\Rdb\entry\hvigorfile.ts
[2026-04-19T18:38:02.459] [DEBUG] debug-file - hvigorfile, require result:  {}
[2026-04-19T18:38:02.459] [DEBUG] debug-file - hvigorfile, binding system plugins {}
[2026-04-19T18:38:02.460] [DEBUG] debug-file - Starting plugin build process
[2026-04-19T18:38:02.460] [DEBUG] debug-file - Hap plugin creating...
[2026-04-19T18:38:02.461] [DEBUG] debug-file - failed to load cangjie to dynamically generate schemas: Error: Cannot find module '@ohos/cangjie-build-support/index'
Require stack:
- C:\Program Files\Huawei\DevEco Studio\tools\hvigor\hvigor-ohos-plugin\src\plugin\hooks\cangjie-register.js
- C:\Program Files\Huawei\DevEco Studio\tools\hvigor\hvigor-ohos-plugin\src\plugin\strategy\stage-init-strategy.js
- C:\Program Files\Huawei\DevEco Studio\tools\hvigor\hvigor-ohos-plugin\src\plugin\builder\abstract-plugin-builder.js
- C:\Program Files\Huawei\DevEco Studio\tools\hvigor\hvigor-ohos-plugin\src\plugin\builder\app-plugin-builder.js
- C:\Program Files\Huawei\DevEco Studio\tools\hvigor\hvigor-ohos-plugin\src\plugin\factory\plugin-factory.js
- C:\Program Files\Huawei\DevEco Studio\tools\hvigor\hvigor-ohos-plugin\index.js
- D:\Harmonyos\Rdb\hvigorfile.ts
- C:\Program Files\Huawei\DevEco Studio\tools\hvigor\hvigor\src\base\internal\lifecycle\configuration.js
- C:\Program Files\Huawei\DevEco Studio\tools\hvigor\hvigor\src\base\boot\index.js
- C:\Program Files\Huawei\DevEco Studio\tools\hvigor\hvigor\src\base\daemon\cluster\worker-process-lifecycle.js
- C:\Program Files\Huawei\DevEco Studio\tools\hvigor\hvigor\src\base\daemon\process\daemon-process-boot-script.js
[2026-04-19T18:38:02.471] [DEBUG] debug-file - Start initialize module-target build option map, moduleName=entry, buildMode=release
[2026-04-19T18:38:02.471] [DEBUG] debug-file - Target 'default' config initialized
[2026-04-19T18:38:02.471] [DEBUG] debug-file - Module 'entry' target 'default' build option initialized
[2026-04-19T18:38:02.472] [DEBUG] debug-file - End initialize module-target build option map, moduleName=entry
[2026-04-19T18:38:02.472] [DEBUG] debug-file - Start initialize module-target build option map, moduleName=entry, buildMode=debug
[2026-04-19T18:38:02.472] [DEBUG] debug-file - Target 'default' config initialized
[2026-04-19T18:38:02.472] [DEBUG] debug-file - Module 'entry' target 'default' build option initialized
[2026-04-19T18:38:02.472] [DEBUG] debug-file - End initialize module-target build option map, moduleName=entry
[2026-04-19T18:38:02.473] [DEBUG] debug-file - Start initialize module-target build option map, moduleName=entry, buildMode=debug
[2026-04-19T18:38:02.473] [DEBUG] debug-file - Target 'default' config initialized
[2026-04-19T18:38:02.474] [DEBUG] debug-file - Module 'entry' target 'default' build option initialized
[2026-04-19T18:38:02.474] [DEBUG] debug-file - End initialize module-target build option map, moduleName=entry
[2026-04-19T18:38:02.474] [DEBUG] debug-file - Obtain build option for module 'entry' target 'default'in this build.
[2026-04-19T18:38:02.479] [DEBUG] debug-file - Module entry task initialization takes 4 ms 
[2026-04-19T18:38:02.479] [DEBUG] debug-file - Hap plugin register hook start...
[2026-04-19T18:38:02.479] [DEBUG] debug-file - Hap plugin register hook end...
[2026-04-19T18:38:02.479] [DEBUG] debug-file - Plugin build process completed
[2026-04-19T18:38:02.479] [DEBUG] debug-file - hvigorfile, resolve finished D:\Harmonyos\Rdb\entry\hvigorfile.ts
[2026-04-19T18:38:02.542] [DEBUG] debug-file - hvigorfile, resolve hvigorfile dependencies in 63 ms 
[2026-04-19T18:38:02.543] [DEBUG] debug-file - project has submodules:entry
[2026-04-19T18:38:02.545] [DEBUG] debug-file - start to load updatedOhPackageInfo to the disk
[2026-04-19T18:38:02.549] [DEBUG] debug-file - load to the disk finished
[2026-04-19T18:38:02.550] [DEBUG] debug-file - Start to initialize dependency information.
[2026-04-19T18:38:02.552] [DEBUG] debug-file - Module Rdb Collected Dependency: 
[2026-04-19T18:38:02.552] [DEBUG] debug-file - Module Rdb's total dependency: 0
[2026-04-19T18:38:02.553] [DEBUG] debug-file - Start to initialize dependency information.
[2026-04-19T18:38:02.555] [DEBUG] debug-file - Module entry Collected Dependency: 
[2026-04-19T18:38:02.555] [DEBUG] debug-file - Module entry's total dependency: 0
[2026-04-19T18:38:02.559] [DEBUG] debug-file - Configuration phase cost:2 s 170 ms 
[2026-04-19T18:38:02.561] [DEBUG] debug-file - Configuration task cost before running: 2 s 182 ms 
[2026-04-19T18:38:02.567] [DEBUG] debug-file - Executing task :entry:default@PreBuild
[2026-04-19T18:38:02.569] [DEBUG] debug-file - Task 'entry:default@PreBuild' cost while wrapping incremental declarations: 1 ms 
[2026-04-19T18:38:02.736] [DEBUG] debug-file - current product is not Atomic service.
[2026-04-19T18:38:02.737] [DEBUG] debug-file - Use tool [win32: JAVA_HOME, CLASSPATH]
 [
  { JAVA_HOME: 'C:\\Program Files\\Huawei\\DevEco Studio\\jbr' },
  { CLASSPATH: undefined }
]
[2026-04-19T18:38:02.737] [DEBUG] debug-file - Use tool [win32: NODE_HOME]
 [
  {
    NODE_HOME: 'C:\\Program Files\\Huawei\\DevEco Studio\\tools\\node'
  }
]
[2026-04-19T18:38:02.738] [DEBUG] debug-file - entry : default@PreBuild cost memory 11.470146179199219
[2026-04-19T18:38:02.738] [DEBUG] debug-file - runTaskFromQueue task cost before running: 2 s 359 ms 
[2026-04-19T18:38:02.739] [INFO] debug-file - Finished :entry:default@PreBuild... after 171 ms 
[2026-04-19T18:38:02.740] [DEBUG] debug-file - Executing task :entry:default@CreateModuleInfo
[2026-04-19T18:38:02.741] [DEBUG] debug-file - Task 'entry:default@CreateModuleInfo' cost while wrapping incremental declarations: 1 ms 
[2026-04-19T18:38:02.741] [DEBUG] debug-file - entry : default@CreateModuleInfo cost memory 0.0424652099609375
[2026-04-19T18:38:02.741] [DEBUG] debug-file - runTaskFromQueue task cost before running: 2 s 362 ms 
[2026-04-19T18:38:02.741] [INFO] debug-file - Finished :entry:default@CreateModuleInfo... after 1 ms 
[2026-04-19T18:38:02.742] [DEBUG] debug-file - Executing task :entry:default@GenerateMetadata
[2026-04-19T18:38:02.743] [DEBUG] debug-file - Task 'entry:default@GenerateMetadata' cost while wrapping incremental declarations: 1 ms 
[2026-04-19T18:38:02.745] [DEBUG] debug-file - entry : default@GenerateMetadata cost memory 0.06148529052734375
[2026-04-19T18:38:02.745] [DEBUG] debug-file - runTaskFromQueue task cost before running: 2 s 367 ms 
[2026-04-19T18:38:02.746] [INFO] debug-file - Finished :entry:default@GenerateMetadata... after 4 ms 
[2026-04-19T18:38:02.747] [DEBUG] debug-file - Executing task :entry:default@ConfigureCmake
[2026-04-19T18:38:02.748] [DEBUG] debug-file - entry : default@ConfigureCmake cost memory 0.0145263671875
[2026-04-19T18:38:02.748] [DEBUG] debug-file - runTaskFromQueue task cost before running: 2 s 369 ms 
[2026-04-19T18:38:02.748] [INFO] debug-file - Finished :entry:default@ConfigureCmake... after 1 ms 
[2026-04-19T18:38:02.750] [DEBUG] debug-file - Executing task :entry:default@MergeProfile
[2026-04-19T18:38:02.750] [DEBUG] debug-file - Task 'entry:default@MergeProfile' cost while wrapping incremental declarations: 1 ms 
[2026-04-19T18:38:02.751] [DEBUG] debug-file - Change app api release type with 'Release'
[2026-04-19T18:38:02.752] [DEBUG] debug-file - Change app compile API version with '6.0.2.130'
[2026-04-19T18:38:02.752] [DEBUG] debug-file - Change app target API version with '60002022'
[2026-04-19T18:38:02.752] [DEBUG] debug-file - Change app minimum API version with '50005017'
[2026-04-19T18:38:02.752] [DEBUG] debug-file - Use cli appEnvironment
[2026-04-19T18:38:02.754] [DEBUG] debug-file - entry : default@MergeProfile cost memory 0.15811920166015625
[2026-04-19T18:38:02.754] [DEBUG] debug-file - runTaskFromQueue task cost before running: 2 s 376 ms 
[2026-04-19T18:38:02.755] [INFO] debug-file - Finished :entry:default@MergeProfile... after 5 ms 
[2026-04-19T18:38:02.756] [DEBUG] debug-file - Executing task :entry:default@CreateBuildProfile
[2026-04-19T18:38:02.757] [DEBUG] debug-file - Task 'entry:default@CreateBuildProfile' cost while wrapping incremental declarations: 1 ms 
[2026-04-19T18:38:02.759] [DEBUG] debug-file - entry : default@CreateBuildProfile cost memory 0.0637054443359375
[2026-04-19T18:38:02.759] [DEBUG] debug-file - runTaskFromQueue task cost before running: 2 s 380 ms 
[2026-04-19T18:38:02.760] [INFO] debug-file - Finished :entry:default@CreateBuildProfile... after 3 ms 
[2026-04-19T18:38:02.761] [DEBUG] debug-file - Executing task :entry:default@PreCheckSyscap
[2026-04-19T18:38:02.761] [DEBUG] debug-file - entry : default@PreCheckSyscap cost memory 0.01476287841796875
[2026-04-19T18:38:02.761] [DEBUG] debug-file - runTaskFromQueue task cost before running: 2 s 382 ms 
[2026-04-19T18:38:02.761] [INFO] debug-file - Finished :entry:default@PreCheckSyscap... after 1 ms 
[2026-04-19T18:38:02.763] [DEBUG] debug-file - Executing task :entry:default@GeneratePkgContextInfo
[2026-04-19T18:38:02.772] [DEBUG] debug-file - Task 'entry:default@GeneratePkgContextInfo' cost while wrapping incremental declarations: 1 ms 
[2026-04-19T18:38:02.772] [DEBUG] debug-file - entry : default@GeneratePkgContextInfo cost memory 0.46228790283203125
[2026-04-19T18:38:02.773] [DEBUG] debug-file - runTaskFromQueue task cost before running: 2 s 394 ms 
[2026-04-19T18:38:02.773] [INFO] debug-file - Finished :entry:default@GeneratePkgContextInfo... after 10 ms 
[2026-04-19T18:38:02.776] [DEBUG] debug-file - Executing task :entry:default@ProcessIntegratedHsp
[2026-04-19T18:38:02.776] [DEBUG] debug-file - entry : default@ProcessIntegratedHsp cost memory 0.0287017822265625
[2026-04-19T18:38:02.777] [DEBUG] debug-file - runTaskFromQueue task cost before running: 2 s 398 ms 
[2026-04-19T18:38:02.777] [INFO] debug-file - Finished :entry:default@ProcessIntegratedHsp... after 1 ms 
[2026-04-19T18:38:02.778] [DEBUG] debug-file - Executing task :entry:default@BuildNativeWithCmake
[2026-04-19T18:38:02.778] [DEBUG] debug-file - entry : default@BuildNativeWithCmake cost memory 0.0149078369140625
[2026-04-19T18:38:02.778] [DEBUG] debug-file - runTaskFromQueue task cost before running: 2 s 399 ms 
[2026-04-19T18:38:02.778] [INFO] debug-file - Finished :entry:default@BuildNativeWithCmake... after 1 ms 
[2026-04-19T18:38:02.780] [DEBUG] debug-file - Executing task :entry:default@MakePackInfo
[2026-04-19T18:38:02.781] [DEBUG] debug-file - Module Pack Info:  {
  summary: {
    app: { bundleName: 'c***b', bundleType: 'app', version: [Object] },
    modules: [ [Object] ]
  },
  packages: [
    {
      deviceType: [Array],
      moduleType: 'entry',
      deliveryWithInstall: true,
      name: 'entry-default'
    }
  ]
}
[2026-04-19T18:38:02.783] [DEBUG] debug-file - entry : default@MakePackInfo cost memory 0.101409912109375
[2026-04-19T18:38:02.783] [DEBUG] debug-file - runTaskFromQueue task cost before running: 2 s 404 ms 
[2026-04-19T18:38:02.783] [INFO] debug-file - Finished :entry:default@MakePackInfo... after 4 ms 
[2026-04-19T18:38:02.785] [DEBUG] debug-file - Executing task :entry:default@SyscapTransform
[2026-04-19T18:38:02.785] [DEBUG] debug-file - File: 'D:\Harmonyos\Rdb\entry\src\main\syscap.json' from 'sysCapJsonPath' is not exists, just ignore.
[2026-04-19T18:38:02.786] [DEBUG] debug-file - Task 'entry:default@SyscapTransform' cost while wrapping incremental declarations: 1 ms 
[2026-04-19T18:38:02.787] [DEBUG] debug-file - entry : default@SyscapTransform cost memory 0.0858612060546875
[2026-04-19T18:38:02.787] [DEBUG] debug-file - runTaskFromQueue task cost before running: 2 s 408 ms 
[2026-04-19T18:38:02.787] [INFO] debug-file - Finished :entry:default@SyscapTransform... after 2 ms 
[2026-04-19T18:38:02.789] [DEBUG] debug-file - Executing task :entry:default@ProcessProfile
[2026-04-19T18:38:02.790] [DEBUG] debug-file - Task 'entry:default@ProcessProfile' cost while wrapping incremental declarations: 1 ms 
[2026-04-19T18:38:02.792] [DEBUG] debug-file - [
  'C:\\Program Files\\Huawei\\DevEco Studio\\tools\\node\\node.exe',
  'C:\\Program Files\\Huawei\\DevEco Studio\\sdk\\default\\openharmony\\ets\\build-tools\\ets-loader\\bin\\ark\\ts2abc.js',
  '--target-api-version',
  '17'
]
[2026-04-19T18:38:03.947] [DEBUG] debug-file - 12.0.6.0
[2026-04-19T18:38:03.949] [DEBUG] debug-file - No need to add fake ui ability because of not in preview process.
[2026-04-19T18:38:03.949] [DEBUG] debug-file - entry : default@ProcessProfile cost memory 2.5483856201171875
[2026-04-19T18:38:03.950] [DEBUG] debug-file - runTaskFromQueue task cost before running: 3 s 571 ms 
[2026-04-19T18:38:03.950] [INFO] debug-file - Finished :entry:default@ProcessProfile... after 1 s 161 ms 
[2026-04-19T18:38:03.951] [DEBUG] debug-file - Executing task :entry:default@ProcessRouterMap
[2026-04-19T18:38:03.954] [DEBUG] debug-file - entry : default@ProcessRouterMap cost memory 0.0792083740234375
[2026-04-19T18:38:03.954] [DEBUG] debug-file - runTaskFromQueue task cost before running: 3 s 575 ms 
[2026-04-19T18:38:03.955] [INFO] debug-file - Finished :entry:default@ProcessRouterMap... after 4 ms 
[2026-04-19T18:38:03.956] [DEBUG] debug-file - Executing task :entry:default@ProcessShareConfig
[2026-04-19T18:38:03.959] [DEBUG] debug-file - entry : default@ProcessShareConfig cost memory 0.06183624267578125
[2026-04-19T18:38:03.959] [DEBUG] debug-file - runTaskFromQueue task cost before running: 3 s 580 ms 
[2026-04-19T18:38:03.959] [INFO] debug-file - Finished :entry:default@ProcessShareConfig... after 4 ms 
[2026-04-19T18:38:03.961] [DEBUG] debug-file - Executing task :entry:default@ProcessStartupConfig
[2026-04-19T18:38:03.961] [DEBUG] debug-file - Task 'entry:default@ProcessStartupConfig' cost while wrapping incremental declarations: 1 ms 
[2026-04-19T18:38:03.962] [DEBUG] debug-file - entry : default@ProcessStartupConfig cost memory 0.05730438232421875
[2026-04-19T18:38:03.962] [DEBUG] debug-file - runTaskFromQueue task cost before running: 3 s 583 ms 
[2026-04-19T18:38:03.962] [INFO] debug-file - Finished :entry:default@ProcessStartupConfig... after 2 ms 
[2026-04-19T18:38:03.963] [DEBUG] debug-file - Executing task :entry:default@BuildNativeWithNinja
[2026-04-19T18:38:03.964] [DEBUG] debug-file - entry : default@BuildNativeWithNinja cost memory 0.0260772705078125
[2026-04-19T18:38:03.964] [DEBUG] debug-file - runTaskFromQueue task cost before running: 3 s 585 ms 
[2026-04-19T18:38:03.965] [INFO] debug-file - Finished :entry:default@BuildNativeWithNinja... after 2 ms 
[2026-04-19T18:38:03.966] [DEBUG] debug-file - restool module names: entry; moduleName=entry, taskName=default@ProcessResource
[2026-04-19T18:38:03.973] [DEBUG] debug-file - Executing task :entry:default@ProcessResource
[2026-04-19T18:38:03.973] [DEBUG] debug-file - Task 'entry:default@ProcessResource' cost while wrapping incremental declarations: 1 ms 
[2026-04-19T18:38:03.975] [DEBUG] debug-file - entry : default@ProcessResource cost memory 0.10553741455078125
[2026-04-19T18:38:03.975] [DEBUG] debug-file - runTaskFromQueue task cost before running: 3 s 597 ms 
[2026-04-19T18:38:03.976] [INFO] debug-file - Finished :entry:default@ProcessResource... after 9 ms 
[2026-04-19T18:38:03.982] [DEBUG] debug-file - Executing task :entry:default@GenerateLoaderJson
[2026-04-19T18:38:03.983] [DEBUG] debug-file - Task 'entry:default@GenerateLoaderJson' cost while wrapping incremental declarations: 1 ms 
[2026-04-19T18:38:03.991] [DEBUG] debug-file - entry : default@GenerateLoaderJson cost memory 0.44866943359375
[2026-04-19T18:38:03.991] [DEBUG] debug-file - runTaskFromQueue task cost before running: 3 s 612 ms 
[2026-04-19T18:38:03.994] [INFO] debug-file - Finished :entry:default@GenerateLoaderJson... after 9 ms 
[2026-04-19T18:38:03.995] [DEBUG] debug-file - Executing task :entry:default@ProcessLibs
[2026-04-19T18:38:04.001] [DEBUG] debug-file - Worker dispatch failed, running processLibs on main thread.
[2026-04-19T18:38:04.002] [DEBUG] debug-file - entry : default@ProcessLibs cost memory 0.31800079345703125
[2026-04-19T18:38:04.002] [DEBUG] debug-file - runTaskFromQueue task cost before running: 3 s 623 ms 
[2026-04-19T18:38:04.002] [INFO] debug-file - Finished :entry:default@ProcessLibs... after 7 ms 
[2026-04-19T18:38:04.004] [DEBUG] debug-file - restool module names: entry; moduleName=entry, taskName=default@CompileResource
[2026-04-19T18:38:04.004] [DEBUG] debug-file - Executing task :entry:default@CompileResource
[2026-04-19T18:38:04.095] [DEBUG] debug-file - Use tool [C:\Program Files\Huawei\DevEco Studio\sdk\default\openharmony\toolchains\restool.exe]
 [
  'C:\\Program Files\\Huawei\\DevEco Studio\\sdk\\default\\openharmony\\toolchains\\restool.exe',
  '-l',
  'D:\\Harmonyos\\Rdb\\entry\\build\\default\\intermediates\\res\\default\\resConfig.json'
]
[2026-04-19T18:38:04.097] [DEBUG] debug-file - current process  memoryUsage: {
  rss: 291905536,
  heapTotal: 184258560,
  heapUsed: 150306280,
  external: 3437492,
  arrayBuffers: 536259
} os memoryUsage :13.57540512084961
[2026-04-19T18:38:04.331] [DEBUG] debug-file - Info: Pack: normal pack mode

[2026-04-19T18:38:04.696] [DEBUG] debug-file - Info: hardware concurrency count is : 18
Info: thread count is : 18

[2026-04-19T18:38:04.696] [DEBUG] debug-file - Info: thread pool is started

[2026-04-19T18:38:04.696] [DEBUG] debug-file - Info: GenericCompiler::CompileFiles

[2026-04-19T18:38:04.715] [DEBUG] debug-file - Info: GenericCompiler::CompileFiles

[2026-04-19T18:38:04.721] [DEBUG] debug-file - Info: GenericCompiler::CompileFiles

[2026-04-19T18:38:04.730] [DEBUG] debug-file - 04-19 18:38:04.730 19424 11784 E C01400/ImageTranscoderUtils: DecodeToRGBA IN

[2026-04-19T18:38:04.730] [DEBUG] debug-file - 04-19 18:38:04.730 19424 11784 E C01400/ImageTranscoderUtils: ImageFilter IN D:\Harmonyos\Rdb\AppScope\resources\base\media\app_icon.png

[2026-04-19T18:38:04.746] [DEBUG] debug-file - 04-19 18:38:04.746 19424 11784 E C01400/ImageTranscoder: TranscodeSLR Only zoom-out is supported.

[2026-04-19T18:38:04.746] [DEBUG] debug-file - Warning: ScaleImage failed, error message: INVALID_PARAMETERS, file path = D:\Harmonyos\Rdb\AppScope\resources\base\media\app_icon.png

[2026-04-19T18:38:04.748] [DEBUG] debug-file - 04-19 18:38:04.748 19424 11784 E C01400/ImageTranscoderUtils: DecodeToRGBA IN
04-19 18:38:04.748 19424 11784 E C01400/ImageTranscoderUtils: ImageFilter IN D:\Harmonyos\Rdb\entry\src\main\resources\base\media\icon.png

[2026-04-19T18:38:04.750] [DEBUG] debug-file - 04-19 18:38:04.750 19424 11784 E C01400/ImageTranscoder: TranscodeSLR Only zoom-out is supported.

[2026-04-19T18:38:04.750] [DEBUG] debug-file - Warning: ScaleImage failed, error message: INVALID_PARAMETERS, file path = D:\Harmonyos\Rdb\entry\src\main\resources\base\media\icon.png

[2026-04-19T18:38:04.753] [DEBUG] debug-file - Warning: The width or height of the png file referenced by the icon exceeds the limit (41 pixels)
at D:\Harmonyos\Rdb\AppScope\resources\base\media\app_icon.png

[2026-04-19T18:38:04.753] [DEBUG] debug-file - Warning: The width or height of the png file referenced by the icon exceeds the limit (41 pixels)
at D:\Harmonyos\Rdb\entry\src\main\resources\base\media\icon.png

[2026-04-19T18:38:04.754] [DEBUG] debug-file - Info: restool resources compile success.

[2026-04-19T18:38:04.755] [DEBUG] debug-file - Info: thread pool is stopped

[2026-04-19T18:38:04.818] [DEBUG] debug-file - entry : default@CompileResource cost memory -25.27557373046875
[2026-04-19T18:38:04.819] [DEBUG] debug-file - runTaskFromQueue task cost before running: 4 s 440 ms 
[2026-04-19T18:38:04.819] [INFO] debug-file - Finished :entry:default@CompileResource... after 815 ms 
[2026-04-19T18:38:04.820] [DEBUG] debug-file - Executing task :entry:default@DoNativeStrip
[2026-04-19T18:38:04.820] [DEBUG] debug-file - Task 'entry:default@DoNativeStrip' cost while wrapping incremental declarations: 1 ms 
[2026-04-19T18:38:04.822] [DEBUG] debug-file - entry : default@DoNativeStrip cost memory 0.06189727783203125
[2026-04-19T18:38:04.822] [DEBUG] debug-file - runTaskFromQueue task cost before running: 4 s 443 ms 
[2026-04-19T18:38:04.822] [INFO] debug-file - Finished :entry:default@DoNativeStrip... after 2 ms 
[2026-04-19T18:38:04.824] [DEBUG] debug-file - Executing task :entry:default@CompileArkTS
[2026-04-19T18:38:04.824] [DEBUG] debug-file - obfuscationOptions: undefined
[2026-04-19T18:38:04.825] [DEBUG] debug-file - Task 'entry:default@CompileArkTS' cost while wrapping incremental declarations: 1 ms 
[2026-04-19T18:38:04.839] [DEBUG] debug-file - build config:
[2026-04-19T18:38:04.839] [DEBUG] debug-file - {
  moduleType: 'entry',
  perf: 0,
  targetName: '.default',
  packageManagerType: 'ohpm',
  localPropertiesPath: 'D:\\Harmonyos\\Rdb\\local.properties',
  isPreview: false,
  isOhosTest: false,
  isLocalTest: false,
  buildMode: 'Debug',
  hotReloadBuild: undefined,
  watchMode: 'false',
  aceProfilePath: 'D:\\Harmonyos\\Rdb\\entry\\build\\default\\intermediates\\res\\default\\resources\\base\\profile',
  etsLoaderPath: 'C:\\Program Files\\Huawei\\DevEco Studio\\sdk\\default\\openharmony\\ets\\build-tools\\ets-loader',
  modulePath: 'D:\\Harmonyos\\Rdb\\entry',
  testFrameworkPar: {
    testMode: undefined,
    coveragePathFilter: undefined,
    coverageMode: undefined
  },
  needCoverageInsert: false,
  debugLine: false,
  projectTopDir: 'D:\\Harmonyos\\Rdb',
  compileSdkVersion: 22,
  compatibleSdkVersion: 17,
  originCompatibleSdkVersion: '5.0.5(17)',
  compatibleSdkVersionStage: undefined,
  bundleName: 'c***b',
  etsLoaderVersion: '6.0.2.130',
  etsLoaderReleaseType: 'Release',
  aotCompileMode: 'type',
  apPath: 'D:\\Harmonyos\\Rdb\\entry\\modules.ap',
  entryModuleName: 'entry',
  entryModuleVersion: '1.0.0',
  entryPackageName: 'entry',
  allModuleNameHash: '199d9c189e05aafae23be9098c561ff961e0b37017b028c869204eaf5bb9b356',
  externalApiPaths: [
    'C:\\Program Files\\Huawei\\DevEco Studio\\sdk\\default\\hms\\ets'
  ],
  compilerTypes: [],
  isCrossplatform: false,
  hvigorPluginFile: undefined,
  compilePluginPath: undefined,
  buildGeneratedProfilePath: 'D:\\Harmonyos\\Rdb\\entry\\build\\default\\generated\\profile\\default',
  bundleType: 'app',
  arkTSVersion: undefined,
  apiVersion: 22,
  needCompleteSourcesMap: false,
  isFaMode: false,
  buildDir: 'D:\\Harmonyos\\Rdb\\entry\\build',
  deviceTypes: [ 'phone' ],
  pkgContextInfo: undefined,
  ohPackagePathMap: {},
  dependencyAliasMap: {},
  permission: { requestPermissions: [ [Object] ], definePermissions: undefined },
  useGetCurrentBundleName: false,
  projectArkOption: undefined,
  sourceMapDir: undefined,
  branchElimination: false,
  transformLib: undefined,
  tsImportSendable: false,
  resolveConflictMode: true,
  depName2RootPath: {},
  depName2DepInfo: {},
  rootPathSet: [ 'D:\\Harmonyos\\Rdb' ],
  useNativeResolver: true,
  shouldEmitJs: true,
  useTscResolve: false,
  singleFileEmit: false,
  userProjectConfig: {
    autoLazyImport: false,
    allowEmptyBundleName: false,
    reExportCheckMode: 'noCheck',
    executionMode: 'memory',
    usePathPlaceholder: false,
    writeRollupCache: true,
    isExpandImportEnabled: false,
    expandImportExclude: '',
    lazyImportExclude: '',
    lazyImportInclude: '',
    ignoreCrossplatformCheck: false,
    isHarDeduplicateEnabled: false,
    skipOhModulesLint: false,
    enableStrictCheckOHModule: false,
    disableSendableCheckRules: [],
    useDeclarationFileSignature: false,
    customizedOptions: undefined,
    integratedHsp: false,
    isPreloadSoEnabled: false
  },
  executionMode: 'memory',
  arkCompileCachePath: 'D:\\Harmonyos\\Rdb\\entry\\build\\default\\cache\\default\\default@CompileArkTS\\esmodule',
  autoLazyFilter: undefined,
  isHarDeduplicateEnabled: false,
  intermediateHarDuplicateDirPath: 'D:\\Harmonyos\\Rdb\\entry\\build\\default\\intermediates\\har_duplicate\\default',
  autoLazyImport: false,
  allowEmptyBundleName: false,
  reExportCheckMode: 'noCheck',
  usePathPlaceholder: false,
  writeRollupCache: true,
  isExpandImportEnabled: false,
  expandImportExclude: '',
  lazyImportExclude: '',
  lazyImportInclude: '',
  ignoreCrossplatformCheck: false,
  skipOhModulesLint: false,
  enableStrictCheckOHModule: false,
  disableSendableCheckRules: [],
  useDeclarationFileSignature: false,
  customizedOptions: undefined,
  integratedHsp: false,
  isPreloadSoEnabled: false,
  strictMode: undefined,
  useNormalizedOHMUrl: false,
  caseSensitiveCheck: false,
  aceModuleJsonPath: 'D:\\Harmonyos\\Rdb\\entry\\build\\default\\intermediates\\res\\default\\ark_module.json',
  appResource: 'D:\\Harmonyos\\Rdb\\entry\\build\\default\\intermediates\\res\\default\\ResourceTable.txt',
  rawFileResource: 'D:\\Harmonyos\\Rdb\\entry\\build\\default\\intermediates\\res\\default\\resources\\rawfile',
  resourceTableHash: '2707d2f2dc94ae5192dbc80248417d2fad63e5c1c50a56cbe1919cd8a68834dd',
  runtimeOS: 'HarmonyOS',
  sdkInfo: 'false:22:6.0.2.130:Release',
  aceModuleRoot: 'D:\\Harmonyos\\Rdb\\entry\\src\\main\\ets',
  compileMode: 'esmodule',
  aceSuperVisualPath: 'D:\\Harmonyos\\Rdb\\entry\\src\\main\\supervisual',
  aceBuildJson: 'D:\\Harmonyos\\Rdb\\entry\\build\\default\\intermediates\\loader\\default\\loader.json',
  cachePath: 'D:\\Harmonyos\\Rdb\\entry\\build\\default\\cache\\default\\default@CompileArkTS\\esmodule\\debug',
  aceModuleBuild: 'D:\\Harmonyos\\Rdb\\entry\\build\\default\\intermediates\\loader_out\\default\\ets',
  supportChunks: true,
  declaredFilesPath: undefined,
  shouldCollectDirectImportees: false,
  isByteCodeHarOptimize: false,
  expandImportPath: undefined,
  pkgNameToPkgBriefInfo: {
    entry: {
      pkgRoot: 'D:\\Harmonyos\\Rdb\\entry',
      originalSourceRoots: undefined,
      sourceRoots: [Array],
      pkgName: 'entry'
    }
  },
  projectModel: {
    'D:\\Harmonyos\\Rdb\\entry\\src\\main': {
      moduleName: 'entry',
      modulePkgPath: 'D:\\Harmonyos\\Rdb\\entry',
      belongProjectPath: 'D:\\Harmonyos\\Rdb'
    },
    'D:\\Harmonyos\\Rdb\\entry': {
      moduleName: 'entry',
      modulePkgPath: 'D:\\Harmonyos\\Rdb\\entry',
      belongProjectPath: 'D:\\Harmonyos\\Rdb'
    },
    'D:\\Harmonyos\\Rdb': {
      moduleName: 'Rdb',
      modulePkgPath: 'D:\\Harmonyos\\Rdb',
      belongProjectPath: 'D:\\Harmonyos\\Rdb'
    }
  },
  pkgJsonFileHash: 'f5ca40cbdc26d13d7bc265116dc8974464eb49b5e51f361bc7490e58a0221fc6',
  allModulePaths: [ 'D:\\Harmonyos\\Rdb\\entry' ],
  routerMap: {},
  obfuscationOptions: undefined,
  byteCodeHarToDependencyKeys: undefined,
  compileBlockPkg: [],
  mockParams: {
    decorator: '@MockSetup',
    packageName: '@ohos/hamock',
    etsSourceRootPath: 'src/main/ets',
    mockConfigPath: undefined,
    mockConfigKey2ModuleInfo: {},
    source2ModuleIdMap: {}
  },
  copyCodeResourceEnable: true,
  copyCodeResourceExcludes: [],
  copyCodeResourceIncludes: undefined,
  uiTransformOptimization: false,
  sdkPath: 'C:/Program Files/Huawei/DevEco Studio/sdk',
  needPreloadSoFileSet: {},
  preloadSoFilePath: 'D:\\Harmonyos\\Rdb\\entry\\build\\default\\intermediates\\preload\\default\\preload.json',
  useSourceHash: false,
  localModuleParamMap: {},
  otherPaths: {
    'entry/*': [
      '..\\*',
      '..\\..\\..\\build\\default\\generated\\profile\\default\\*'
    ]
  },
  collectImportersConfig: undefined
}
[2026-04-19T18:38:04.840] [DEBUG] debug-file - Compile arkts with external api path: C:\Program Files\Huawei\DevEco Studio\sdk\default\hms\ets
[2026-04-19T18:38:04.841] [DEBUG] debug-file - default@CompileArkTS work[0] is submitted.
[2026-04-19T18:38:04.841] [DEBUG] debug-file - default@CompileArkTS work[0] is pushed to ready queue.
[2026-04-19T18:38:04.842] [DEBUG] debug-file - A work dispatched to worker[17] failed because unable to get work from ready queue.
[2026-04-19T18:38:04.842] [DEBUG] debug-file - A work dispatched to worker[16] failed because unable to get work from ready queue.
[2026-04-19T18:38:04.842] [DEBUG] debug-file - A work dispatched to worker[15] failed because unable to get work from ready queue.
[2026-04-19T18:38:04.842] [DEBUG] debug-file - A work dispatched to worker[14] failed because unable to get work from ready queue.
[2026-04-19T18:38:04.842] [DEBUG] debug-file - A work dispatched to worker[13] failed because unable to get work from ready queue.
[2026-04-19T18:38:04.842] [DEBUG] debug-file - A work dispatched to worker[12] failed because unable to get work from ready queue.
[2026-04-19T18:38:04.842] [DEBUG] debug-file - A work dispatched to worker[11] failed because unable to get work from ready queue.
[2026-04-19T18:38:04.842] [DEBUG] debug-file - A work dispatched to worker[10] failed because unable to get work from ready queue.
[2026-04-19T18:38:04.842] [DEBUG] debug-file - A work dispatched to worker[9] failed because unable to get work from ready queue.
[2026-04-19T18:38:04.842] [DEBUG] debug-file - A work dispatched to worker[8] failed because unable to get work from ready queue.
[2026-04-19T18:38:04.842] [DEBUG] debug-file - A work dispatched to worker[7] failed because unable to get work from ready queue.
[2026-04-19T18:38:04.842] [DEBUG] debug-file - A work dispatched to worker[6] failed because unable to get work from ready queue.
[2026-04-19T18:38:04.842] [DEBUG] debug-file - A work dispatched to worker[5] failed because unable to get work from ready queue.
[2026-04-19T18:38:04.842] [DEBUG] debug-file - Create  resident worker with id: 4.
[2026-04-19T18:38:04.843] [DEBUG] debug-file - default@CompileArkTS work[0] has been dispatched to worker[4].
[2026-04-19T18:38:04.843] [DEBUG] debug-file - default@CompileArkTS work[0] is dispatched.
[2026-04-19T18:38:04.844] [DEBUG] debug-file - CopyResources startTime: 320486847661300
[2026-04-19T18:38:04.844] [DEBUG] debug-file - default@CompileArkTS work[1] is submitted.
[2026-04-19T18:38:04.844] [DEBUG] debug-file - default@CompileArkTS work[1] is pushed to ready queue.
[2026-04-19T18:38:04.844] [DEBUG] debug-file - A work dispatched to worker[17] failed because unable to get work from ready queue.
[2026-04-19T18:38:04.844] [DEBUG] debug-file - Create  resident worker with id: 16.
[2026-04-19T18:38:04.845] [DEBUG] debug-file - default@CompileArkTS work[1] has been dispatched to worker[16].
[2026-04-19T18:38:04.845] [DEBUG] debug-file - default@CompileArkTS work[1] is dispatched.
[2026-04-19T18:38:04.845] [DEBUG] debug-file - entry : default@CompileArkTS cost memory 1.346527099609375
[2026-04-19T18:38:04.846] [DEBUG] debug-file - Executing task :entry:default@BuildJS
[2026-04-19T18:38:04.847] [DEBUG] debug-file - Task 'entry:default@BuildJS' cost while wrapping incremental declarations: 1 ms 
[2026-04-19T18:38:04.848] [DEBUG] debug-file - entry : default@BuildJS cost memory 0.14650726318359375
[2026-04-19T18:38:04.848] [DEBUG] debug-file - runTaskFromQueue task cost before running: 4 s 469 ms 
[2026-04-19T18:38:04.849] [INFO] debug-file - Finished :entry:default@BuildJS... after 2 ms 
[2026-04-19T18:38:04.850] [DEBUG] debug-file - Executing task :entry:default@CacheNativeLibs
[2026-04-19T18:38:04.850] [DEBUG] debug-file - Task 'entry:default@CacheNativeLibs' cost while wrapping incremental declarations: 1 ms 
[2026-04-19T18:38:04.850] [DEBUG] debug-file - default@CacheNativeLibs work[2] is submitted.
[2026-04-19T18:38:04.850] [DEBUG] debug-file - default@CacheNativeLibs work[2] is pushed to ready queue.
[2026-04-19T18:38:04.851] [DEBUG] debug-file - A work dispatched to worker[17] failed because unable to get work from ready queue.
[2026-04-19T18:38:04.851] [DEBUG] debug-file - A work dispatched to worker[16] failed because of worker busy.
[2026-04-19T18:38:04.851] [DEBUG] debug-file - Create  resident worker with id: 15.
[2026-04-19T18:38:04.851] [DEBUG] debug-file - default@CacheNativeLibs work[2] has been dispatched to worker[15].
[2026-04-19T18:38:04.851] [DEBUG] debug-file - default@CacheNativeLibs work[2] is dispatched.
[2026-04-19T18:38:04.851] [DEBUG] debug-file - entry : default@CacheNativeLibs cost memory 0.17865753173828125
[2026-04-19T18:38:05.684] [DEBUG] debug-file - worker[16] has one work done.
[2026-04-19T18:38:05.684] [DEBUG] debug-file - CopyResources is end, endTime: 320487687900000
[2026-04-19T18:38:05.684] [DEBUG] debug-file - default@CompileArkTS work[1] done.
[2026-04-19T18:38:05.685] [DEBUG] debug-file - A work dispatched to worker[16] failed because unable to get work from ready queue.
[2026-04-19T18:38:05.755] [DEBUG] debug-file - worker[15] has one work done.
[2026-04-19T18:38:05.755] [DEBUG] debug-file - default@CacheNativeLibs work[2] done.
[2026-04-19T18:38:05.755] [DEBUG] debug-file - A work dispatched to worker[15] failed because unable to get work from ready queue.
[2026-04-19T18:38:05.756] [INFO] debug-file - Finished :entry:default@CacheNativeLibs... after 7 ms 
[2026-04-19T18:38:31.915] [DEBUG] debug-file - Ark compile task finished.finished time is 320513918481000
[2026-04-19T18:38:31.915] [DEBUG] debug-file - worker[4] has one work done.
[2026-04-19T18:38:31.920] [DEBUG] debug-file - default@CompileArkTS work[0] done.
[2026-04-19T18:38:31.920] [DEBUG] debug-file - A work dispatched to worker[4] failed because unable to get work from ready queue.
[2026-04-19T18:38:31.922] [INFO] debug-file - Finished :entry:default@CompileArkTS... after 24 s 931 ms 
[2026-04-19T18:38:31.923] [DEBUG] debug-file - Executing task :entry:default@GeneratePkgModuleJson
[2026-04-19T18:38:31.923] [DEBUG] debug-file - File: 'D:\Harmonyos\Rdb\entry\build\default\intermediates\preload\default\preload.json' from 'preloadSoJsonPath' is not exists, just ignore.
[2026-04-19T18:38:31.924] [DEBUG] debug-file - Error occurs while handling @Input 'shouldDeduplicateHar': The "data" argument must be of type string or an instance of Buffer, TypedArray, or DataView. Received undefined
[2026-04-19T18:38:31.924] [DEBUG] debug-file - Task 'entry:default@GeneratePkgModuleJson' cost while wrapping incremental declarations: 1 ms 
[2026-04-19T18:38:31.926] [DEBUG] debug-file - entry : default@GeneratePkgModuleJson cost memory 0.15589141845703125
[2026-04-19T18:38:31.926] [DEBUG] debug-file - runTaskFromQueue task cost before running: 31 s 547 ms 
[2026-04-19T18:38:31.927] [INFO] debug-file - Finished :entry:default@GeneratePkgModuleJson... after 4 ms 
[2026-04-19T18:38:31.927] [DEBUG] debug-file - Executing task :entry:default@ProcessCompiledResources
[2026-04-19T18:38:31.928] [DEBUG] debug-file - File: 'D:\Harmonyos\Rdb\entry\build\default\intermediates\preload\default\preload.json' from 'preloadSoJsonPath' is not exists, just ignore.
[2026-04-19T18:38:31.928] [DEBUG] debug-file - Task 'entry:default@ProcessCompiledResources' cost while wrapping incremental declarations: 1 ms 
[2026-04-19T18:38:31.928] [DEBUG] debug-file - entry : default@ProcessCompiledResources cost memory -0.8481903076171875
[2026-04-19T18:38:31.929] [DEBUG] debug-file - runTaskFromQueue task cost before running: 31 s 550 ms 
[2026-04-19T18:38:31.929] [INFO] debug-file - Finished :entry:default@ProcessCompiledResources... after 2 ms 
[2026-04-19T18:38:31.931] [DEBUG] debug-file - Executing task :entry:default@PackageHap
[2026-04-19T18:38:31.935] [DEBUG] debug-file - Use tool [C:\Program Files\Huawei\DevEco Studio\sdk\default\openharmony\toolchains\lib\app_packing_tool.jar]
 [
  'java',
  '-Dfile.encoding=GBK',
  '-jar',
  'C:\\Program Files\\Huawei\\DevEco Studio\\sdk\\default\\openharmony\\toolchains\\lib\\app_packing_tool.jar',
  '--mode',
  'hap',
  '--force',
  'true',
  '--lib-path',
  'D:\\Harmonyos\\Rdb\\entry\\build\\default\\intermediates\\stripped_native_libs\\default',
  '--json-path',
  'D:\\Harmonyos\\Rdb\\entry\\build\\default\\intermediates\\package\\default\\module.json',
  '--resources-path',
  'D:\\Harmonyos\\Rdb\\entry\\build\\default\\intermediates\\res\\default\\resources',
  '--index-path',
  'D:\\Harmonyos\\Rdb\\entry\\build\\default\\intermediates\\res\\default\\resources.index',
  '--pack-info-path',
  'D:\\Harmonyos\\Rdb\\entry\\build\\default\\outputs\\default\\pack.info',
  '--out-path',
  'D:\\Harmonyos\\Rdb\\entry\\build\\default\\outputs\\default\\entry-default-unsigned.hap',
  '--ets-path',
  'D:\\Harmonyos\\Rdb\\entry\\build\\default\\intermediates\\loader_out\\default\\ets'
]
[2026-04-19T18:38:32.360] [DEBUG] debug-file - java daemon socket received message:{"code":0,"message":"pack success"}
[2026-04-19T18:38:32.363] [DEBUG] debug-file - entry : default@PackageHap cost memory 0.401336669921875
[2026-04-19T18:38:32.364] [DEBUG] debug-file - runTaskFromQueue task cost before running: 31 s 985 ms 
[2026-04-19T18:38:32.364] [INFO] debug-file - Finished :entry:default@PackageHap... after 433 ms 
[2026-04-19T18:38:32.366] [DEBUG] debug-file - Executing task :entry:default@PackingCheck
[2026-04-19T18:38:32.373] [DEBUG] debug-file - entry : default@PackingCheck cost memory -0.03591156005859375
[2026-04-19T18:38:32.374] [DEBUG] debug-file - runTaskFromQueue task cost before running: 31 s 995 ms 
[2026-04-19T18:38:32.374] [INFO] debug-file - Finished :entry:default@PackingCheck... after 8 ms 
[2026-04-19T18:38:32.376] [DEBUG] debug-file - Executing task :entry:default@SignHap
[2026-04-19T18:38:32.376] [WARN] debug-file - Will skip sign 'hos_hap'. No signingConfigs profile is configured in current project.
             If needed, configure the signingConfigs in D:\Harmonyos\Rdb\build-profile.json5.
[2026-04-19T18:38:32.377] [DEBUG] debug-file - entry : default@SignHap cost memory 0.0658721923828125
[2026-04-19T18:38:32.377] [DEBUG] debug-file - runTaskFromQueue task cost before running: 31 s 998 ms 
[2026-04-19T18:38:32.378] [INFO] debug-file - Finished :entry:default@SignHap... after 2 ms 
[2026-04-19T18:38:32.379] [DEBUG] debug-file - Executing task :entry:default@CollectDebugSymbol
[2026-04-19T18:38:32.380] [DEBUG] debug-file - entry : default@CollectDebugSymbol cost memory 0.084808349609375
[2026-04-19T18:38:32.380] [DEBUG] debug-file - runTaskFromQueue task cost before running: 32 s 
[2026-04-19T18:38:32.380] [INFO] debug-file - Finished :entry:default@CollectDebugSymbol... after 2 ms 
[2026-04-19T18:38:32.381] [DEBUG] debug-file - Executing task :entry:assembleHap
[2026-04-19T18:38:32.381] [DEBUG] debug-file - entry : assembleHap cost memory 0.0128326416015625
[2026-04-19T18:38:32.381] [DEBUG] debug-file - runTaskFromQueue task cost before running: 32 s 2 ms 
[2026-04-19T18:38:32.383] [INFO] debug-file - Finished :entry:assembleHap... after 1 ms 
[2026-04-19T18:38:32.393] [INFO] debug-file - BUILD SUCCESSFUL in 32 s 14 ms 
[2026-04-19T18:38:32.394] [DEBUG] debug-file - Update task entry:default@PreBuild input file:D:\Harmonyos\Rdb\AppScope\app.json5 cache by regenerate.
[2026-04-19T18:38:32.395] [DEBUG] debug-file - Update task entry:default@PreBuild input file:D:\Harmonyos\Rdb\entry\src\main\module.json5 cache by regenerate.
[2026-04-19T18:38:32.395] [DEBUG] debug-file - Update task entry:default@PreBuild input file:D:\Harmonyos\Rdb\build-profile.json5 cache by regenerate.
[2026-04-19T18:38:32.395] [DEBUG] debug-file - Update task entry:default@PreBuild input file:D:\Harmonyos\Rdb\entry\build-profile.json5 cache by regenerate.
[2026-04-19T18:38:32.396] [DEBUG] debug-file - Update task entry:default@PreBuild input file:D:\Harmonyos\Rdb\entry\src\main\resources\base\profile\main_pages.json cache by regenerate.
[2026-04-19T18:38:32.396] [DEBUG] debug-file - Update task entry:default@PreBuild input file:D:\Harmonyos\Rdb\hvigor\hvigor-config.json5 cache by regenerate.
[2026-04-19T18:38:32.396] [DEBUG] debug-file - Update task entry:default@PreBuild input file:D:\Harmonyos\Rdb\entry\oh-package.json5 cache by regenerate.
[2026-04-19T18:38:32.396] [DEBUG] debug-file - Update task entry:default@PreBuild input file:D:\Harmonyos\Rdb\oh-package.json5 cache by regenerate.
[2026-04-19T18:38:32.396] [DEBUG] debug-file - Incremental task entry:default@PreBuild post-execution cost:3 ms .
[2026-04-19T18:38:32.396] [DEBUG] debug-file - Update task entry:default@CreateModuleInfo output file:D:\Harmonyos\Rdb\entry\build\default\generated\profile\default\ModuleInfo.ts cache.
[2026-04-19T18:38:32.397] [DEBUG] debug-file - Incremental task entry:default@CreateModuleInfo post-execution cost:1 ms .
[2026-04-19T18:38:32.397] [DEBUG] debug-file - Update task entry:default@GenerateMetadata input file:D:\Harmonyos\Rdb\entry\src\main\module.json5 cache by regenerate.
[2026-04-19T18:38:32.397] [DEBUG] debug-file - Update task entry:default@GenerateMetadata output file:D:\Harmonyos\Rdb\entry\build\default\intermediates\hap_metadata\default\output_metadata.json cache.
[2026-04-19T18:38:32.397] [DEBUG] debug-file - Incremental task entry:default@GenerateMetadata post-execution cost:1 ms .
[2026-04-19T18:38:32.397] [DEBUG] debug-file - Update task entry:default@MergeProfile input file:D:\Harmonyos\Rdb\AppScope\app.json5 cache by regenerate.
[2026-04-19T18:38:32.398] [DEBUG] debug-file - Update task entry:default@MergeProfile input file:D:\Harmonyos\Rdb\build-profile.json5 cache by regenerate.
[2026-04-19T18:38:32.398] [DEBUG] debug-file - Update task entry:default@MergeProfile input file:D:\Harmonyos\Rdb\entry\src\main\module.json5 cache by regenerate.
[2026-04-19T18:38:32.398] [DEBUG] debug-file - Update task entry:default@MergeProfile output file:D:\Harmonyos\Rdb\entry\build\default\intermediates\merge_profile\default\module.json cache.
[2026-04-19T18:38:32.398] [DEBUG] debug-file - Incremental task entry:default@MergeProfile post-execution cost:1 ms .
[2026-04-19T18:38:32.398] [DEBUG] debug-file - Update task entry:default@CreateBuildProfile input file:D:\Harmonyos\Rdb\AppScope\app.json5 cache by regenerate.
[2026-04-19T18:38:32.398] [DEBUG] debug-file - Update task entry:default@CreateBuildProfile input file:D:\Harmonyos\Rdb\build-profile.json5 cache by regenerate.
[2026-04-19T18:38:32.398] [DEBUG] debug-file - Update task entry:default@CreateBuildProfile output file:D:\Harmonyos\Rdb\entry\build\default\generated\profile\default\BuildProfile.ets cache.
[2026-04-19T18:38:32.399] [DEBUG] debug-file - Incremental task entry:default@CreateBuildProfile post-execution cost:1 ms .
[2026-04-19T18:38:32.399] [DEBUG] debug-file - Update task entry:default@GeneratePkgContextInfo output file:D:\Harmonyos\Rdb\entry\build\default\intermediates\loader\default\pkgContextInfo.json cache.
[2026-04-19T18:38:32.399] [DEBUG] debug-file - Incremental task entry:default@GeneratePkgContextInfo post-execution cost:1 ms .
[2026-04-19T18:38:32.399] [DEBUG] debug-file - Update task entry:default@ProcessIntegratedHsp output file:D:\Harmonyos\Rdb\build\cache\default\integrated_hsp\integratedHspCache.json cache.
[2026-04-19T18:38:32.400] [DEBUG] debug-file - Incremental task entry:default@ProcessIntegratedHsp post-execution cost:1 ms .
[2026-04-19T18:38:32.400] [DEBUG] debug-file - Update task entry:default@MakePackInfo input file:D:\Harmonyos\Rdb\AppScope\app.json5 cache by regenerate.
[2026-04-19T18:38:32.400] [DEBUG] debug-file - Update task entry:default@MakePackInfo input file:D:\Harmonyos\Rdb\entry\src\main\module.json5 cache by regenerate.
[2026-04-19T18:38:32.400] [DEBUG] debug-file - Update task entry:default@MakePackInfo input file:D:\Harmonyos\Rdb\build-profile.json5 cache by regenerate.
[2026-04-19T18:38:32.401] [DEBUG] debug-file - Update task entry:default@MakePackInfo output file:D:\Harmonyos\Rdb\entry\build\default\outputs\default\pack.info cache.
[2026-04-19T18:38:32.401] [DEBUG] debug-file - Incremental task entry:default@MakePackInfo post-execution cost:2 ms .
[2026-04-19T18:38:32.401] [DEBUG] debug-file - Update task entry:default@SyscapTransform input file:C:\Program Files\Huawei\DevEco Studio\sdk\default\openharmony\toolchains\syscap_tool.exe cache by regenerate.
[2026-04-19T18:38:32.402] [DEBUG] debug-file - Update task entry:default@SyscapTransform input file:C:\Program Files\Huawei\DevEco Studio\sdk\default\openharmony\ets\api\device-define cache by regenerate.
[2026-04-19T18:38:32.403] [DEBUG] debug-file - Update task entry:default@SyscapTransform output file:D:\Harmonyos\Rdb\entry\build\default\intermediates\syscap\default\rpcid.sc cache.
[2026-04-19T18:38:32.403] [DEBUG] debug-file - Incremental task entry:default@SyscapTransform post-execution cost:2 ms .
[2026-04-19T18:38:32.403] [DEBUG] debug-file - Update task entry:default@ProcessProfile input file:D:\Harmonyos\Rdb\entry\build\default\intermediates\merge_profile\default\module.json cache by regenerate.
[2026-04-19T18:38:32.404] [DEBUG] debug-file - Update task entry:default@ProcessProfile output file:D:\Harmonyos\Rdb\entry\build\default\intermediates\process_profile\default\module.json cache.
[2026-04-19T18:38:32.404] [DEBUG] debug-file - Incremental task entry:default@ProcessProfile post-execution cost:1 ms .
[2026-04-19T18:38:32.404] [DEBUG] debug-file - Update task entry:default@ProcessRouterMap input file:D:\Harmonyos\Rdb\entry\oh-package.json5 cache by regenerate.
[2026-04-19T18:38:32.404] [DEBUG] debug-file - Update task entry:default@ProcessRouterMap input file:D:\Harmonyos\Rdb\oh-package.json5 cache by regenerate.
[2026-04-19T18:38:32.404] [DEBUG] debug-file - Update task entry:default@ProcessRouterMap input file:D:\Harmonyos\Rdb\entry\src\main\module.json5 cache by regenerate.
[2026-04-19T18:38:32.405] [DEBUG] debug-file - Update task entry:default@ProcessRouterMap output file:D:\Harmonyos\Rdb\entry\build\default\intermediates\router_map\default\temp-router-map.json cache.
[2026-04-19T18:38:32.405] [DEBUG] debug-file - Update task entry:default@ProcessRouterMap output file:D:\Harmonyos\Rdb\entry\build\default\intermediates\router_map\default\loader-router-map.json cache.
[2026-04-19T18:38:32.405] [DEBUG] debug-file - Incremental task entry:default@ProcessRouterMap post-execution cost:1 ms .
[2026-04-19T18:38:32.406] [DEBUG] debug-file - Update task entry:default@ProcessShareConfig input file:D:\Harmonyos\Rdb\entry\oh-package.json5 cache by regenerate.
[2026-04-19T18:38:32.406] [DEBUG] debug-file - Update task entry:default@ProcessShareConfig input file:D:\Harmonyos\Rdb\oh-package.json5 cache by regenerate.
[2026-04-19T18:38:32.406] [DEBUG] debug-file - Update task entry:default@ProcessShareConfig input file:D:\Harmonyos\Rdb\entry\src\main\module.json5 cache by regenerate.
[2026-04-19T18:38:32.406] [DEBUG] debug-file - Update task entry:default@ProcessShareConfig output file:D:\Harmonyos\Rdb\entry\build\default\intermediates\share_config\default\temp-share-config.json cache.
[2026-04-19T18:38:32.406] [DEBUG] debug-file - Incremental task entry:default@ProcessShareConfig post-execution cost:2 ms .
[2026-04-19T18:38:32.406] [DEBUG] debug-file - Update task entry:default@ProcessStartupConfig output file:D:\Harmonyos\Rdb\entry\build\default\intermediates\startup\default\startup_config.json cache.
[2026-04-19T18:38:32.407] [DEBUG] debug-file - Incremental task entry:default@ProcessStartupConfig post-execution cost:1 ms .
[2026-04-19T18:38:32.407] [DEBUG] debug-file - Update task entry:default@ProcessResource output file:D:\Harmonyos\Rdb\entry\build\default\intermediates\res\default\resConfig.json cache.
[2026-04-19T18:38:32.407] [DEBUG] debug-file - Update task entry:default@ProcessResource output file:D:\Harmonyos\Rdb\entry\build\default\intermediates\res\default\opt-compression.json cache.
[2026-04-19T18:38:32.407] [DEBUG] debug-file - Incremental task entry:default@ProcessResource post-execution cost:1 ms .
[2026-04-19T18:38:32.408] [DEBUG] debug-file - Update task entry:default@GenerateLoaderJson input file:D:\Harmonyos\Rdb\entry\build\default\intermediates\router_map\default\temp-router-map.json cache by regenerate.
[2026-04-19T18:38:32.408] [DEBUG] debug-file - Update task entry:default@GenerateLoaderJson output file:D:\Harmonyos\Rdb\entry\build\default\intermediates\loader\default\loader.json cache.
[2026-04-19T18:38:32.408] [DEBUG] debug-file - Incremental task entry:default@GenerateLoaderJson post-execution cost:1 ms .
[2026-04-19T18:38:32.408] [DEBUG] debug-file - Update task entry:default@ProcessLibs input file:D:\Harmonyos\Rdb\build-profile.json5 cache by regenerate.
[2026-04-19T18:38:32.408] [DEBUG] debug-file - Update task entry:default@ProcessLibs input file:D:\Harmonyos\Rdb\entry\build-profile.json5 cache by regenerate.
[2026-04-19T18:38:32.409] [DEBUG] debug-file - Update task entry:default@ProcessLibs output file:D:\Harmonyos\Rdb\entry\build\default\intermediates\libs\default cache.
[2026-04-19T18:38:32.409] [DEBUG] debug-file - Incremental task entry:default@ProcessLibs post-execution cost:1 ms .
[2026-04-19T18:38:32.409] [DEBUG] debug-file - Update task entry:default@CompileResource input file:D:\Harmonyos\Rdb\entry\src\main\resources cache by regenerate.
[2026-04-19T18:38:32.413] [DEBUG] debug-file - Update task entry:default@CompileResource input file:D:\Harmonyos\Rdb\AppScope\resources cache by regenerate.
[2026-04-19T18:38:32.413] [DEBUG] debug-file - Update task entry:default@CompileResource input file:D:\Harmonyos\Rdb\entry\build\default\intermediates\process_profile\default\module.json cache by regenerate.
[2026-04-19T18:38:32.414] [DEBUG] debug-file - Update task entry:default@CompileResource input file:D:\Harmonyos\Rdb\entry\build\default\intermediates\res\default\resConfig.json cache by regenerate.
[2026-04-19T18:38:32.414] [DEBUG] debug-file - Update task entry:default@CompileResource output file:D:\Harmonyos\Rdb\entry\build\default\intermediates\res\default cache.
[2026-04-19T18:38:32.420] [DEBUG] debug-file - Update task entry:default@CompileResource output file:D:\Harmonyos\Rdb\entry\build\default\generated\r\default\ResourceTable.h cache.
[2026-04-19T18:38:32.420] [DEBUG] debug-file - Update task entry:default@CompileResource output file:D:\Harmonyos\Rdb\entry\build\default\generated\r\default cache.
[2026-04-19T18:38:32.421] [DEBUG] debug-file - Incremental task entry:default@CompileResource post-execution cost:12 ms .
[2026-04-19T18:38:32.421] [DEBUG] debug-file - Update task entry:default@DoNativeStrip input file:D:\Harmonyos\Rdb\entry\build\default\intermediates\libs\default cache by regenerate.
[2026-04-19T18:38:32.421] [DEBUG] debug-file - Update task entry:default@DoNativeStrip output file:D:\Harmonyos\Rdb\entry\build\default\intermediates\stripped_native_libs\default cache.
[2026-04-19T18:38:32.421] [DEBUG] debug-file - Incremental task entry:default@DoNativeStrip post-execution cost:1 ms .
[2026-04-19T18:38:32.422] [DEBUG] debug-file - Update task entry:default@CompileArkTS input file:D:\Harmonyos\Rdb\entry\build\default\intermediates\loader\default cache by regenerate.
[2026-04-19T18:38:32.422] [DEBUG] debug-file - Update task entry:default@CompileArkTS input file:D:\Harmonyos\Rdb\entry\build\default\intermediates\res\default\resources\rawfile cache by regenerate.
[2026-04-19T18:38:32.424] [DEBUG] debug-file - Update task entry:default@CompileArkTS input file:D:\Harmonyos\Rdb\entry\build\default\intermediates\res\default\ResourceTable.txt cache by regenerate.
[2026-04-19T18:38:32.424] [DEBUG] debug-file - Update task entry:default@CompileArkTS input file:D:\Harmonyos\Rdb\entry\build\default\intermediates\res\default\ark_module.json cache by regenerate.
[2026-04-19T18:38:32.424] [DEBUG] debug-file - Update task entry:default@CompileArkTS input file:D:\Harmonyos\Rdb\entry\build\default\intermediates\res\default\resources\base\profile cache by regenerate.
[2026-04-19T18:38:32.424] [DEBUG] debug-file - Update task entry:default@CompileArkTS input file:D:\Harmonyos\Rdb\entry\src\main\ets cache by regenerate.
[2026-04-19T18:38:32.425] [DEBUG] debug-file - Update task entry:default@CompileArkTS input file:D:\Harmonyos\Rdb\entry\build\default\generated\profile\default\BuildProfile.ets cache by regenerate.
[2026-04-19T18:38:32.425] [DEBUG] debug-file - Update task entry:default@CompileArkTS output file:D:\Harmonyos\Rdb\entry\build\default\intermediates\loader_out\default\ets cache.
[2026-04-19T18:38:32.426] [DEBUG] debug-file - Incremental task entry:default@CompileArkTS post-execution cost:5 ms .
[2026-04-19T18:38:32.426] [DEBUG] debug-file - Update task entry:default@BuildJS input file:D:\Harmonyos\Rdb\entry\build\default\intermediates\loader\default cache by regenerate.
[2026-04-19T18:38:32.427] [DEBUG] debug-file - Update task entry:default@BuildJS input file:D:\Harmonyos\Rdb\entry\build\default\intermediates\res\default\resources\rawfile cache by regenerate.
[2026-04-19T18:38:32.428] [DEBUG] debug-file - Update task entry:default@BuildJS input file:D:\Harmonyos\Rdb\entry\build\default\intermediates\res\default\ResourceTable.txt cache by regenerate.
[2026-04-19T18:38:32.429] [DEBUG] debug-file - Update task entry:default@BuildJS input file:D:\Harmonyos\Rdb\entry\build\default\intermediates\res\default\ark_module.json cache by regenerate.
[2026-04-19T18:38:32.429] [DEBUG] debug-file - Update task entry:default@BuildJS input file:D:\Harmonyos\Rdb\entry\build\default\intermediates\res\default\resources\base\profile cache by regenerate.
[2026-04-19T18:38:32.429] [DEBUG] debug-file - Update task entry:default@BuildJS output file:D:\Harmonyos\Rdb\entry\build\default\intermediates\loader_out\default\js cache.
[2026-04-19T18:38:32.429] [DEBUG] debug-file - Incremental task entry:default@BuildJS post-execution cost:4 ms .
[2026-04-19T18:38:32.429] [DEBUG] debug-file - Update task entry:default@CacheNativeLibs input file:D:\Harmonyos\Rdb\entry\build\default\intermediates\stripped_native_libs\default cache by regenerate.
[2026-04-19T18:38:32.429] [DEBUG] debug-file - Update task entry:default@CacheNativeLibs input file:D:\Harmonyos\Rdb\entry\build\default\intermediates\libs\default cache by regenerate.
[2026-04-19T18:38:32.430] [DEBUG] debug-file - Update task entry:default@CacheNativeLibs output file:D:\Harmonyos\Rdb\entry\build\default\intermediates\patch\default\base_native_libs.json cache.
[2026-04-19T18:38:32.430] [DEBUG] debug-file - Incremental task entry:default@CacheNativeLibs post-execution cost:1 ms .
[2026-04-19T18:38:32.430] [DEBUG] debug-file - Update task entry:default@GeneratePkgModuleJson input file:D:\Harmonyos\Rdb\entry\build\default\intermediates\res\default\module.json cache by regenerate.
[2026-04-19T18:38:32.430] [DEBUG] debug-file - Update task entry:default@GeneratePkgModuleJson output file:D:\Harmonyos\Rdb\entry\build\default\intermediates\package\default\module.json cache.
[2026-04-19T18:38:32.430] [DEBUG] debug-file - Incremental task entry:default@GeneratePkgModuleJson post-execution cost:1 ms .
[2026-04-19T18:38:32.430] [DEBUG] debug-file - Incremental task entry:default@ProcessCompiledResources post-execution cost:1 ms .
[2026-04-19T18:38:32.430] [DEBUG] debug-file - Update task entry:default@PackageHap input file:D:\Harmonyos\Rdb\entry\build\default\intermediates\stripped_native_libs\default cache by regenerate.
[2026-04-19T18:38:32.430] [DEBUG] debug-file - Update task entry:default@PackageHap input file:D:\Harmonyos\Rdb\entry\build\default\intermediates\res\default\module.json cache by regenerate.
[2026-04-19T18:38:32.431] [DEBUG] debug-file - Update task entry:default@PackageHap input file:D:\Harmonyos\Rdb\entry\build\default\intermediates\res\default\resources cache by regenerate.
[2026-04-19T18:38:32.433] [DEBUG] debug-file - Update task entry:default@PackageHap input file:D:\Harmonyos\Rdb\entry\build\default\intermediates\res\default\resources.index cache by regenerate.
[2026-04-19T18:38:32.433] [DEBUG] debug-file - Update task entry:default@PackageHap input file:D:\Harmonyos\Rdb\entry\build\default\outputs\default\pack.info cache by regenerate.
[2026-04-19T18:38:32.433] [DEBUG] debug-file - Update task entry:default@PackageHap input file:D:\Harmonyos\Rdb\entry\build\default\intermediates\loader_out\default\ets cache by regenerate.
[2026-04-19T18:38:32.433] [DEBUG] debug-file - Update task entry:default@PackageHap input file:D:\Harmonyos\Rdb\entry\build\default\intermediates\loader_out\default\ets\sourceMaps.map cache by regenerate.
[2026-04-19T18:38:32.433] [DEBUG] debug-file - Update task entry:default@PackageHap input file:D:\Harmonyos\Rdb\entry\build\default\generated\profile\default\BuildProfile.ets cache by regenerate.
[2026-04-19T18:38:32.434] [DEBUG] debug-file - Update task entry:default@PackageHap output file:D:\Harmonyos\Rdb\entry\build\default\outputs\default\entry-default-unsigned.hap cache.
[2026-04-19T18:38:32.434] [DEBUG] debug-file - Update task entry:default@PackageHap output file:D:\Harmonyos\Rdb\entry\build\default\intermediates\source_map\default\sourceMaps.map cache.
[2026-04-19T18:38:32.434] [DEBUG] debug-file - Update task entry:default@PackageHap output file:D:\Harmonyos\Rdb\entry\build\default\outputs\default\mapping\sourceMaps.map cache.
[2026-04-19T18:38:32.434] [DEBUG] debug-file - Incremental task entry:default@PackageHap post-execution cost:5 ms .
[2026-04-19T18:38:32.434] [DEBUG] debug-file - Update task entry:default@SignHap input file:D:\Harmonyos\Rdb\entry\build\default\outputs\default\entry-default-unsigned.hap cache by regenerate.
[2026-04-19T18:38:32.435] [DEBUG] debug-file - Update task entry:default@SignHap output file:D:\Harmonyos\Rdb\entry\build\default\outputs\default\entry-default-signed.hap cache.
[2026-04-19T18:38:32.436] [DEBUG] debug-file - Incremental task entry:default@SignHap post-execution cost:2 ms .
[2026-04-19T18:38:32.436] [DEBUG] debug-file - Update task entry:default@CollectDebugSymbol input file:D:\Harmonyos\Rdb\entry\build\default\intermediates\loader_out\default\ets\sourceMaps.map cache by regenerate.
[2026-04-19T18:38:32.436] [DEBUG] debug-file - Update task entry:default@CollectDebugSymbol input file:D:\Harmonyos\Rdb\entry\build\default\intermediates\libs\default cache by regenerate.
[2026-04-19T18:38:32.436] [DEBUG] debug-file - Update task entry:default@CollectDebugSymbol output file:D:\Harmonyos\Rdb\entry\build\default\outputs\default\symbol cache.
[2026-04-19T18:38:32.437] [DEBUG] debug-file - Incremental task entry:default@CollectDebugSymbol post-execution cost:2 ms .
[2026-04-19T18:38:32.463] [DEBUG] debug-file - Cleanup worker 0.
[2026-04-19T18:38:32.463] [DEBUG] debug-file - Worker 0 has been cleaned up.
[2026-04-19T18:38:32.463] [DEBUG] debug-file - Current idle worker size: 4.
[2026-04-19T18:38:32.463] [DEBUG] debug-file - Current resident worker size: 5.
[2026-04-19T18:38:32.463] [DEBUG] debug-file - Cleanup worker 1.
[2026-04-19T18:38:32.464] [DEBUG] debug-file - Worker 1 has been cleaned up.
[2026-04-19T18:38:32.464] [DEBUG] debug-file - Current idle worker size: 3.
[2026-04-19T18:38:32.464] [DEBUG] debug-file - Current resident worker size: 5.
[2026-04-19T18:38:32.464] [DEBUG] debug-file - Cleanup worker 16.
[2026-04-19T18:38:32.464] [DEBUG] debug-file - Worker 16 has been cleaned up.
[2026-04-19T18:38:32.464] [DEBUG] debug-file - Current idle worker size: 2.
[2026-04-19T18:38:32.464] [DEBUG] debug-file - Current resident worker size: 5.
[2026-04-19T18:38:32.464] [DEBUG] debug-file - Cleanup worker 15.
[2026-04-19T18:38:32.464] [DEBUG] debug-file - Worker 15 has been cleaned up.
[2026-04-19T18:38:32.465] [DEBUG] debug-file - Current idle worker size: 1.
[2026-04-19T18:38:32.465] [DEBUG] debug-file - Current resident worker size: 5.
[2026-04-19T18:38:32.468] [DEBUG] debug-file - session manager: send message to worker process.
[2026-04-19T18:38:32.468] [DEBUG] debug-file - session manager: send message to worker process.
[2026-04-19T18:38:32.466] [DEBUG] debug-file - hvigor build process will be closed.
[2026-04-19T18:38:32.468] [DEBUG] debug-file - java daemon socket close code:1000 reason:close by user
[2026-04-19T18:38:32.470] [DEBUG] debug-file - worker[0] exits with exit code 1.
[2026-04-19T18:38:32.470] [DEBUG] debug-file - worker[1] exits with exit code 1.
[2026-04-19T18:38:32.472] [DEBUG] debug-file - watch worker: worker id should be larger than 0. Nothing will be sent to any worker thread.
[2026-04-19T18:38:32.472] [DEBUG] debug-file - watch worker: worker id should be larger than 0. Nothing will be sent to any worker thread.
[2026-04-19T18:38:32.477] [DEBUG] debug-file - worker[15] exits with exit code 1.
[2026-04-19T18:38:32.478] [DEBUG] debug-file - worker[16] exits with exit code 1.
[2026-04-19T19:11:22.087] [DEBUG] debug-file - env: nodejsVersion=v18.20.1
[2026-04-19T19:11:22.144] [DEBUG] debug-file - env: daemon=true
[2026-04-19T19:11:22.089] [DEBUG] debug-file - env: hvigor-config.json5 content = {
  modelVersion: '5.1.1',
  dependencies: {},
  execution: {},
  logging: {},
  debugging: {}
}
[2026-04-19T19:11:22.933] [DEBUG] debug-file - java daemon tryConnect failed Error: connect ECONNREFUSED 127.0.0.1:45050
[2026-04-19T19:11:22.940] [DEBUG] debug-file - java daemon started at port 45050 pid 28112
[2026-04-19T19:11:22.984] [DEBUG] debug-file - session manager: set active socket. socketId=V_Ts0yXhqf6iHMoNAAAB
[2026-04-19T19:11:23.668] [DEBUG] debug-file - watch worker: worker id should be larger than 0. Nothing will be sent to any worker thread.
[2026-04-19T19:11:23.673] [DEBUG] debug-file - Since there is no instance or instance is terminated, create a new worker pool.
[2026-04-19T19:11:23.674] [DEBUG] debug-file - Worker pool is initialized with config:  {
  minPoolNum: 2,
  maxPoolNum: undefined,
  maxCoreSize: undefined,
  cacheCapacity: undefined,
  cacheTtl: undefined
}
[2026-04-19T19:11:23.675] [DEBUG] debug-file - Create  resident worker with id: 0.
[2026-04-19T19:11:23.678] [DEBUG] debug-file - Create  resident worker with id: 1.
[2026-04-19T19:11:23.680] [DEBUG] debug-file - Workers' log level updated to INFO
[2026-04-19T19:11:23.687] [DEBUG] debug-file - Hvigor init with startParameters:{
  hvigorfileTypeCheck: false,
  parallelExecution: true,
  incrementalExecution: true,
  printStackTrace: false,
  daemon: true,
  analyze: 0,
  logLevel: Level { level: 20000, levelStr: 'INFO', colour: 'green' },
  optimizationStrategy: 'memory',
  hotCompile: undefined,
  hotReloadBuild: undefined,
  customizedParam: undefined
}
[2026-04-19T19:11:23.701] [DEBUG] debug-file - Cache service initialization finished in 14 ms 
[2026-04-19T19:11:23.703] [DEBUG] debug-file - hvigorfile, resolving D:\Harmonyos\Rdb\hvigorfile.ts
[2026-04-19T19:11:25.457] [DEBUG] debug-file - hvigorfile, require result:  {}
[2026-04-19T19:11:25.457] [DEBUG] debug-file - hvigorfile, binding system plugins {}
[2026-04-19T19:11:25.457] [DEBUG] debug-file - Starting plugin build process
[2026-04-19T19:11:25.458] [DEBUG] debug-file - App plugin prepare start...
[2026-04-19T19:11:25.458] [DEBUG] debug-file - App plugin prepare end...
[2026-04-19T19:11:25.458] [DEBUG] debug-file - App plugin creating...
[2026-04-19T19:11:25.611] [DEBUG] debug-file - App plugin register hook start...
[2026-04-19T19:11:25.611] [DEBUG] debug-file - App plugin register hook end...
[2026-04-19T19:11:25.611] [DEBUG] debug-file - Plugin build process completed
[2026-04-19T19:11:25.612] [DEBUG] debug-file - Start initialize project's product build option map with build mode debug.
[2026-04-19T19:11:25.612] [DEBUG] debug-file - Picking option from product 'default' with build mode 'debug'.
[2026-04-19T19:11:25.613] [DEBUG] debug-file - Product 'default' build option initialized
[2026-04-19T19:11:25.613] [DEBUG] debug-file - End initialize project's product build option map with build mode 'debug'.
[2026-04-19T19:11:25.615] [DEBUG] debug-file - Obtain build option for product 'default'in this build.
[2026-04-19T19:11:25.616] [DEBUG] debug-file - No signingConfig found, initRemoteHspCache failed.
[2026-04-19T19:11:25.618] [DEBUG] debug-file - Local scan or download HarmonyOS sdk components toolchains,ets,js,native,previewer
[2026-04-19T19:11:25.623] [DEBUG] debug-file - Local scan or download hmscore sdk components toolchains,ets,native
[2026-04-19T19:11:25.625] [DEBUG] debug-file - Start recording SDK configuration permission data.
[2026-04-19T19:11:25.655] [DEBUG] debug-file - Sdk init in 38 ms 
[2026-04-19T19:11:25.660] [DEBUG] debug-file - Project task initialization takes 4 ms 
[2026-04-19T19:11:25.660] [DEBUG] debug-file - hvigorfile, resolve finished D:\Harmonyos\Rdb\hvigorfile.ts
[2026-04-19T19:11:25.661] [DEBUG] debug-file - hvigorfile, resolving D:\Harmonyos\Rdb\entry\hvigorfile.ts
[2026-04-19T19:11:25.665] [DEBUG] debug-file - hvigorfile, require result:  {}
[2026-04-19T19:11:25.665] [DEBUG] debug-file - hvigorfile, binding system plugins {}
[2026-04-19T19:11:25.665] [DEBUG] debug-file - Starting plugin build process
[2026-04-19T19:11:25.666] [DEBUG] debug-file - Hap plugin creating...
[2026-04-19T19:11:25.666] [DEBUG] debug-file - failed to load cangjie to dynamically generate schemas: Error: Cannot find module '@ohos/cangjie-build-support/index'
Require stack:
- C:\Program Files\Huawei\DevEco Studio\tools\hvigor\hvigor-ohos-plugin\src\plugin\hooks\cangjie-register.js
- C:\Program Files\Huawei\DevEco Studio\tools\hvigor\hvigor-ohos-plugin\src\plugin\strategy\stage-init-strategy.js
- C:\Program Files\Huawei\DevEco Studio\tools\hvigor\hvigor-ohos-plugin\src\plugin\builder\abstract-plugin-builder.js
- C:\Program Files\Huawei\DevEco Studio\tools\hvigor\hvigor-ohos-plugin\src\plugin\builder\app-plugin-builder.js
- C:\Program Files\Huawei\DevEco Studio\tools\hvigor\hvigor-ohos-plugin\src\plugin\factory\plugin-factory.js
- C:\Program Files\Huawei\DevEco Studio\tools\hvigor\hvigor-ohos-plugin\index.js
- D:\Harmonyos\Rdb\hvigorfile.ts
- C:\Program Files\Huawei\DevEco Studio\tools\hvigor\hvigor\src\base\internal\lifecycle\configuration.js
- C:\Program Files\Huawei\DevEco Studio\tools\hvigor\hvigor\src\base\boot\index.js
- C:\Program Files\Huawei\DevEco Studio\tools\hvigor\hvigor\src\base\daemon\cluster\worker-process-lifecycle.js
- C:\Program Files\Huawei\DevEco Studio\tools\hvigor\hvigor\src\base\daemon\process\daemon-process-boot-script.js
[2026-04-19T19:11:25.679] [DEBUG] debug-file - Start initialize module-target build option map, moduleName=entry, buildMode=release
[2026-04-19T19:11:25.679] [DEBUG] debug-file - Target 'default' config initialized
[2026-04-19T19:11:25.680] [DEBUG] debug-file - Module 'entry' target 'default' build option initialized
[2026-04-19T19:11:25.680] [DEBUG] debug-file - End initialize module-target build option map, moduleName=entry
[2026-04-19T19:11:25.680] [DEBUG] debug-file - Start initialize module-target build option map, moduleName=entry, buildMode=debug
[2026-04-19T19:11:25.680] [DEBUG] debug-file - Target 'default' config initialized
[2026-04-19T19:11:25.680] [DEBUG] debug-file - Module 'entry' target 'default' build option initialized
[2026-04-19T19:11:25.680] [DEBUG] debug-file - End initialize module-target build option map, moduleName=entry
[2026-04-19T19:11:25.680] [DEBUG] debug-file - Start initialize module-target build option map, moduleName=entry, buildMode=debug
[2026-04-19T19:11:25.680] [DEBUG] debug-file - Target 'default' config initialized
[2026-04-19T19:11:25.680] [DEBUG] debug-file - Module 'entry' target 'default' build option initialized
[2026-04-19T19:11:25.680] [DEBUG] debug-file - End initialize module-target build option map, moduleName=entry
[2026-04-19T19:11:25.681] [DEBUG] debug-file - Obtain build option for module 'entry' target 'default'in this build.
[2026-04-19T19:11:25.685] [DEBUG] debug-file - Module entry task initialization takes 4 ms 
[2026-04-19T19:11:25.686] [DEBUG] debug-file - Hap plugin register hook start...
[2026-04-19T19:11:25.686] [DEBUG] debug-file - Hap plugin register hook end...
[2026-04-19T19:11:25.686] [DEBUG] debug-file - Plugin build process completed
[2026-04-19T19:11:25.686] [DEBUG] debug-file - hvigorfile, resolve finished D:\Harmonyos\Rdb\entry\hvigorfile.ts
[2026-04-19T19:11:25.747] [DEBUG] debug-file - hvigorfile, resolve hvigorfile dependencies in 60 ms 
[2026-04-19T19:11:25.748] [DEBUG] debug-file - project has submodules:entry
[2026-04-19T19:11:25.750] [DEBUG] debug-file - start to load updatedOhPackageInfo to the disk
[2026-04-19T19:11:25.754] [DEBUG] debug-file - load to the disk finished
[2026-04-19T19:11:25.755] [DEBUG] debug-file - Start to initialize dependency information.
[2026-04-19T19:11:25.773] [DEBUG] debug-file - Module Rdb Collected Dependency: D:\Harmonyos\Rdb\oh_modules\.ohpm\@ohos+mpchart@3.0.27\oh_modules\@ohos\mpchart
[2026-04-19T19:11:25.773] [DEBUG] debug-file - Module Rdb's total dependency: 1
[2026-04-19T19:11:25.774] [DEBUG] debug-file - Start to initialize dependency information.
[2026-04-19T19:11:25.776] [DEBUG] debug-file - Module entry Collected Dependency: D:\Harmonyos\Rdb\oh_modules\.ohpm\@ohos+mpchart@3.0.27\oh_modules\@ohos\mpchart
[2026-04-19T19:11:25.776] [DEBUG] debug-file - Module entry's total dependency: 1
[2026-04-19T19:11:25.780] [DEBUG] debug-file - Configuration phase cost:2 s 79 ms 
[2026-04-19T19:11:25.782] [DEBUG] debug-file - Configuration task cost before running: 2 s 102 ms 
[2026-04-19T19:11:25.782] [DEBUG] debug-file - Executing task :entry:init
[2026-04-19T19:11:25.783] [DEBUG] debug-file - entry : init cost memory 0.01642608642578125
[2026-04-19T19:11:25.783] [DEBUG] debug-file - runTaskFromQueue task cost before running: 2 s 103 ms 
[2026-04-19T19:11:25.783] [INFO] debug-file - Finished :entry:init... after 1 ms 
[2026-04-19T19:11:25.783] [DEBUG] debug-file - Executing task ::init
[2026-04-19T19:11:25.783] [DEBUG] debug-file - Rdb : init cost memory 0.01378631591796875
[2026-04-19T19:11:25.784] [DEBUG] debug-file - runTaskFromQueue task cost before running: 2 s 104 ms 
[2026-04-19T19:11:25.784] [INFO] debug-file - Finished ::init... after 1 ms 
[2026-04-19T19:11:25.795] [DEBUG] debug-file - Obtain build option for module 'entry' target 'default'in this build.
[2026-04-19T19:11:25.804] [DEBUG] debug-file - session manager: send message to worker process.
[2026-04-19T19:11:25.804] [DEBUG] debug-file - session manager: send message to worker process.
[2026-04-19T19:11:25.932] [DEBUG] debug-file - Cleanup worker 0.
[2026-04-19T19:11:25.933] [DEBUG] debug-file - Worker 0 has been cleaned up.
[2026-04-19T19:11:25.933] [DEBUG] debug-file - Current idle worker size: 1.
[2026-04-19T19:11:25.933] [DEBUG] debug-file - Current resident worker size: 2.
[2026-04-19T19:11:25.933] [DEBUG] debug-file - Cleanup worker 1.
[2026-04-19T19:11:25.933] [DEBUG] debug-file - Worker 1 has been cleaned up.
[2026-04-19T19:11:25.933] [DEBUG] debug-file - Current idle worker size: 0.
[2026-04-19T19:11:25.933] [DEBUG] debug-file - Current resident worker size: 2.
[2026-04-19T19:11:25.934] [DEBUG] debug-file - hvigor build process will be closed.
[2026-04-19T19:11:25.941] [DEBUG] debug-file - worker[0] exits with exit code 1.
[2026-04-19T19:11:25.941] [DEBUG] debug-file - worker[1] exits with exit code 1.
[2026-04-19T19:11:25.945] [DEBUG] debug-file - watch worker: worker id should be larger than 0. Nothing will be sent to any worker thread.
[2026-04-19T19:11:25.945] [DEBUG] debug-file - watch worker: worker id should be larger than 0. Nothing will be sent to any worker thread.
[2026-04-19T19:18:14.553] [DEBUG] debug-file - session manager: set active socket. socketId=EyAWyoOoO4QSRXMPAAAD
[2026-04-19T19:18:14.571] [DEBUG] debug-file - watch worker: worker id should be larger than 0. Nothing will be sent to any worker thread.
[2026-04-19T19:18:14.574] [DEBUG] debug-file - Workers' log level updated to INFO
[2026-04-19T19:18:14.577] [DEBUG] debug-file - Hvigor init with startParameters:{
  hvigorfileTypeCheck: false,
  parallelExecution: true,
  incrementalExecution: true,
  printStackTrace: false,
  daemon: true,
  analyze: 0,
  logLevel: Level { level: 20000, levelStr: 'INFO', colour: 'green' },
  optimizationStrategy: 'memory',
  hotCompile: undefined,
  hotReloadBuild: undefined,
  customizedParam: undefined
}
[2026-04-19T19:18:14.580] [DEBUG] debug-file - Cache service initialization finished in 3 ms 
[2026-04-19T19:18:14.581] [DEBUG] debug-file - hvigorfile, resolving D:\Harmonyos\Rdb\hvigorfile.ts
[2026-04-19T19:18:14.588] [DEBUG] debug-file - hvigorfile, require result:  {}
[2026-04-19T19:18:14.588] [DEBUG] debug-file - hvigorfile, binding system plugins {}
[2026-04-19T19:18:14.589] [DEBUG] debug-file - Starting plugin build process
[2026-04-19T19:18:14.589] [DEBUG] debug-file - App plugin prepare start...
[2026-04-19T19:18:14.589] [DEBUG] debug-file - App plugin prepare end...
[2026-04-19T19:18:14.589] [DEBUG] debug-file - App plugin creating...
[2026-04-19T19:18:14.592] [DEBUG] debug-file - App plugin register hook start...
[2026-04-19T19:18:14.593] [DEBUG] debug-file - App plugin register hook end...
[2026-04-19T19:18:14.593] [DEBUG] debug-file - Plugin build process completed
[2026-04-19T19:18:14.593] [DEBUG] debug-file - Start initialize project's product build option map with build mode debug.
[2026-04-19T19:18:14.593] [DEBUG] debug-file - Picking option from product 'default' with build mode 'debug'.
[2026-04-19T19:18:14.593] [DEBUG] debug-file - Product 'default' build option initialized
[2026-04-19T19:18:14.593] [DEBUG] debug-file - End initialize project's product build option map with build mode 'debug'.
[2026-04-19T19:18:14.594] [DEBUG] debug-file - Obtain build option for product 'default'in this build.
[2026-04-19T19:18:14.594] [DEBUG] debug-file - No signingConfig found, initRemoteHspCache failed.
[2026-04-19T19:18:14.597] [DEBUG] debug-file - Start recording SDK configuration permission data.
[2026-04-19T19:18:14.619] [DEBUG] debug-file - Sdk init in 24 ms 
[2026-04-19T19:18:14.622] [DEBUG] debug-file - Project task initialization takes 3 ms 
[2026-04-19T19:18:14.622] [DEBUG] debug-file - hvigorfile, resolve finished D:\Harmonyos\Rdb\hvigorfile.ts
[2026-04-19T19:18:14.623] [DEBUG] debug-file - hvigorfile, resolving D:\Harmonyos\Rdb\entry\hvigorfile.ts
[2026-04-19T19:18:14.626] [DEBUG] debug-file - hvigorfile, require result:  {}
[2026-04-19T19:18:14.627] [DEBUG] debug-file - hvigorfile, binding system plugins {}
[2026-04-19T19:18:14.627] [DEBUG] debug-file - Starting plugin build process
[2026-04-19T19:18:14.627] [DEBUG] debug-file - Hap plugin creating...
[2026-04-19T19:18:14.628] [DEBUG] debug-file - failed to load cangjie to dynamically generate schemas: Error: Cannot find module '@ohos/cangjie-build-support/index'
Require stack:
- C:\Program Files\Huawei\DevEco Studio\tools\hvigor\hvigor-ohos-plugin\src\plugin\hooks\cangjie-register.js
- C:\Program Files\Huawei\DevEco Studio\tools\hvigor\hvigor-ohos-plugin\src\plugin\strategy\stage-init-strategy.js
- C:\Program Files\Huawei\DevEco Studio\tools\hvigor\hvigor-ohos-plugin\src\plugin\builder\abstract-plugin-builder.js
- C:\Program Files\Huawei\DevEco Studio\tools\hvigor\hvigor-ohos-plugin\src\plugin\builder\app-plugin-builder.js
- C:\Program Files\Huawei\DevEco Studio\tools\hvigor\hvigor-ohos-plugin\src\plugin\factory\plugin-factory.js
- C:\Program Files\Huawei\DevEco Studio\tools\hvigor\hvigor-ohos-plugin\index.js
- D:\Harmonyos\Rdb\hvigorfile.ts
- C:\Program Files\Huawei\DevEco Studio\tools\hvigor\hvigor\src\base\internal\lifecycle\configuration.js
- C:\Program Files\Huawei\DevEco Studio\tools\hvigor\hvigor\src\base\boot\index.js
- C:\Program Files\Huawei\DevEco Studio\tools\hvigor\hvigor\src\base\daemon\cluster\worker-process-lifecycle.js
- C:\Program Files\Huawei\DevEco Studio\tools\hvigor\hvigor\src\base\daemon\process\daemon-process-boot-script.js
[2026-04-19T19:18:14.630] [DEBUG] debug-file - Start initialize module-target build option map, moduleName=entry, buildMode=release
[2026-04-19T19:18:14.630] [DEBUG] debug-file - Target 'default' config initialized
[2026-04-19T19:18:14.630] [DEBUG] debug-file - Module 'entry' target 'default' build option initialized
[2026-04-19T19:18:14.630] [DEBUG] debug-file - End initialize module-target build option map, moduleName=entry
[2026-04-19T19:18:14.630] [DEBUG] debug-file - Start initialize module-target build option map, moduleName=entry, buildMode=debug
[2026-04-19T19:18:14.630] [DEBUG] debug-file - Target 'default' config initialized
[2026-04-19T19:18:14.630] [DEBUG] debug-file - Module 'entry' target 'default' build option initialized
[2026-04-19T19:18:14.630] [DEBUG] debug-file - End initialize module-target build option map, moduleName=entry
[2026-04-19T19:18:14.630] [DEBUG] debug-file - Start initialize module-target build option map, moduleName=entry, buildMode=debug
[2026-04-19T19:18:14.630] [DEBUG] debug-file - Target 'default' config initialized
[2026-04-19T19:18:14.630] [DEBUG] debug-file - Module 'entry' target 'default' build option initialized
[2026-04-19T19:18:14.630] [DEBUG] debug-file - End initialize module-target build option map, moduleName=entry
[2026-04-19T19:18:14.630] [DEBUG] debug-file - Obtain build option for module 'entry' target 'default'in this build.
[2026-04-19T19:18:14.632] [DEBUG] debug-file - Module entry task initialization takes 1 ms 
[2026-04-19T19:18:14.632] [DEBUG] debug-file - Hap plugin register hook start...
[2026-04-19T19:18:14.632] [DEBUG] debug-file - Hap plugin register hook end...
[2026-04-19T19:18:14.632] [DEBUG] debug-file - Plugin build process completed
[2026-04-19T19:18:14.632] [DEBUG] debug-file - hvigorfile, resolve finished D:\Harmonyos\Rdb\entry\hvigorfile.ts
[2026-04-19T19:18:14.690] [DEBUG] debug-file - hvigorfile, resolve hvigorfile dependencies in 57 ms 
[2026-04-19T19:18:14.690] [DEBUG] debug-file - project has submodules:entry
[2026-04-19T19:18:14.692] [DEBUG] debug-file - start to load updatedOhPackageInfo to the disk
[2026-04-19T19:18:14.695] [DEBUG] debug-file - load to the disk finished
[2026-04-19T19:18:14.695] [DEBUG] debug-file - Start to initialize dependency information.
[2026-04-19T19:18:14.697] [DEBUG] debug-file - Module Rdb Collected Dependency: D:\Harmonyos\Rdb\oh_modules\.ohpm\@ohos+mpchart@3.0.27\oh_modules\@ohos\mpchart
[2026-04-19T19:18:14.697] [DEBUG] debug-file - Module Rdb's total dependency: 1
[2026-04-19T19:18:14.697] [DEBUG] debug-file - Start to initialize dependency information.
[2026-04-19T19:18:14.698] [DEBUG] debug-file - Module entry Collected Dependency: D:\Harmonyos\Rdb\oh_modules\.ohpm\@ohos+mpchart@3.0.27\oh_modules\@ohos\mpchart
[2026-04-19T19:18:14.699] [DEBUG] debug-file - Module entry's total dependency: 1
[2026-04-19T19:18:14.700] [DEBUG] debug-file - Configuration phase cost:120 ms 
[2026-04-19T19:18:14.701] [DEBUG] debug-file - Configuration task cost before running: 127 ms 
[2026-04-19T19:18:14.706] [DEBUG] debug-file - Executing task :entry:default@PreBuild
[2026-04-19T19:18:14.707] [DEBUG] debug-file - Task 'entry:default@PreBuild' cost while wrapping incremental declarations: 1 ms 
[2026-04-19T19:18:14.712] [DEBUG] debug-file - entry:default@PreBuild is not up-to-date, since the input file 'D:\Harmonyos\Rdb\oh-package.json5' has been changed.
[2026-04-19T19:18:14.712] [DEBUG] debug-file - Incremental task entry:default@PreBuild pre-execution cost: 3 ms .
[2026-04-19T19:18:14.891] [DEBUG] debug-file - current product is not Atomic service.
[2026-04-19T19:18:14.891] [DEBUG] debug-file - Use tool [win32: JAVA_HOME, CLASSPATH]
 [
  { JAVA_HOME: 'C:\\Program Files\\Huawei\\DevEco Studio\\jbr' },
  { CLASSPATH: undefined }
]
[2026-04-19T19:18:14.892] [DEBUG] debug-file - Use tool [win32: NODE_HOME]
 [
  {
    NODE_HOME: 'C:\\Program Files\\Huawei\\DevEco Studio\\tools\\node'
  }
]
[2026-04-19T19:18:14.892] [DEBUG] debug-file - entry : default@PreBuild cost memory 6.228050231933594
[2026-04-19T19:18:14.892] [DEBUG] debug-file - runTaskFromQueue task cost before running: 319 ms 
[2026-04-19T19:18:14.894] [INFO] debug-file - Finished :entry:default@PreBuild... after 187 ms 
[2026-04-19T19:18:14.895] [DEBUG] debug-file - Executing task :entry:default@CreateModuleInfo
[2026-04-19T19:18:14.895] [DEBUG] debug-file - Task 'entry:default@CreateModuleInfo' cost while wrapping incremental declarations: 1 ms 
[2026-04-19T19:18:14.896] [DEBUG] debug-file - entry : default@CreateModuleInfo cost memory 0.04221343994140625
[2026-04-19T19:18:14.896] [DEBUG] debug-file - runTaskFromQueue task cost before running: 322 ms 
[2026-04-19T19:18:14.896] [INFO] debug-file - Finished :entry:default@CreateModuleInfo... after 2 ms 
[2026-04-19T19:18:14.897] [DEBUG] debug-file - Executing task :entry:default@GenerateMetadata
[2026-04-19T19:18:14.898] [DEBUG] debug-file - Task 'entry:default@GenerateMetadata' cost while wrapping incremental declarations: 1 ms 
[2026-04-19T19:18:14.899] [DEBUG] debug-file - Incremental task entry:default@GenerateMetadata pre-execution cost: 2 ms .
[2026-04-19T19:18:14.899] [DEBUG] debug-file - entry : default@GenerateMetadata cost memory 0.14083099365234375
[2026-04-19T19:18:14.900] [INFO] debug-file - UP-TO-DATE :entry:default@GenerateMetadata...  
[2026-04-19T19:18:14.900] [DEBUG] debug-file - Executing task :entry:default@ConfigureCmake
[2026-04-19T19:18:14.901] [DEBUG] debug-file - entry : default@ConfigureCmake cost memory 0.014617919921875
[2026-04-19T19:18:14.901] [DEBUG] debug-file - runTaskFromQueue task cost before running: 327 ms 
[2026-04-19T19:18:14.901] [INFO] debug-file - Finished :entry:default@ConfigureCmake... after 1 ms 
[2026-04-19T19:18:14.902] [DEBUG] debug-file - Executing task :entry:default@MergeProfile
[2026-04-19T19:18:14.902] [DEBUG] debug-file - Task 'entry:default@MergeProfile' cost while wrapping incremental declarations: 1 ms 
[2026-04-19T19:18:14.904] [DEBUG] debug-file - entry:default@MergeProfile is not up-to-date, since the input file 'D:\Harmonyos\Rdb\oh_modules\.ohpm\@ohos+mpchart@3.0.27\oh_modules\@ohos\mpchart\src\main\module.json' has been changed.
[2026-04-19T19:18:14.904] [DEBUG] debug-file - Incremental task entry:default@MergeProfile pre-execution cost: 1 ms .
[2026-04-19T19:18:14.904] [DEBUG] debug-file - Change app api release type with 'Release'
[2026-04-19T19:18:14.904] [DEBUG] debug-file - Change app compile API version with '6.0.2.130'
[2026-04-19T19:18:14.904] [DEBUG] debug-file - Change app target API version with '60002022'
[2026-04-19T19:18:14.904] [DEBUG] debug-file - Change app minimum API version with '50005017'
[2026-04-19T19:18:14.905] [DEBUG] debug-file - Use cli appEnvironment
[2026-04-19T19:18:14.909] [DEBUG] debug-file - entry : default@MergeProfile cost memory 0.34531402587890625
[2026-04-19T19:18:14.910] [DEBUG] debug-file - runTaskFromQueue task cost before running: 336 ms 
[2026-04-19T19:18:14.910] [INFO] debug-file - Finished :entry:default@MergeProfile... after 8 ms 
[2026-04-19T19:18:14.911] [DEBUG] debug-file - Executing task :entry:default@CreateBuildProfile
[2026-04-19T19:18:14.912] [DEBUG] debug-file - Task 'entry:default@CreateBuildProfile' cost while wrapping incremental declarations: 1 ms 
[2026-04-19T19:18:14.913] [DEBUG] debug-file - Incremental task entry:default@CreateBuildProfile pre-execution cost: 1 ms .
[2026-04-19T19:18:14.913] [DEBUG] debug-file - entry : default@CreateBuildProfile cost memory 0.089630126953125
[2026-04-19T19:18:14.913] [INFO] debug-file - UP-TO-DATE :entry:default@CreateBuildProfile...  
[2026-04-19T19:18:14.914] [DEBUG] debug-file - Executing task :entry:default@PreCheckSyscap
[2026-04-19T19:18:14.915] [DEBUG] debug-file - entry : default@PreCheckSyscap cost memory 0.01764678955078125
[2026-04-19T19:18:14.915] [DEBUG] debug-file - runTaskFromQueue task cost before running: 341 ms 
[2026-04-19T19:18:14.915] [INFO] debug-file - Finished :entry:default@PreCheckSyscap... after 1 ms 
[2026-04-19T19:18:14.916] [DEBUG] debug-file - Executing task :entry:default@GeneratePkgContextInfo
[2026-04-19T19:18:14.927] [DEBUG] debug-file - Task 'entry:default@GeneratePkgContextInfo' cost while wrapping incremental declarations: 1 ms 
[2026-04-19T19:18:14.927] [DEBUG] debug-file - entry : default@GeneratePkgContextInfo cost memory 0.8341445922851562
[2026-04-19T19:18:14.927] [DEBUG] debug-file - runTaskFromQueue task cost before running: 354 ms 
[2026-04-19T19:18:14.928] [INFO] debug-file - Finished :entry:default@GeneratePkgContextInfo... after 12 ms 
[2026-04-19T19:18:14.931] [DEBUG] debug-file - Executing task :entry:default@ProcessIntegratedHsp
[2026-04-19T19:18:14.931] [DEBUG] debug-file - entry:default@ProcessIntegratedHsp is not up-to-date, since the output file 'D:\Harmonyos\Rdb\build\cache\default\integrated_hsp\integratedHspCache.json' does not exist.
[2026-04-19T19:18:14.931] [DEBUG] debug-file - Incremental task entry:default@ProcessIntegratedHsp pre-execution cost: 1 ms .
[2026-04-19T19:18:14.931] [DEBUG] debug-file - entry : default@ProcessIntegratedHsp cost memory 0.05477142333984375
[2026-04-19T19:18:14.932] [DEBUG] debug-file - runTaskFromQueue task cost before running: 358 ms 
[2026-04-19T19:18:14.932] [INFO] debug-file - Finished :entry:default@ProcessIntegratedHsp... after 1 ms 
[2026-04-19T19:18:14.933] [DEBUG] debug-file - Executing task :entry:default@BuildNativeWithCmake
[2026-04-19T19:18:14.934] [DEBUG] debug-file - entry : default@BuildNativeWithCmake cost memory 0.0150146484375
[2026-04-19T19:18:14.934] [DEBUG] debug-file - runTaskFromQueue task cost before running: 360 ms 
[2026-04-19T19:18:14.935] [INFO] debug-file - Finished :entry:default@BuildNativeWithCmake... after 2 ms 
[2026-04-19T19:18:14.936] [DEBUG] debug-file - Executing task :entry:default@MakePackInfo
[2026-04-19T19:18:14.937] [DEBUG] debug-file - Incremental task entry:default@MakePackInfo pre-execution cost: 1 ms .
[2026-04-19T19:18:14.937] [DEBUG] debug-file - entry : default@MakePackInfo cost memory 0.10016632080078125
[2026-04-19T19:18:14.938] [INFO] debug-file - UP-TO-DATE :entry:default@MakePackInfo...  
[2026-04-19T19:18:14.939] [DEBUG] debug-file - Executing task :entry:default@SyscapTransform
[2026-04-19T19:18:14.939] [DEBUG] debug-file - File: 'D:\Harmonyos\Rdb\entry\src\main\syscap.json' from 'sysCapJsonPath' is not exists, just ignore.
[2026-04-19T19:18:14.939] [DEBUG] debug-file - Task 'entry:default@SyscapTransform' cost while wrapping incremental declarations: 1 ms 
[2026-04-19T19:18:14.963] [DEBUG] debug-file - entry:default@SyscapTransform is not up-to-date, since the output file 'D:\Harmonyos\Rdb\entry\build\default\intermediates\syscap\default\rpcid.sc' does not exist.
[2026-04-19T19:18:14.963] [DEBUG] debug-file - Incremental task entry:default@SyscapTransform pre-execution cost: 24 ms .
[2026-04-19T19:18:14.964] [DEBUG] debug-file - entry : default@SyscapTransform cost memory 0.14812469482421875
[2026-04-19T19:18:14.964] [DEBUG] debug-file - runTaskFromQueue task cost before running: 390 ms 
[2026-04-19T19:18:14.964] [INFO] debug-file - Finished :entry:default@SyscapTransform... after 26 ms 
[2026-04-19T19:18:14.966] [DEBUG] debug-file - Executing task :entry:default@ProcessProfile
[2026-04-19T19:18:14.967] [DEBUG] debug-file - Task 'entry:default@ProcessProfile' cost while wrapping incremental declarations: 1 ms 
[2026-04-19T19:18:14.967] [DEBUG] debug-file - entry:default@ProcessProfile is not up-to-date, since the input file 'D:\Harmonyos\Rdb\entry\build\default\intermediates\merge_profile\default\module.json' has been changed.
[2026-04-19T19:18:14.967] [DEBUG] debug-file - Incremental task entry:default@ProcessProfile pre-execution cost: 1 ms .
[2026-04-19T19:18:14.969] [DEBUG] debug-file - [
  'C:\\Program Files\\Huawei\\DevEco Studio\\tools\\node\\node.exe',
  'C:\\Program Files\\Huawei\\DevEco Studio\\sdk\\default\\openharmony\\ets\\build-tools\\ets-loader\\bin\\ark\\ts2abc.js',
  '--target-api-version',
  '17'
]
[2026-04-19T19:18:15.062] [DEBUG] debug-file - 12.0.6.0
[2026-04-19T19:18:15.063] [DEBUG] debug-file - No need to add fake ui ability because of not in preview process.
[2026-04-19T19:18:15.063] [DEBUG] debug-file - entry : default@ProcessProfile cost memory 2.15570068359375
[2026-04-19T19:18:15.063] [DEBUG] debug-file - runTaskFromQueue task cost before running: 489 ms 
[2026-04-19T19:18:15.064] [INFO] debug-file - Finished :entry:default@ProcessProfile... after 98 ms 
[2026-04-19T19:18:15.065] [DEBUG] debug-file - Executing task :entry:default@ProcessRouterMap
[2026-04-19T19:18:15.066] [DEBUG] debug-file - entry:default@ProcessRouterMap is not up-to-date, since the input file 'D:\Harmonyos\Rdb\oh-package.json5' has been changed.
[2026-04-19T19:18:15.066] [DEBUG] debug-file - Incremental task entry:default@ProcessRouterMap pre-execution cost: 1 ms .
[2026-04-19T19:18:15.068] [DEBUG] debug-file - entry : default@ProcessRouterMap cost memory 0.12418365478515625
[2026-04-19T19:18:15.068] [DEBUG] debug-file - runTaskFromQueue task cost before running: 494 ms 
[2026-04-19T19:18:15.068] [INFO] debug-file - Finished :entry:default@ProcessRouterMap... after 4 ms 
[2026-04-19T19:18:15.071] [DEBUG] debug-file - Executing task :entry:default@ProcessShareConfig
[2026-04-19T19:18:15.072] [DEBUG] debug-file - entry:default@ProcessShareConfig is not up-to-date, since the input file 'D:\Harmonyos\Rdb\oh-package.json5' has been changed.
[2026-04-19T19:18:15.072] [DEBUG] debug-file - Incremental task entry:default@ProcessShareConfig pre-execution cost: 1 ms .
[2026-04-19T19:18:15.073] [DEBUG] debug-file - entry : default@ProcessShareConfig cost memory 0.11083984375
[2026-04-19T19:18:15.073] [DEBUG] debug-file - runTaskFromQueue task cost before running: 499 ms 
[2026-04-19T19:18:15.073] [INFO] debug-file - Finished :entry:default@ProcessShareConfig... after 3 ms 
[2026-04-19T19:18:15.074] [DEBUG] debug-file - Executing task :entry:default@ProcessStartupConfig
[2026-04-19T19:18:15.075] [DEBUG] debug-file - Task 'entry:default@ProcessStartupConfig' cost while wrapping incremental declarations: 1 ms 
[2026-04-19T19:18:15.075] [DEBUG] debug-file - entry:default@ProcessStartupConfig is not up-to-date, since the output file 'D:\Harmonyos\Rdb\entry\build\default\intermediates\startup\default\startup_config.json' does not exist.
[2026-04-19T19:18:15.075] [DEBUG] debug-file - Incremental task entry:default@ProcessStartupConfig pre-execution cost: 1 ms .
[2026-04-19T19:18:15.076] [DEBUG] debug-file - entry : default@ProcessStartupConfig cost memory 0.09810638427734375
[2026-04-19T19:18:15.076] [DEBUG] debug-file - runTaskFromQueue task cost before running: 502 ms 
[2026-04-19T19:18:15.076] [INFO] debug-file - Finished :entry:default@ProcessStartupConfig... after 2 ms 
[2026-04-19T19:18:15.077] [DEBUG] debug-file - Executing task :entry:default@BuildNativeWithNinja
[2026-04-19T19:18:15.077] [DEBUG] debug-file - entry : default@BuildNativeWithNinja cost memory 0.02042388916015625
[2026-04-19T19:18:15.078] [DEBUG] debug-file - runTaskFromQueue task cost before running: 504 ms 
[2026-04-19T19:18:15.078] [INFO] debug-file - Finished :entry:default@BuildNativeWithNinja... after 1 ms 
[2026-04-19T19:18:15.079] [DEBUG] debug-file - restool module names: entry; moduleName=entry, taskName=default@ProcessResource
[2026-04-19T19:18:15.081] [DEBUG] debug-file - Executing task :entry:default@ProcessResource
[2026-04-19T19:18:15.082] [DEBUG] debug-file - Task 'entry:default@ProcessResource' cost while wrapping incremental declarations: 1 ms 
[2026-04-19T19:18:15.082] [DEBUG] debug-file - entry:default@ProcessResource is not up-to-date, since the task snapshots are different.
[2026-04-19T19:18:15.083] [DEBUG] debug-file - Incremental task entry:default@ProcessResource pre-execution cost: 1 ms .
[2026-04-19T19:18:15.084] [DEBUG] debug-file - entry : default@ProcessResource cost memory 0.16493988037109375
[2026-04-19T19:18:15.086] [DEBUG] debug-file - runTaskFromQueue task cost before running: 512 ms 
[2026-04-19T19:18:15.087] [INFO] debug-file - Finished :entry:default@ProcessResource... after 5 ms 
[2026-04-19T19:18:15.089] [DEBUG] debug-file - Executing task :entry:default@GenerateLoaderJson
[2026-04-19T19:18:15.090] [DEBUG] debug-file - Task 'entry:default@GenerateLoaderJson' cost while wrapping incremental declarations: 1 ms 
[2026-04-19T19:18:15.095] [DEBUG] debug-file - entry:default@GenerateLoaderJson is not up-to-date, since the input file 'D:\Harmonyos\Rdb\entry\build\default\intermediates\router_map\default\temp-router-map.json' has been changed.
[2026-04-19T19:18:15.095] [DEBUG] debug-file - Incremental task entry:default@GenerateLoaderJson pre-execution cost: 3 ms .
[2026-04-19T19:18:15.099] [DEBUG] debug-file - entry : default@GenerateLoaderJson cost memory 0.6967697143554688
[2026-04-19T19:18:15.100] [DEBUG] debug-file - runTaskFromQueue task cost before running: 525 ms 
[2026-04-19T19:18:15.102] [INFO] debug-file - Finished :entry:default@GenerateLoaderJson... after 10 ms 
[2026-04-19T19:18:15.103] [DEBUG] debug-file - Executing task :entry:default@ProcessLibs
[2026-04-19T19:18:15.106] [DEBUG] debug-file - entry:default@ProcessLibs is not up-to-date, since the input file 'D:\Harmonyos\Rdb\oh_modules\.ohpm\@ohos+mpchart@3.0.27\oh_modules\@ohos\mpchart\libs' has been changed.
[2026-04-19T19:18:15.106] [DEBUG] debug-file - Incremental task entry:default@ProcessLibs pre-execution cost: 1 ms .
[2026-04-19T19:18:15.108] [DEBUG] debug-file - Worker dispatch failed, running processLibs on main thread.
[2026-04-19T19:18:15.109] [DEBUG] debug-file - entry : default@ProcessLibs cost memory 0.35999298095703125
[2026-04-19T19:18:15.109] [DEBUG] debug-file - runTaskFromQueue task cost before running: 535 ms 
[2026-04-19T19:18:15.110] [INFO] debug-file - Finished :entry:default@ProcessLibs... after 6 ms 
[2026-04-19T19:18:15.110] [DEBUG] debug-file - restool module names: entry; moduleName=entry, taskName=default@CompileResource
[2026-04-19T19:18:15.114] [DEBUG] debug-file - Executing task :entry:default@CompileResource
[2026-04-19T19:18:15.122] [DEBUG] debug-file - entry:default@CompileResource is not up-to-date, since the input file 'D:\Harmonyos\Rdb\oh_modules\.ohpm\@ohos+mpchart@3.0.27\oh_modules\@ohos\mpchart\src\main\resources' has been changed.
[2026-04-19T19:18:15.122] [DEBUG] debug-file - Incremental task entry:default@CompileResource pre-execution cost: 4 ms .
[2026-04-19T19:18:15.141] [DEBUG] debug-file - Use tool [C:\Program Files\Huawei\DevEco Studio\sdk\default\openharmony\toolchains\restool.exe]
 [
  'C:\\Program Files\\Huawei\\DevEco Studio\\sdk\\default\\openharmony\\toolchains\\restool.exe',
  '-l',
  'D:\\Harmonyos\\Rdb\\entry\\build\\default\\intermediates\\res\\default\\resConfig.json'
]
[2026-04-19T19:18:15.143] [DEBUG] debug-file - current process  memoryUsage: {
  rss: 227348480,
  heapTotal: 167800832,
  heapUsed: 143333800,
  external: 3625381,
  arrayBuffers: 508394
} os memoryUsage :13.709495544433594
[2026-04-19T19:18:15.182] [DEBUG] debug-file - Info: Pack: normal pack mode

[2026-04-19T19:18:15.226] [DEBUG] debug-file - Info: hardware concurrency count is : 18

[2026-04-19T19:18:15.226] [DEBUG] debug-file - Info: thread count is : 18
Info: thread pool is started

[2026-04-19T19:18:15.227] [DEBUG] debug-file - Info: GenericCompiler::CompileFiles

[2026-04-19T19:18:15.235] [DEBUG] debug-file - Info: GenericCompiler::CompileFiles

[2026-04-19T19:18:15.248] [DEBUG] debug-file - Info: GenericCompiler::CompileFiles

[2026-04-19T19:18:15.254] [DEBUG] debug-file - Info: GenericCompiler::CompileFiles
Warning: 'D:\Harmonyos\Rdb\oh_modules\.ohpm\@ohos+mpchart@3.0.27\oh_modules\@ohos\mpchart\src\main\resources\base\media\icon.png' is defined repeatedly.

[2026-04-19T19:18:15.256] [DEBUG] debug-file - Warning: 'description_mainability' conflict, first declared.
at D:\Harmonyos\Rdb\oh_modules\.ohpm\@ohos+mpchart@3.0.27\oh_modules\@ohos\mpchart\src\main\resources\base\element\string.json
but declared again.
at D:\Harmonyos\Rdb\entry\build\default\intermediates\res\default\resource_str\base\element\string.json
Warning: 'description_mainability' conflict, first declared.
at D:\Harmonyos\Rdb\oh_modules\.ohpm\@ohos+mpchart@3.0.27\oh_modules\@ohos\mpchart\src\main\resources\zh_CN\element\string.json
but declared again.
at D:\Harmonyos\Rdb\entry\build\default\intermediates\res\default\resource_str\zh_CN\element\string.json
Warning: 'entry_MainAbility' conflict, first declared.
at D:\Harmonyos\Rdb\oh_modules\.ohpm\@ohos+mpchart@3.0.27\oh_modules\@ohos\mpchart\src\main\resources\base\element\string.json
but declared again.
at D:\Harmonyos\Rdb\entry\build\default\intermediates\res\default\resource_str\base\element\string.json
Warning: 'entry_MainAbility' conflict, first declared.
at D:\Harmonyos\Rdb\oh_modules\.ohpm\@ohos+mpchart@3.0.27\oh_modules\@ohos\mpchart\src\main\resources\zh_CN\element\string.json
but declared again.
at D:\Harmonyos\Rdb\entry\build\default\intermediates\res\default\resource_str\zh_CN\element\string.json
Warning: 'mpchart_no_data_available' conflict, first declared.
at D:\Harmonyos\Rdb\oh_modules\.ohpm\@ohos+mpchart@3.0.27\oh_modules\@ohos\mpchart\src\main\resources\base\element\string.json
but declared again.
at D:\Harmonyos\Rdb\entry\build\default\intermediates\res\default\resource_str\base\element\string.json
Warning: 'mpchart_no_data_available' conflict, first declared.
at D:\Harmonyos\Rdb\oh_modules\.ohpm\@ohos+mpchart@3.0.27\oh_modules\@ohos\mpchart\src\main\resources\zh_CN\element\string.json
but declared again.
at D:\Harmonyos\Rdb\entry\build\default\intermediates\res\default\resource_str\zh_CN\element\string.json

[2026-04-19T19:18:15.259] [DEBUG] debug-file - 04-19 19:18:15.259 23940 10120 E C01400/ImageTranscoderUtils: DecodeToRGBA IN
04-19 19:18:15.259 23940 10120 E C01400/ImageTranscoderUtils: ImageFilter IN D:\Harmonyos\Rdb\AppScope\resources\base\media\app_icon.png

[2026-04-19T19:18:15.259] [DEBUG] debug-file - 04-19 19:18:15.260 23940 10120 E C01400/ImageTranscoder: TranscodeSLR Only zoom-out is supported.
Warning: ScaleImage failed, error message: INVALID_PARAMETERS, file path = D:\Harmonyos\Rdb\AppScope\resources\base\media\app_icon.png

[2026-04-19T19:18:15.262] [DEBUG] debug-file - 04-19 19:18:15.263 23940 10120 E C01400/ImageTranscoderUtils: DecodeToRGBA IN
04-19 19:18:15.263 23940 10120 E C01400/ImageTranscoderUtils: ImageFilter IN D:\Harmonyos\Rdb\entry\src\main\resources\base\media\icon.png

[2026-04-19T19:18:15.263] [DEBUG] debug-file - 04-19 19:18:15.263 23940 10120 E C01400/ImageTranscoder: TranscodeSLR Only zoom-out is supported.
Warning: ScaleImage failed, error message: INVALID_PARAMETERS, file path = D:\Harmonyos\Rdb\entry\src\main\resources\base\media\icon.png

[2026-04-19T19:18:15.265] [DEBUG] debug-file - Warning: The width or height of the png file referenced by the icon exceeds the limit (41 pixels)
at D:\Harmonyos\Rdb\AppScope\resources\base\media\app_icon.png

[2026-04-19T19:18:15.265] [DEBUG] debug-file - Warning: The width or height of the png file referenced by the icon exceeds the limit (41 pixels)
at D:\Harmonyos\Rdb\entry\src\main\resources\base\media\icon.png

[2026-04-19T19:18:15.265] [DEBUG] debug-file - Info: restool resources compile success.

[2026-04-19T19:18:15.266] [DEBUG] debug-file - Info: thread pool is stopped

[2026-04-19T19:18:15.326] [DEBUG] debug-file - entry : default@CompileResource cost memory 1.1428756713867188
[2026-04-19T19:18:15.327] [DEBUG] debug-file - runTaskFromQueue task cost before running: 753 ms 
[2026-04-19T19:18:15.327] [INFO] debug-file - Finished :entry:default@CompileResource... after 213 ms 
[2026-04-19T19:18:15.328] [DEBUG] debug-file - Executing task :entry:default@DoNativeStrip
[2026-04-19T19:18:15.329] [DEBUG] debug-file - Task 'entry:default@DoNativeStrip' cost while wrapping incremental declarations: 1 ms 
[2026-04-19T19:18:15.329] [DEBUG] debug-file - Incremental task entry:default@DoNativeStrip pre-execution cost: 1 ms .
[2026-04-19T19:18:15.329] [DEBUG] debug-file - entry : default@DoNativeStrip cost memory 0.07485198974609375
[2026-04-19T19:18:15.329] [INFO] debug-file - UP-TO-DATE :entry:default@DoNativeStrip...  
[2026-04-19T19:18:15.331] [DEBUG] debug-file - Executing task :entry:default@CompileArkTS
[2026-04-19T19:18:15.331] [DEBUG] debug-file - obfuscationOptions: undefined
[2026-04-19T19:18:15.334] [DEBUG] debug-file - Task 'entry:default@CompileArkTS' cost while wrapping incremental declarations: 1 ms 
[2026-04-19T19:18:15.337] [DEBUG] debug-file - entry:default@CompileArkTS is not up-to-date, since the input file 'D:\Harmonyos\Rdb\entry\build\default\intermediates\loader\default' has been changed.
[2026-04-19T19:18:15.337] [DEBUG] debug-file - Incremental task entry:default@CompileArkTS pre-execution cost: 2 ms .
[2026-04-19T19:18:15.346] [DEBUG] debug-file - build config:
[2026-04-19T19:18:15.346] [DEBUG] debug-file - {
  moduleType: 'entry',
  perf: 0,
  targetName: '.default',
  packageManagerType: 'ohpm',
  localPropertiesPath: 'D:\\Harmonyos\\Rdb\\local.properties',
  isPreview: false,
  isOhosTest: false,
  isLocalTest: false,
  buildMode: 'Debug',
  hotReloadBuild: undefined,
  watchMode: 'false',
  aceProfilePath: 'D:\\Harmonyos\\Rdb\\entry\\build\\default\\intermediates\\res\\default\\resources\\base\\profile',
  etsLoaderPath: 'C:\\Program Files\\Huawei\\DevEco Studio\\sdk\\default\\openharmony\\ets\\build-tools\\ets-loader',
  modulePath: 'D:\\Harmonyos\\Rdb\\entry',
  testFrameworkPar: {
    testMode: undefined,
    coveragePathFilter: undefined,
    coverageMode: undefined
  },
  needCoverageInsert: false,
  debugLine: false,
  projectTopDir: 'D:\\Harmonyos\\Rdb',
  compileSdkVersion: 22,
  compatibleSdkVersion: 17,
  originCompatibleSdkVersion: '5.0.5(17)',
  compatibleSdkVersionStage: undefined,
  bundleName: 'c***b',
  etsLoaderVersion: '6.0.2.130',
  etsLoaderReleaseType: 'Release',
  aotCompileMode: 'type',
  apPath: 'D:\\Harmonyos\\Rdb\\entry\\modules.ap',
  entryModuleName: 'entry',
  entryModuleVersion: '1.0.0',
  entryPackageName: 'entry',
  allModuleNameHash: '199d9c189e05aafae23be9098c561ff961e0b37017b028c869204eaf5bb9b356',
  externalApiPaths: [
    'C:\\Program Files\\Huawei\\DevEco Studio\\sdk\\default\\hms\\ets'
  ],
  compilerTypes: [],
  isCrossplatform: false,
  hvigorPluginFile: undefined,
  compilePluginPath: undefined,
  buildGeneratedProfilePath: 'D:\\Harmonyos\\Rdb\\entry\\build\\default\\generated\\profile\\default',
  bundleType: 'app',
  arkTSVersion: undefined,
  apiVersion: 22,
  needCompleteSourcesMap: false,
  isFaMode: false,
  buildDir: 'D:\\Harmonyos\\Rdb\\entry\\build',
  deviceTypes: [ 'phone' ],
  pkgContextInfo: undefined,
  ohPackagePathMap: {},
  dependencyAliasMap: {},
  permission: { requestPermissions: [ [Object] ], definePermissions: undefined },
  useGetCurrentBundleName: false,
  projectArkOption: undefined,
  sourceMapDir: undefined,
  branchElimination: false,
  transformLib: undefined,
  tsImportSendable: false,
  resolveConflictMode: true,
  depName2RootPath: {},
  depName2DepInfo: {},
  rootPathSet: [ 'D:\\Harmonyos\\Rdb' ],
  useNativeResolver: true,
  shouldEmitJs: true,
  useTscResolve: false,
  singleFileEmit: false,
  userProjectConfig: {
    autoLazyImport: false,
    allowEmptyBundleName: false,
    reExportCheckMode: 'noCheck',
    executionMode: 'memory',
    usePathPlaceholder: false,
    writeRollupCache: true,
    isExpandImportEnabled: false,
    expandImportExclude: '',
    lazyImportExclude: '',
    lazyImportInclude: '',
    ignoreCrossplatformCheck: false,
    isHarDeduplicateEnabled: false,
    skipOhModulesLint: false,
    enableStrictCheckOHModule: false,
    disableSendableCheckRules: [],
    useDeclarationFileSignature: false,
    customizedOptions: undefined,
    integratedHsp: false,
    isPreloadSoEnabled: false
  },
  executionMode: 'memory',
  arkCompileCachePath: 'D:\\Harmonyos\\Rdb\\entry\\build\\default\\cache\\default\\default@CompileArkTS\\esmodule',
  autoLazyFilter: undefined,
  isHarDeduplicateEnabled: false,
  intermediateHarDuplicateDirPath: 'D:\\Harmonyos\\Rdb\\entry\\build\\default\\intermediates\\har_duplicate\\default',
  autoLazyImport: false,
  allowEmptyBundleName: false,
  reExportCheckMode: 'noCheck',
  usePathPlaceholder: false,
  writeRollupCache: true,
  isExpandImportEnabled: false,
  expandImportExclude: '',
  lazyImportExclude: '',
  lazyImportInclude: '',
  ignoreCrossplatformCheck: false,
  skipOhModulesLint: false,
  enableStrictCheckOHModule: false,
  disableSendableCheckRules: [],
  useDeclarationFileSignature: false,
  customizedOptions: undefined,
  integratedHsp: false,
  isPreloadSoEnabled: false,
  strictMode: undefined,
  useNormalizedOHMUrl: false,
  caseSensitiveCheck: false,
  aceModuleJsonPath: 'D:\\Harmonyos\\Rdb\\entry\\build\\default\\intermediates\\res\\default\\ark_module.json',
  appResource: 'D:\\Harmonyos\\Rdb\\entry\\build\\default\\intermediates\\res\\default\\ResourceTable.txt',
  rawFileResource: 'D:\\Harmonyos\\Rdb\\entry\\build\\default\\intermediates\\res\\default\\resources\\rawfile',
  resourceTableHash: 'bc30de88bcdc2d48b439b5331438f18f5e6581667fb0e08a149114abb4f3a1a7',
  runtimeOS: 'HarmonyOS',
  sdkInfo: 'false:22:6.0.2.130:Release',
  aceModuleRoot: 'D:\\Harmonyos\\Rdb\\entry\\src\\main\\ets',
  compileMode: 'esmodule',
  aceSuperVisualPath: 'D:\\Harmonyos\\Rdb\\entry\\src\\main\\supervisual',
  aceBuildJson: 'D:\\Harmonyos\\Rdb\\entry\\build\\default\\intermediates\\loader\\default\\loader.json',
  cachePath: 'D:\\Harmonyos\\Rdb\\entry\\build\\default\\cache\\default\\default@CompileArkTS\\esmodule\\debug',
  aceModuleBuild: 'D:\\Harmonyos\\Rdb\\entry\\build\\default\\intermediates\\loader_out\\default\\ets',
  supportChunks: true,
  declaredFilesPath: undefined,
  shouldCollectDirectImportees: false,
  isByteCodeHarOptimize: false,
  expandImportPath: undefined,
  pkgNameToPkgBriefInfo: {
    '@ohos/mpchart': {
      pkgRoot: 'D:\\Harmonyos\\Rdb\\oh_modules\\.ohpm\\@ohos+mpchart@3.0.27\\oh_modules\\@ohos\\mpchart',
      pkgName: '@ohos/mpchart',
      sourceRoots: [Array]
    },
    entry: {
      pkgRoot: 'D:\\Harmonyos\\Rdb\\entry',
      originalSourceRoots: undefined,
      sourceRoots: [Array],
      pkgName: 'entry'
    }
  },
  projectModel: {
    'D:\\Harmonyos\\Rdb\\entry\\src\\main': {
      moduleName: 'entry',
      modulePkgPath: 'D:\\Harmonyos\\Rdb\\entry',
      belongProjectPath: 'D:\\Harmonyos\\Rdb'
    },
    'D:\\Harmonyos\\Rdb\\entry': {
      moduleName: 'entry',
      modulePkgPath: 'D:\\Harmonyos\\Rdb\\entry',
      belongProjectPath: 'D:\\Harmonyos\\Rdb'
    },
    'D:\\Harmonyos\\Rdb': {
      moduleName: 'Rdb',
      modulePkgPath: 'D:\\Harmonyos\\Rdb',
      belongProjectPath: 'D:\\Harmonyos\\Rdb'
    }
  },
  pkgJsonFileHash: 'd56bf149d8241d4d0c1ae430fabb9fa7e929fed90b32548bd9094ede2f766d24',
  allModulePaths: [ 'D:\\Harmonyos\\Rdb\\entry' ],
  routerMap: {},
  obfuscationOptions: undefined,
  byteCodeHarToDependencyKeys: undefined,
  compileBlockPkg: [],
  mockParams: {
    decorator: '@MockSetup',
    packageName: '@ohos/hamock',
    etsSourceRootPath: 'src/main/ets',
    mockConfigPath: undefined,
    mockConfigKey2ModuleInfo: {},
    source2ModuleIdMap: {}
  },
  copyCodeResourceEnable: true,
  copyCodeResourceExcludes: [],
  copyCodeResourceIncludes: undefined,
  uiTransformOptimization: false,
  sdkPath: 'C:/Program Files/Huawei/DevEco Studio/sdk',
  needPreloadSoFileSet: {},
  preloadSoFilePath: 'D:\\Harmonyos\\Rdb\\entry\\build\\default\\intermediates\\preload\\default\\preload.json',
  useSourceHash: false,
  localModuleParamMap: {},
  otherPaths: {
    '@ohos/mpchart/*': [
      '..\\..\\..\\..\\oh_modules\\.ohpm\\@ohos+mpchart@3.0.27\\oh_modules\\@ohos\\mpchart\\src\\main\\*'
    ],
    'entry/*': [
      '..\\*',
      '..\\..\\..\\build\\default\\generated\\profile\\default\\*'
    ]
  },
  collectImportersConfig: undefined
}
[2026-04-19T19:18:15.346] [DEBUG] debug-file - Compile arkts with external api path: C:\Program Files\Huawei\DevEco Studio\sdk\default\hms\ets
[2026-04-19T19:18:15.347] [DEBUG] debug-file - default@CompileArkTS work[0] is submitted.
[2026-04-19T19:18:15.348] [DEBUG] debug-file - default@CompileArkTS work[0] is pushed to ready queue.
[2026-04-19T19:18:15.348] [DEBUG] debug-file - A work dispatched to worker[17] failed because unable to get work from ready queue.
[2026-04-19T19:18:15.348] [DEBUG] debug-file - A work dispatched to worker[16] failed because unable to get work from ready queue.
[2026-04-19T19:18:15.348] [DEBUG] debug-file - A work dispatched to worker[15] failed because unable to get work from ready queue.
[2026-04-19T19:18:15.348] [DEBUG] debug-file - A work dispatched to worker[14] failed because unable to get work from ready queue.
[2026-04-19T19:18:15.348] [DEBUG] debug-file - A work dispatched to worker[13] failed because unable to get work from ready queue.
[2026-04-19T19:18:15.348] [DEBUG] debug-file - A work dispatched to worker[12] failed because unable to get work from ready queue.
[2026-04-19T19:18:15.348] [DEBUG] debug-file - A work dispatched to worker[11] failed because unable to get work from ready queue.
[2026-04-19T19:18:15.348] [DEBUG] debug-file - A work dispatched to worker[10] failed because unable to get work from ready queue.
[2026-04-19T19:18:15.348] [DEBUG] debug-file - A work dispatched to worker[9] failed because unable to get work from ready queue.
[2026-04-19T19:18:15.348] [DEBUG] debug-file - A work dispatched to worker[8] failed because unable to get work from ready queue.
[2026-04-19T19:18:15.348] [DEBUG] debug-file - A work dispatched to worker[7] failed because unable to get work from ready queue.
[2026-04-19T19:18:15.348] [DEBUG] debug-file - A work dispatched to worker[6] failed because unable to get work from ready queue.
[2026-04-19T19:18:15.348] [DEBUG] debug-file - A work dispatched to worker[5] failed because unable to get work from ready queue.
[2026-04-19T19:18:15.348] [DEBUG] debug-file - Create  resident worker with id: 4.
[2026-04-19T19:18:15.350] [DEBUG] debug-file - default@CompileArkTS work[0] has been dispatched to worker[4].
[2026-04-19T19:18:15.350] [DEBUG] debug-file - default@CompileArkTS work[0] is dispatched.
[2026-04-19T19:18:15.350] [DEBUG] debug-file - CopyResources startTime: 322897299817200
[2026-04-19T19:18:15.350] [DEBUG] debug-file - default@CompileArkTS work[1] is submitted.
[2026-04-19T19:18:15.351] [DEBUG] debug-file - default@CompileArkTS work[1] is pushed to ready queue.
[2026-04-19T19:18:15.351] [DEBUG] debug-file - A work dispatched to worker[17] failed because unable to get work from ready queue.
[2026-04-19T19:18:15.351] [DEBUG] debug-file - Create  resident worker with id: 16.
[2026-04-19T19:18:15.351] [DEBUG] debug-file - default@CompileArkTS work[1] has been dispatched to worker[16].
[2026-04-19T19:18:15.351] [DEBUG] debug-file - default@CompileArkTS work[1] is dispatched.
[2026-04-19T19:18:15.352] [DEBUG] debug-file - entry : default@CompileArkTS cost memory 2.0877151489257812
[2026-04-19T19:18:15.353] [DEBUG] debug-file - Executing task :entry:default@BuildJS
[2026-04-19T19:18:15.353] [DEBUG] debug-file - Task 'entry:default@BuildJS' cost while wrapping incremental declarations: 1 ms 
[2026-04-19T19:18:15.355] [DEBUG] debug-file - entry : default@BuildJS cost memory 0.150848388671875
[2026-04-19T19:18:15.355] [DEBUG] debug-file - runTaskFromQueue task cost before running: 781 ms 
[2026-04-19T19:18:15.355] [INFO] debug-file - Finished :entry:default@BuildJS... after 3 ms 
[2026-04-19T19:18:15.357] [DEBUG] debug-file - Executing task :entry:default@CacheNativeLibs
[2026-04-19T19:18:15.357] [DEBUG] debug-file - Task 'entry:default@CacheNativeLibs' cost while wrapping incremental declarations: 1 ms 
[2026-04-19T19:18:15.358] [DEBUG] debug-file - Incremental task entry:default@CacheNativeLibs pre-execution cost: 1 ms .
[2026-04-19T19:18:15.358] [DEBUG] debug-file - entry : default@CacheNativeLibs cost memory 0.08783721923828125
[2026-04-19T19:18:15.358] [INFO] debug-file - UP-TO-DATE :entry:default@CacheNativeLibs...  
[2026-04-19T19:18:16.274] [DEBUG] debug-file - worker[16] has one work done.
[2026-04-19T19:18:16.274] [DEBUG] debug-file - CopyResources is end, endTime: 322898223721100
[2026-04-19T19:18:16.275] [DEBUG] debug-file - default@CompileArkTS work[1] done.
[2026-04-19T19:18:16.275] [DEBUG] debug-file - A work dispatched to worker[16] failed because unable to get work from ready queue.
[2026-04-19T19:18:36.179] [WARN] debug-file - [33mWARN: [33m[33mArkTS:WARN File: D:/Harmonyos/Rdb/oh_modules/.ohpm/@ohos+mpchart@3.0.27/oh_modules/@ohos/mpchart/src/main/ets/components/data/ChartPixelMap.ets:35:24
 Function may throw exceptions. Special handling is required.
[39m[39m
[33mWARN: [33m[33mArkTS:WARN File: D:/Harmonyos/Rdb/oh_modules/.ohpm/@ohos+mpchart@3.0.27/oh_modules/@ohos/mpchart/src/main/ets/components/formatter/DefaultAxisValueFormatter.ets:43:26
 Function may throw exceptions. Special handling is required.
[39m[39m
[33mWARN: [33m[33mArkTS:WARN File: D:/Harmonyos/Rdb/oh_modules/.ohpm/@ohos+mpchart@3.0.27/oh_modules/@ohos/mpchart/src/main/ets/components/formatter/DefaultAxisValueFormatter.ets:48:7
 Function may throw exceptions. Special handling is required.
[39m[39m
[33mWARN: [33m[33mArkTS:WARN File: D:/Harmonyos/Rdb/oh_modules/.ohpm/@ohos+mpchart@3.0.27/oh_modules/@ohos/mpchart/src/main/ets/components/charts/ChartModel.ets:212:14
 'getContext' has been deprecated.
[39m[39m
[33mWARN: [33m[33mArkTS:WARN File: D:/Harmonyos/Rdb/oh_modules/.ohpm/@ohos+mpchart@3.0.27/oh_modules/@ohos/mpchart/src/main/ets/components/utils/Utils.ets:137:26
 Function may throw exceptions. Special handling is required.
[39m[39m
[33mWARN: [33m[33mArkTS:WARN File: D:/Harmonyos/Rdb/oh_modules/.ohpm/@ohos+mpchart@3.0.27/oh_modules/@ohos/mpchart/src/main/ets/components/utils/Utils.ets:142:7
 Function may throw exceptions. Special handling is required.
[39m[39m
[33mWARN: [33m[33mArkTS:WARN File: D:/Harmonyos/Rdb/oh_modules/.ohpm/@ohos+mpchart@3.0.27/oh_modules/@ohos/mpchart/src/main/ets/components/utils/Utils.ets:148:26
 Function may throw exceptions. Special handling is required.
[39m[39m
[33mWARN: [33m[33mArkTS:WARN File: D:/Harmonyos/Rdb/oh_modules/.ohpm/@ohos+mpchart@3.0.27/oh_modules/@ohos/mpchart/src/main/ets/components/utils/Utils.ets:153:7
 Function may throw exceptions. Special handling is required.
[39m[39m
[33mWARN: [33m[33mArkTS:WARN File: D:/Harmonyos/Rdb/oh_modules/.ohpm/@ohos+mpchart@3.0.27/oh_modules/@ohos/mpchart/src/main/ets/components/listener/BarLineChartTouchListener.ets:1173:7
 Function may throw exceptions. Special handling is required.
[39m[39m
[33mWARN: [33m[33mArkTS:WARN File: D:/Harmonyos/Rdb/oh_modules/.ohpm/@ohos+mpchart@3.0.27/oh_modules/@ohos/mpchart/src/main/ets/components/listener/PieRadarChartTouchListener.ets:391:7
 Function may throw exceptions. Special handling is required.
[39m[39m

[2026-04-19T19:18:36.180] [DEBUG] debug-file - Ark compile task finished.finished time is 322918129407900
[2026-04-19T19:18:36.184] [DEBUG] debug-file - worker[4] has one work done.
[2026-04-19T19:18:36.186] [DEBUG] debug-file - default@CompileArkTS work[0] done.
[2026-04-19T19:18:36.189] [INFO] debug-file - Finished :entry:default@CompileArkTS... after 18 s 662 ms 
[2026-04-19T19:18:36.191] [DEBUG] debug-file - Executing task :entry:default@GeneratePkgModuleJson
[2026-04-19T19:18:36.191] [DEBUG] debug-file - File: 'D:\Harmonyos\Rdb\entry\build\default\intermediates\preload\default\preload.json' from 'preloadSoJsonPath' is not exists, just ignore.
[2026-04-19T19:18:36.192] [DEBUG] debug-file - Error occurs while handling @Input 'shouldDeduplicateHar': The "data" argument must be of type string or an instance of Buffer, TypedArray, or DataView. Received undefined
[2026-04-19T19:18:36.192] [DEBUG] debug-file - Task 'entry:default@GeneratePkgModuleJson' cost while wrapping incremental declarations: 2 ms 
[2026-04-19T19:18:36.193] [DEBUG] debug-file - entry:default@GeneratePkgModuleJson is not up-to-date, since the input file 'D:\Harmonyos\Rdb\entry\build\default\intermediates\res\default\module.json' has been changed.
[2026-04-19T19:18:36.193] [DEBUG] debug-file - Incremental task entry:default@GeneratePkgModuleJson pre-execution cost: 1 ms .
[2026-04-19T19:18:36.196] [DEBUG] debug-file - entry : default@GeneratePkgModuleJson cost memory 0.2000732421875
[2026-04-19T19:18:36.196] [DEBUG] debug-file - runTaskFromQueue task cost before running: 21 s 622 ms 
[2026-04-19T19:18:36.197] [INFO] debug-file - Finished :entry:default@GeneratePkgModuleJson... after 6 ms 
[2026-04-19T19:18:36.200] [DEBUG] debug-file - Executing task :entry:default@ProcessCompiledResources
[2026-04-19T19:18:36.201] [DEBUG] debug-file - File: 'D:\Harmonyos\Rdb\entry\build\default\intermediates\preload\default\preload.json' from 'preloadSoJsonPath' is not exists, just ignore.
[2026-04-19T19:18:36.201] [DEBUG] debug-file - Task 'entry:default@ProcessCompiledResources' cost while wrapping incremental declarations: 1 ms 
[2026-04-19T19:18:36.202] [DEBUG] debug-file - entry : default@ProcessCompiledResources cost memory 0.058380126953125
[2026-04-19T19:18:36.202] [DEBUG] debug-file - runTaskFromQueue task cost before running: 21 s 628 ms 
[2026-04-19T19:18:36.203] [INFO] debug-file - Finished :entry:default@ProcessCompiledResources... after 2 ms 
[2026-04-19T19:18:36.206] [DEBUG] debug-file - Executing task :entry:default@PackageHap
[2026-04-19T19:18:36.210] [DEBUG] debug-file - entry:default@PackageHap is not up-to-date, since the input file 'D:\Harmonyos\Rdb\entry\build\default\intermediates\res\default\module.json' has been changed.
[2026-04-19T19:18:36.210] [DEBUG] debug-file - Incremental task entry:default@PackageHap pre-execution cost: 3 ms .
[2026-04-19T19:18:36.213] [DEBUG] debug-file - Use tool [C:\Program Files\Huawei\DevEco Studio\sdk\default\openharmony\toolchains\lib\app_packing_tool.jar]
 [
  'java',
  '-Dfile.encoding=GBK',
  '-jar',
  'C:\\Program Files\\Huawei\\DevEco Studio\\sdk\\default\\openharmony\\toolchains\\lib\\app_packing_tool.jar',
  '--mode',
  'hap',
  '--force',
  'true',
  '--lib-path',
  'D:\\Harmonyos\\Rdb\\entry\\build\\default\\intermediates\\stripped_native_libs\\default',
  '--json-path',
  'D:\\Harmonyos\\Rdb\\entry\\build\\default\\intermediates\\package\\default\\module.json',
  '--resources-path',
  'D:\\Harmonyos\\Rdb\\entry\\build\\default\\intermediates\\res\\default\\resources',
  '--index-path',
  'D:\\Harmonyos\\Rdb\\entry\\build\\default\\intermediates\\res\\default\\resources.index',
  '--pack-info-path',
  'D:\\Harmonyos\\Rdb\\entry\\build\\default\\outputs\\default\\pack.info',
  '--out-path',
  'D:\\Harmonyos\\Rdb\\entry\\build\\default\\outputs\\default\\entry-default-unsigned.hap',
  '--ets-path',
  'D:\\Harmonyos\\Rdb\\entry\\build\\default\\intermediates\\loader_out\\default\\ets'
]
[2026-04-19T19:18:36.399] [DEBUG] debug-file - A work dispatched to worker[4] failed because unable to get work from ready queue.
[2026-04-19T19:18:36.748] [DEBUG] debug-file - java daemon socket received message:{"code":0,"message":"pack success"}
[2026-04-19T19:18:36.757] [DEBUG] debug-file - entry : default@PackageHap cost memory 0.6469802856445312
[2026-04-19T19:18:36.757] [DEBUG] debug-file - runTaskFromQueue task cost before running: 22 s 183 ms 
[2026-04-19T19:18:36.759] [INFO] debug-file - Finished :entry:default@PackageHap... after 552 ms 
[2026-04-19T19:18:36.762] [DEBUG] debug-file - Executing task :entry:default@PackingCheck
[2026-04-19T19:18:36.775] [DEBUG] debug-file - entry : default@PackingCheck cost memory 0.6342620849609375
[2026-04-19T19:18:36.775] [DEBUG] debug-file - runTaskFromQueue task cost before running: 22 s 201 ms 
[2026-04-19T19:18:36.775] [INFO] debug-file - Finished :entry:default@PackingCheck... after 14 ms 
[2026-04-19T19:18:36.778] [DEBUG] debug-file - Executing task :entry:default@SignHap
[2026-04-19T19:18:36.779] [WARN] debug-file - Will skip sign 'hos_hap'. No signingConfigs profile is configured in current project.
             If needed, configure the signingConfigs in D:\Harmonyos\Rdb\build-profile.json5.
[2026-04-19T19:18:36.780] [DEBUG] debug-file - entry:default@SignHap is not up-to-date, since the input file 'D:\Harmonyos\Rdb\entry\build\default\outputs\default\entry-default-unsigned.hap' has been changed.
[2026-04-19T19:18:36.781] [DEBUG] debug-file - Incremental task entry:default@SignHap pre-execution cost: 1 ms .
[2026-04-19T19:18:36.782] [DEBUG] debug-file - entry : default@SignHap cost memory 0.15239715576171875
[2026-04-19T19:18:36.782] [DEBUG] debug-file - runTaskFromQueue task cost before running: 22 s 208 ms 
[2026-04-19T19:18:36.782] [INFO] debug-file - Finished :entry:default@SignHap... after 4 ms 
[2026-04-19T19:18:36.784] [DEBUG] debug-file - Executing task :entry:default@CollectDebugSymbol
[2026-04-19T19:18:36.786] [DEBUG] debug-file - entry : default@CollectDebugSymbol cost memory -0.6532669067382812
[2026-04-19T19:18:36.786] [DEBUG] debug-file - runTaskFromQueue task cost before running: 22 s 212 ms 
[2026-04-19T19:18:36.786] [INFO] debug-file - Finished :entry:default@CollectDebugSymbol... after 3 ms 
[2026-04-19T19:18:36.787] [DEBUG] debug-file - Executing task :entry:assembleHap
[2026-04-19T19:18:36.787] [DEBUG] debug-file - entry : assembleHap cost memory 0.0128631591796875
[2026-04-19T19:18:36.787] [DEBUG] debug-file - runTaskFromQueue task cost before running: 22 s 213 ms 
[2026-04-19T19:18:36.787] [INFO] debug-file - Finished :entry:assembleHap... after 1 ms 
[2026-04-19T19:18:36.799] [INFO] debug-file - BUILD SUCCESSFUL in 22 s 225 ms 
[2026-04-19T19:18:36.801] [DEBUG] debug-file - Update task entry:default@PreBuild input file:D:\Harmonyos\Rdb\AppScope\app.json5 cache by regenerate.
[2026-04-19T19:18:36.801] [DEBUG] debug-file - Update task entry:default@PreBuild input file:D:\Harmonyos\Rdb\entry\src\main\module.json5 cache by regenerate.
[2026-04-19T19:18:36.801] [DEBUG] debug-file - Update task entry:default@PreBuild input file:D:\Harmonyos\Rdb\build-profile.json5 cache by regenerate.
[2026-04-19T19:18:36.802] [DEBUG] debug-file - Update task entry:default@PreBuild input file:D:\Harmonyos\Rdb\entry\build-profile.json5 cache by regenerate.
[2026-04-19T19:18:36.802] [DEBUG] debug-file - Update task entry:default@PreBuild input file:D:\Harmonyos\Rdb\entry\src\main\resources\base\profile\main_pages.json cache by regenerate.
[2026-04-19T19:18:36.802] [DEBUG] debug-file - Update task entry:default@PreBuild input file:D:\Harmonyos\Rdb\hvigor\hvigor-config.json5 cache by regenerate.
[2026-04-19T19:18:36.802] [DEBUG] debug-file - Update task entry:default@PreBuild input file:D:\Harmonyos\Rdb\entry\oh-package.json5 cache by regenerate.
[2026-04-19T19:18:36.802] [DEBUG] debug-file - Update task entry:default@PreBuild input file:D:\Harmonyos\Rdb\oh-package.json5 cache from map.
[2026-04-19T19:18:36.803] [DEBUG] debug-file - Incremental task entry:default@PreBuild post-execution cost:3 ms .
[2026-04-19T19:18:36.803] [DEBUG] debug-file - Update task entry:default@CreateModuleInfo output file:D:\Harmonyos\Rdb\entry\build\default\generated\profile\default\ModuleInfo.ts cache.
[2026-04-19T19:18:36.804] [DEBUG] debug-file - Incremental task entry:default@CreateModuleInfo post-execution cost:1 ms .
[2026-04-19T19:18:36.804] [DEBUG] debug-file - There is no need to refresh cache, since the incremental task entry:default@GenerateMetadata is up-to-date.
[2026-04-19T19:18:36.804] [DEBUG] debug-file - Update task entry:default@MergeProfile input file:D:\Harmonyos\Rdb\AppScope\app.json5 cache by regenerate.
[2026-04-19T19:18:36.804] [DEBUG] debug-file - Update task entry:default@MergeProfile input file:D:\Harmonyos\Rdb\build-profile.json5 cache by regenerate.
[2026-04-19T19:18:36.805] [DEBUG] debug-file - Update task entry:default@MergeProfile input file:D:\Harmonyos\Rdb\entry\src\main\module.json5 cache by regenerate.
[2026-04-19T19:18:36.805] [DEBUG] debug-file - Update task entry:default@MergeProfile input file:D:\Harmonyos\Rdb\oh_modules\.ohpm\@ohos+mpchart@3.0.27\oh_modules\@ohos\mpchart\src\main\module.json cache from map.
[2026-04-19T19:18:36.805] [DEBUG] debug-file - Update task entry:default@MergeProfile output file:D:\Harmonyos\Rdb\entry\build\default\intermediates\merge_profile\default\module.json cache.
[2026-04-19T19:18:36.806] [DEBUG] debug-file - Incremental task entry:default@MergeProfile post-execution cost:2 ms .
[2026-04-19T19:18:36.806] [DEBUG] debug-file - There is no need to refresh cache, since the incremental task entry:default@CreateBuildProfile is up-to-date.
[2026-04-19T19:18:36.806] [DEBUG] debug-file - Update task entry:default@GeneratePkgContextInfo output file:D:\Harmonyos\Rdb\entry\build\default\intermediates\loader\default\pkgContextInfo.json cache.
[2026-04-19T19:18:36.806] [DEBUG] debug-file - Incremental task entry:default@GeneratePkgContextInfo post-execution cost:1 ms .
[2026-04-19T19:18:36.806] [DEBUG] debug-file - Update task entry:default@ProcessIntegratedHsp output file:D:\Harmonyos\Rdb\build\cache\default\integrated_hsp\integratedHspCache.json cache.
[2026-04-19T19:18:36.806] [DEBUG] debug-file - Incremental task entry:default@ProcessIntegratedHsp post-execution cost:1 ms .
[2026-04-19T19:18:36.807] [DEBUG] debug-file - There is no need to refresh cache, since the incremental task entry:default@MakePackInfo is up-to-date.
[2026-04-19T19:18:36.807] [DEBUG] debug-file - Update task entry:default@SyscapTransform input file:C:\Program Files\Huawei\DevEco Studio\sdk\default\openharmony\toolchains\syscap_tool.exe cache by regenerate.
[2026-04-19T19:18:36.807] [DEBUG] debug-file - Update task entry:default@SyscapTransform input file:C:\Program Files\Huawei\DevEco Studio\sdk\default\openharmony\ets\api\device-define cache by regenerate.
[2026-04-19T19:18:36.808] [DEBUG] debug-file - Update task entry:default@SyscapTransform output file:D:\Harmonyos\Rdb\entry\build\default\intermediates\syscap\default\rpcid.sc cache.
[2026-04-19T19:18:36.809] [DEBUG] debug-file - Incremental task entry:default@SyscapTransform post-execution cost:3 ms .
[2026-04-19T19:18:36.809] [DEBUG] debug-file - Update task entry:default@ProcessProfile input file:D:\Harmonyos\Rdb\entry\build\default\intermediates\merge_profile\default\module.json cache from map.
[2026-04-19T19:18:36.809] [DEBUG] debug-file - Update task entry:default@ProcessProfile output file:D:\Harmonyos\Rdb\entry\build\default\intermediates\process_profile\default\module.json cache.
[2026-04-19T19:18:36.809] [DEBUG] debug-file - Incremental task entry:default@ProcessProfile post-execution cost:1 ms .
[2026-04-19T19:18:36.810] [DEBUG] debug-file - Update task entry:default@ProcessRouterMap input file:D:\Harmonyos\Rdb\entry\oh-package.json5 cache by regenerate.
[2026-04-19T19:18:36.810] [DEBUG] debug-file - Update task entry:default@ProcessRouterMap input file:D:\Harmonyos\Rdb\oh-package.json5 cache from map.
[2026-04-19T19:18:36.810] [DEBUG] debug-file - Update task entry:default@ProcessRouterMap input file:D:\Harmonyos\Rdb\entry\src\main\module.json5 cache by regenerate.
[2026-04-19T19:18:36.811] [DEBUG] debug-file - Update task entry:default@ProcessRouterMap output file:D:\Harmonyos\Rdb\entry\build\default\intermediates\router_map\default\temp-router-map.json cache.
[2026-04-19T19:18:36.811] [DEBUG] debug-file - Update task entry:default@ProcessRouterMap output file:D:\Harmonyos\Rdb\entry\build\default\intermediates\router_map\default\loader-router-map.json cache.
[2026-04-19T19:18:36.812] [DEBUG] debug-file - Incremental task entry:default@ProcessRouterMap post-execution cost:3 ms .
[2026-04-19T19:18:36.813] [DEBUG] debug-file - Update task entry:default@ProcessShareConfig input file:D:\Harmonyos\Rdb\entry\oh-package.json5 cache by regenerate.
[2026-04-19T19:18:36.813] [DEBUG] debug-file - Update task entry:default@ProcessShareConfig input file:D:\Harmonyos\Rdb\oh-package.json5 cache from map.
[2026-04-19T19:18:36.814] [DEBUG] debug-file - Update task entry:default@ProcessShareConfig input file:D:\Harmonyos\Rdb\entry\src\main\module.json5 cache by regenerate.
[2026-04-19T19:18:36.814] [DEBUG] debug-file - Update task entry:default@ProcessShareConfig output file:D:\Harmonyos\Rdb\entry\build\default\intermediates\share_config\default\temp-share-config.json cache.
[2026-04-19T19:18:36.814] [DEBUG] debug-file - Incremental task entry:default@ProcessShareConfig post-execution cost:2 ms .
[2026-04-19T19:18:36.815] [DEBUG] debug-file - Update task entry:default@ProcessStartupConfig output file:D:\Harmonyos\Rdb\entry\build\default\intermediates\startup\default\startup_config.json cache.
[2026-04-19T19:18:36.815] [DEBUG] debug-file - Incremental task entry:default@ProcessStartupConfig post-execution cost:1 ms .
[2026-04-19T19:18:36.815] [DEBUG] debug-file - Update task entry:default@ProcessResource output file:D:\Harmonyos\Rdb\entry\build\default\intermediates\res\default\resConfig.json cache.
[2026-04-19T19:18:36.815] [DEBUG] debug-file - Update task entry:default@ProcessResource output file:D:\Harmonyos\Rdb\entry\build\default\intermediates\res\default\opt-compression.json cache.
[2026-04-19T19:18:36.815] [DEBUG] debug-file - Incremental task entry:default@ProcessResource post-execution cost:1 ms .
[2026-04-19T19:18:36.817] [DEBUG] debug-file - Update task entry:default@GenerateLoaderJson input file:D:\Harmonyos\Rdb\entry\build\default\intermediates\router_map\default\temp-router-map.json cache from map.
[2026-04-19T19:18:36.817] [DEBUG] debug-file - Update task entry:default@GenerateLoaderJson output file:D:\Harmonyos\Rdb\entry\build\default\intermediates\loader\default\loader.json cache.
[2026-04-19T19:18:36.818] [DEBUG] debug-file - Incremental task entry:default@GenerateLoaderJson post-execution cost:3 ms .
[2026-04-19T19:18:36.818] [DEBUG] debug-file - Update task entry:default@ProcessLibs input file:D:\Harmonyos\Rdb\oh_modules\.ohpm\@ohos+mpchart@3.0.27\oh_modules\@ohos\mpchart\libs cache from map.
[2026-04-19T19:18:36.818] [DEBUG] debug-file - Update task entry:default@ProcessLibs input file:D:\Harmonyos\Rdb\build-profile.json5 cache by regenerate.
[2026-04-19T19:18:36.819] [DEBUG] debug-file - Update task entry:default@ProcessLibs input file:D:\Harmonyos\Rdb\entry\build-profile.json5 cache by regenerate.
[2026-04-19T19:18:36.819] [DEBUG] debug-file - Update task entry:default@ProcessLibs output file:D:\Harmonyos\Rdb\entry\build\default\intermediates\libs\default cache.
[2026-04-19T19:18:36.819] [DEBUG] debug-file - Incremental task entry:default@ProcessLibs post-execution cost:2 ms .
[2026-04-19T19:18:36.820] [DEBUG] debug-file - Update task entry:default@CompileResource input file:D:\Harmonyos\Rdb\entry\src\main\resources cache by regenerate.
[2026-04-19T19:18:36.827] [DEBUG] debug-file - Update task entry:default@CompileResource input file:D:\Harmonyos\Rdb\oh_modules\.ohpm\@ohos+mpchart@3.0.27\oh_modules\@ohos\mpchart\src\main\resources cache from map.
[2026-04-19T19:18:36.827] [DEBUG] debug-file - Update task entry:default@CompileResource input file:D:\Harmonyos\Rdb\entry\build\default\intermediates\res\default\resource_str cache by regenerate.
[2026-04-19T19:18:36.829] [DEBUG] debug-file - Update task entry:default@CompileResource input file:D:\Harmonyos\Rdb\AppScope\resources cache by regenerate.
[2026-04-19T19:18:36.830] [DEBUG] debug-file - Update task entry:default@CompileResource input file:D:\Harmonyos\Rdb\entry\build\default\intermediates\process_profile\default\module.json cache by regenerate.
[2026-04-19T19:18:36.831] [DEBUG] debug-file - Update task entry:default@CompileResource input file:D:\Harmonyos\Rdb\entry\build\default\intermediates\res\default\resConfig.json cache by regenerate.
[2026-04-19T19:18:36.831] [DEBUG] debug-file - Update task entry:default@CompileResource output file:D:\Harmonyos\Rdb\entry\build\default\intermediates\res\default cache.
[2026-04-19T19:18:36.836] [DEBUG] debug-file - Update task entry:default@CompileResource output file:D:\Harmonyos\Rdb\entry\build\default\generated\r\default\ResourceTable.h cache.
[2026-04-19T19:18:36.836] [DEBUG] debug-file - Update task entry:default@CompileResource output file:D:\Harmonyos\Rdb\entry\build\default\generated\r\default cache.
[2026-04-19T19:18:36.837] [DEBUG] debug-file - Incremental task entry:default@CompileResource post-execution cost:18 ms .
[2026-04-19T19:18:36.837] [DEBUG] debug-file - There is no need to refresh cache, since the incremental task entry:default@DoNativeStrip is up-to-date.
[2026-04-19T19:18:36.838] [DEBUG] debug-file - Update task entry:default@CompileArkTS input file:D:\Harmonyos\Rdb\entry\build\default\intermediates\loader\default cache from map.
[2026-04-19T19:18:36.838] [DEBUG] debug-file - Update task entry:default@CompileArkTS input file:D:\Harmonyos\Rdb\oh_modules\.ohpm\@ohos+mpchart@3.0.27\oh_modules\@ohos\mpchart\index.ets cache by regenerate.
[2026-04-19T19:18:36.838] [DEBUG] debug-file - Update task entry:default@CompileArkTS input file:D:\Harmonyos\Rdb\oh_modules\.ohpm\@ohos+mpchart@3.0.27\oh_modules\@ohos\mpchart\src\main\ets cache by regenerate.
[2026-04-19T19:18:36.861] [DEBUG] debug-file - Update task entry:default@CompileArkTS input file:D:\Harmonyos\Rdb\entry\build\default\intermediates\res\default\resources\rawfile cache by regenerate.
[2026-04-19T19:18:36.865] [DEBUG] debug-file - Update task entry:default@CompileArkTS input file:D:\Harmonyos\Rdb\entry\build\default\intermediates\res\default\ResourceTable.txt cache by regenerate.
[2026-04-19T19:18:36.865] [DEBUG] debug-file - Update task entry:default@CompileArkTS input file:D:\Harmonyos\Rdb\entry\build\default\intermediates\res\default\ark_module.json cache by regenerate.
[2026-04-19T19:18:36.866] [DEBUG] debug-file - Update task entry:default@CompileArkTS input file:D:\Harmonyos\Rdb\entry\build\default\intermediates\res\default\resources\base\profile cache by regenerate.
[2026-04-19T19:18:36.866] [DEBUG] debug-file - Update task entry:default@CompileArkTS input file:D:\Harmonyos\Rdb\entry\src\main\ets cache by regenerate.
[2026-04-19T19:18:36.869] [DEBUG] debug-file - Update task entry:default@CompileArkTS input file:D:\Harmonyos\Rdb\entry\build\default\generated\profile\default\BuildProfile.ets cache by regenerate.
[2026-04-19T19:18:36.870] [DEBUG] debug-file - Update task entry:default@CompileArkTS output file:D:\Harmonyos\Rdb\entry\build\default\intermediates\loader_out\default\ets cache.
[2026-04-19T19:18:36.870] [DEBUG] debug-file - Incremental task entry:default@CompileArkTS post-execution cost:34 ms .
[2026-04-19T19:18:36.872] [DEBUG] debug-file - Update task entry:default@BuildJS input file:D:\Harmonyos\Rdb\entry\build\default\intermediates\loader\default cache by regenerate.
[2026-04-19T19:18:36.873] [DEBUG] debug-file - Update task entry:default@BuildJS input file:D:\Harmonyos\Rdb\oh_modules\.ohpm\@ohos+mpchart@3.0.27\oh_modules\@ohos\mpchart\index.ets cache by regenerate.
[2026-04-19T19:18:36.873] [DEBUG] debug-file - Update task entry:default@BuildJS input file:D:\Harmonyos\Rdb\entry\build\default\intermediates\res\default\resources\rawfile cache by regenerate.
[2026-04-19T19:18:36.879] [DEBUG] debug-file - Update task entry:default@BuildJS input file:D:\Harmonyos\Rdb\entry\build\default\intermediates\res\default\ResourceTable.txt cache by regenerate.
[2026-04-19T19:18:36.879] [DEBUG] debug-file - Update task entry:default@BuildJS input file:D:\Harmonyos\Rdb\entry\build\default\intermediates\res\default\ark_module.json cache by regenerate.
[2026-04-19T19:18:36.880] [DEBUG] debug-file - Update task entry:default@BuildJS input file:D:\Harmonyos\Rdb\entry\build\default\intermediates\res\default\resources\base\profile cache by regenerate.
[2026-04-19T19:18:36.880] [DEBUG] debug-file - Update task entry:default@BuildJS output file:D:\Harmonyos\Rdb\entry\build\default\intermediates\loader_out\default\js cache.
[2026-04-19T19:18:36.881] [DEBUG] debug-file - Incremental task entry:default@BuildJS post-execution cost:10 ms .
[2026-04-19T19:18:36.881] [DEBUG] debug-file - There is no need to refresh cache, since the incremental task entry:default@CacheNativeLibs is up-to-date.
[2026-04-19T19:18:36.881] [DEBUG] debug-file - Update task entry:default@GeneratePkgModuleJson input file:D:\Harmonyos\Rdb\entry\build\default\intermediates\res\default\module.json cache from map.
[2026-04-19T19:18:36.881] [DEBUG] debug-file - Update task entry:default@GeneratePkgModuleJson output file:D:\Harmonyos\Rdb\entry\build\default\intermediates\package\default\module.json cache.
[2026-04-19T19:18:36.881] [DEBUG] debug-file - Incremental task entry:default@GeneratePkgModuleJson post-execution cost:1 ms .
[2026-04-19T19:18:36.881] [DEBUG] debug-file - Incremental task entry:default@ProcessCompiledResources post-execution cost:1 ms .
[2026-04-19T19:18:36.882] [DEBUG] debug-file - Update task entry:default@PackageHap input file:D:\Harmonyos\Rdb\entry\build\default\intermediates\stripped_native_libs\default cache by regenerate.
[2026-04-19T19:18:36.882] [DEBUG] debug-file - Update task entry:default@PackageHap input file:D:\Harmonyos\Rdb\entry\build\default\intermediates\res\default\module.json cache from map.
[2026-04-19T19:18:36.882] [DEBUG] debug-file - Update task entry:default@PackageHap input file:D:\Harmonyos\Rdb\entry\build\default\intermediates\res\default\resources cache by regenerate.
[2026-04-19T19:18:36.887] [DEBUG] debug-file - Update task entry:default@PackageHap input file:D:\Harmonyos\Rdb\entry\build\default\intermediates\res\default\resources.index cache by regenerate.
[2026-04-19T19:18:36.887] [DEBUG] debug-file - Update task entry:default@PackageHap input file:D:\Harmonyos\Rdb\entry\build\default\outputs\default\pack.info cache by regenerate.
[2026-04-19T19:18:36.887] [DEBUG] debug-file - Update task entry:default@PackageHap input file:D:\Harmonyos\Rdb\entry\build\default\intermediates\loader_out\default\ets cache by regenerate.
[2026-04-19T19:18:36.887] [DEBUG] debug-file - Update task entry:default@PackageHap input file:D:\Harmonyos\Rdb\entry\build\default\intermediates\loader_out\default\ets\sourceMaps.map cache by regenerate.
[2026-04-19T19:18:36.887] [DEBUG] debug-file - Update task entry:default@PackageHap input file:D:\Harmonyos\Rdb\entry\build\default\generated\profile\default\BuildProfile.ets cache by regenerate.
[2026-04-19T19:18:36.887] [DEBUG] debug-file - Update task entry:default@PackageHap output file:D:\Harmonyos\Rdb\entry\build\default\outputs\default\entry-default-unsigned.hap cache.
[2026-04-19T19:18:36.887] [DEBUG] debug-file - Update task entry:default@PackageHap output file:D:\Harmonyos\Rdb\entry\build\default\intermediates\source_map\default\sourceMaps.map cache.
[2026-04-19T19:18:36.888] [DEBUG] debug-file - Update task entry:default@PackageHap output file:D:\Harmonyos\Rdb\entry\build\default\outputs\default\mapping\sourceMaps.map cache.
[2026-04-19T19:18:36.888] [DEBUG] debug-file - Incremental task entry:default@PackageHap post-execution cost:7 ms .
[2026-04-19T19:18:36.888] [DEBUG] debug-file - Update task entry:default@SignHap input file:D:\Harmonyos\Rdb\entry\build\default\outputs\default\entry-default-unsigned.hap cache from map.
[2026-04-19T19:18:36.888] [DEBUG] debug-file - Update task entry:default@SignHap output file:D:\Harmonyos\Rdb\entry\build\default\outputs\default\entry-default-signed.hap cache.
[2026-04-19T19:18:36.888] [DEBUG] debug-file - Incremental task entry:default@SignHap post-execution cost:1 ms .
[2026-04-19T19:18:36.888] [DEBUG] debug-file - Update task entry:default@CollectDebugSymbol input file:D:\Harmonyos\Rdb\entry\build\default\intermediates\loader_out\default\ets\sourceMaps.map cache by regenerate.
[2026-04-19T19:18:36.888] [DEBUG] debug-file - Update task entry:default@CollectDebugSymbol input file:D:\Harmonyos\Rdb\entry\build\default\intermediates\libs\default cache by regenerate.
[2026-04-19T19:18:36.889] [DEBUG] debug-file - Update task entry:default@CollectDebugSymbol output file:D:\Harmonyos\Rdb\entry\build\default\outputs\default\symbol cache.
[2026-04-19T19:18:36.889] [DEBUG] debug-file - Incremental task entry:default@CollectDebugSymbol post-execution cost:1 ms .
[2026-04-19T19:18:36.929] [DEBUG] debug-file - Cleanup worker 16.
[2026-04-19T19:18:36.929] [DEBUG] debug-file - Worker 16 has been cleaned up.
[2026-04-19T19:18:36.929] [DEBUG] debug-file - Current idle worker size: 1.
[2026-04-19T19:18:36.929] [DEBUG] debug-file - Current resident worker size: 2.
[2026-04-19T19:18:36.931] [DEBUG] debug-file - hvigor build process will be closed.
[2026-04-19T19:18:36.932] [DEBUG] debug-file - java daemon socket close code:1000 reason:close by user
[2026-04-19T19:18:36.939] [DEBUG] debug-file - session manager: send message to worker process.
[2026-04-19T19:18:36.939] [DEBUG] debug-file - session manager: send message to worker process.
[2026-04-19T19:18:36.940] [DEBUG] debug-file - watch worker: worker id should be larger than 0. Nothing will be sent to any worker thread.
[2026-04-19T19:18:36.940] [DEBUG] debug-file - watch worker: worker id should be larger than 0. Nothing will be sent to any worker thread.
[2026-04-19T19:18:36.943] [DEBUG] debug-file - worker[16] exits with exit code 1.
[2026-04-19T19:20:45.255] [DEBUG] debug-file - session manager: set active socket. socketId=Rym4cncKD7UPMI1qAAAF
[2026-04-19T19:20:45.274] [DEBUG] debug-file - watch worker: worker id should be larger than 0. Nothing will be sent to any worker thread.
[2026-04-19T19:20:45.278] [DEBUG] debug-file - Workers' log level updated to INFO
[2026-04-19T19:20:45.282] [DEBUG] debug-file - Hvigor init with startParameters:{
  hvigorfileTypeCheck: false,
  parallelExecution: true,
  incrementalExecution: true,
  printStackTrace: false,
  daemon: true,
  analyze: 0,
  logLevel: Level { level: 20000, levelStr: 'INFO', colour: 'green' },
  optimizationStrategy: 'memory',
  hotCompile: undefined,
  hotReloadBuild: undefined,
  customizedParam: undefined
}
[2026-04-19T19:20:45.286] [DEBUG] debug-file - Cache service initialization finished in 4 ms 
[2026-04-19T19:20:45.288] [DEBUG] debug-file - hvigorfile, resolving D:\Harmonyos\Rdb\hvigorfile.ts
[2026-04-19T19:20:45.355] [DEBUG] debug-file - hvigorfile, require result:  {}
[2026-04-19T19:20:45.355] [DEBUG] debug-file - hvigorfile, binding system plugins {}
[2026-04-19T19:20:45.356] [DEBUG] debug-file - Starting plugin build process
[2026-04-19T19:20:45.356] [DEBUG] debug-file - App plugin prepare start...
[2026-04-19T19:20:45.356] [DEBUG] debug-file - App plugin prepare end...
[2026-04-19T19:20:45.356] [DEBUG] debug-file - App plugin creating...
[2026-04-19T19:20:45.370] [DEBUG] debug-file - App plugin register hook start...
[2026-04-19T19:20:45.371] [DEBUG] debug-file - App plugin register hook end...
[2026-04-19T19:20:45.371] [DEBUG] debug-file - Plugin build process completed
[2026-04-19T19:20:45.372] [DEBUG] debug-file - Start initialize project's product build option map with build mode debug.
[2026-04-19T19:20:45.372] [DEBUG] debug-file - Picking option from product 'default' with build mode 'debug'.
[2026-04-19T19:20:45.373] [DEBUG] debug-file - Product 'default' build option initialized
[2026-04-19T19:20:45.373] [DEBUG] debug-file - End initialize project's product build option map with build mode 'debug'.
[2026-04-19T19:20:45.374] [DEBUG] debug-file - Obtain build option for product 'default'in this build.
[2026-04-19T19:20:45.375] [DEBUG] debug-file - No signingConfig found, initRemoteHspCache failed.
[2026-04-19T19:20:45.379] [DEBUG] debug-file - Start recording SDK configuration permission data.
[2026-04-19T19:20:45.405] [DEBUG] debug-file - Sdk init in 30 ms 
[2026-04-19T19:20:45.411] [DEBUG] debug-file - Project task initialization takes 5 ms 
[2026-04-19T19:20:45.411] [DEBUG] debug-file - hvigorfile, resolve finished D:\Harmonyos\Rdb\hvigorfile.ts
[2026-04-19T19:20:45.412] [DEBUG] debug-file - hvigorfile, resolving D:\Harmonyos\Rdb\entry\hvigorfile.ts
[2026-04-19T19:20:45.416] [DEBUG] debug-file - hvigorfile, require result:  {}
[2026-04-19T19:20:45.417] [DEBUG] debug-file - hvigorfile, binding system plugins {}
[2026-04-19T19:20:45.417] [DEBUG] debug-file - Starting plugin build process
[2026-04-19T19:20:45.417] [DEBUG] debug-file - Hap plugin creating...
[2026-04-19T19:20:45.418] [DEBUG] debug-file - failed to load cangjie to dynamically generate schemas: Error: Cannot find module '@ohos/cangjie-build-support/index'
Require stack:
- C:\Program Files\Huawei\DevEco Studio\tools\hvigor\hvigor-ohos-plugin\src\plugin\hooks\cangjie-register.js
- C:\Program Files\Huawei\DevEco Studio\tools\hvigor\hvigor-ohos-plugin\src\plugin\strategy\stage-init-strategy.js
- C:\Program Files\Huawei\DevEco Studio\tools\hvigor\hvigor-ohos-plugin\src\plugin\builder\abstract-plugin-builder.js
- C:\Program Files\Huawei\DevEco Studio\tools\hvigor\hvigor-ohos-plugin\src\plugin\builder\app-plugin-builder.js
- C:\Program Files\Huawei\DevEco Studio\tools\hvigor\hvigor-ohos-plugin\src\plugin\factory\plugin-factory.js
- C:\Program Files\Huawei\DevEco Studio\tools\hvigor\hvigor-ohos-plugin\index.js
- D:\Harmonyos\Rdb\hvigorfile.ts
- C:\Program Files\Huawei\DevEco Studio\tools\hvigor\hvigor\src\base\internal\lifecycle\configuration.js
- C:\Program Files\Huawei\DevEco Studio\tools\hvigor\hvigor\src\base\boot\index.js
- C:\Program Files\Huawei\DevEco Studio\tools\hvigor\hvigor\src\base\daemon\cluster\worker-process-lifecycle.js
- C:\Program Files\Huawei\DevEco Studio\tools\hvigor\hvigor\src\base\daemon\process\daemon-process-boot-script.js
[2026-04-19T19:20:45.427] [DEBUG] debug-file - Start initialize module-target build option map, moduleName=entry, buildMode=release
[2026-04-19T19:20:45.427] [DEBUG] debug-file - Target 'default' config initialized
[2026-04-19T19:20:45.428] [DEBUG] debug-file - Module 'entry' target 'default' build option initialized
[2026-04-19T19:20:45.428] [DEBUG] debug-file - End initialize module-target build option map, moduleName=entry
[2026-04-19T19:20:45.428] [DEBUG] debug-file - Start initialize module-target build option map, moduleName=entry, buildMode=debug
[2026-04-19T19:20:45.428] [DEBUG] debug-file - Target 'default' config initialized
[2026-04-19T19:20:45.428] [DEBUG] debug-file - Module 'entry' target 'default' build option initialized
[2026-04-19T19:20:45.428] [DEBUG] debug-file - End initialize module-target build option map, moduleName=entry
[2026-04-19T19:20:45.428] [DEBUG] debug-file - Start initialize module-target build option map, moduleName=entry, buildMode=debug
[2026-04-19T19:20:45.429] [DEBUG] debug-file - Target 'default' config initialized
[2026-04-19T19:20:45.429] [DEBUG] debug-file - Module 'entry' target 'default' build option initialized
[2026-04-19T19:20:45.429] [DEBUG] debug-file - End initialize module-target build option map, moduleName=entry
[2026-04-19T19:20:45.429] [DEBUG] debug-file - Obtain build option for module 'entry' target 'default'in this build.
[2026-04-19T19:20:45.432] [DEBUG] debug-file - Module entry task initialization takes 3 ms 
[2026-04-19T19:20:45.433] [DEBUG] debug-file - Hap plugin register hook start...
[2026-04-19T19:20:45.433] [DEBUG] debug-file - Hap plugin register hook end...
[2026-04-19T19:20:45.433] [DEBUG] debug-file - Plugin build process completed
[2026-04-19T19:20:45.433] [DEBUG] debug-file - hvigorfile, resolve finished D:\Harmonyos\Rdb\entry\hvigorfile.ts
[2026-04-19T19:20:45.502] [DEBUG] debug-file - hvigorfile, resolve hvigorfile dependencies in 69 ms 
[2026-04-19T19:20:45.502] [DEBUG] debug-file - project has submodules:entry
[2026-04-19T19:20:45.504] [DEBUG] debug-file - start to load updatedOhPackageInfo to the disk
[2026-04-19T19:20:45.508] [DEBUG] debug-file - load to the disk finished
[2026-04-19T19:20:45.509] [DEBUG] debug-file - Start to initialize dependency information.
[2026-04-19T19:20:45.511] [DEBUG] debug-file - Module Rdb Collected Dependency: D:\Harmonyos\Rdb\oh_modules\.ohpm\@ohos+mpchart@3.0.27\oh_modules\@ohos\mpchart
[2026-04-19T19:20:45.511] [DEBUG] debug-file - Module Rdb's total dependency: 1
[2026-04-19T19:20:45.513] [DEBUG] debug-file - Start to initialize dependency information.
[2026-04-19T19:20:45.515] [DEBUG] debug-file - Module entry Collected Dependency: D:\Harmonyos\Rdb\oh_modules\.ohpm\@ohos+mpchart@3.0.27\oh_modules\@ohos\mpchart
[2026-04-19T19:20:45.515] [DEBUG] debug-file - Module entry's total dependency: 1
[2026-04-19T19:20:45.519] [DEBUG] debug-file - Configuration phase cost:233 ms 
[2026-04-19T19:20:45.520] [DEBUG] debug-file - Configuration task cost before running: 242 ms 
[2026-04-19T19:20:45.526] [DEBUG] debug-file - Executing task :entry:default@PreBuild
[2026-04-19T19:20:45.527] [DEBUG] debug-file - Task 'entry:default@PreBuild' cost while wrapping incremental declarations: 1 ms 
[2026-04-19T19:20:45.530] [DEBUG] debug-file - Incremental task entry:default@PreBuild pre-execution cost: 2 ms .
[2026-04-19T19:20:45.530] [DEBUG] debug-file - entry : default@PreBuild cost memory 0.2979888916015625
[2026-04-19T19:20:45.531] [INFO] debug-file - UP-TO-DATE :entry:default@PreBuild...  
[2026-04-19T19:20:45.532] [DEBUG] debug-file - Executing task :entry:default@CreateModuleInfo
[2026-04-19T19:20:45.532] [DEBUG] debug-file - Task 'entry:default@CreateModuleInfo' cost while wrapping incremental declarations: 1 ms 
[2026-04-19T19:20:45.532] [DEBUG] debug-file - entry : default@CreateModuleInfo cost memory 0.04152679443359375
[2026-04-19T19:20:45.533] [DEBUG] debug-file - runTaskFromQueue task cost before running: 254 ms 
[2026-04-19T19:20:45.533] [INFO] debug-file - Finished :entry:default@CreateModuleInfo... after 1 ms 
[2026-04-19T19:20:45.534] [DEBUG] debug-file - Executing task :entry:default@GenerateMetadata
[2026-04-19T19:20:45.534] [DEBUG] debug-file - Task 'entry:default@GenerateMetadata' cost while wrapping incremental declarations: 1 ms 
[2026-04-19T19:20:45.535] [DEBUG] debug-file - Incremental task entry:default@GenerateMetadata pre-execution cost: 1 ms .
[2026-04-19T19:20:45.535] [DEBUG] debug-file - entry : default@GenerateMetadata cost memory 0.0799713134765625
[2026-04-19T19:20:45.535] [INFO] debug-file - UP-TO-DATE :entry:default@GenerateMetadata...  
[2026-04-19T19:20:45.536] [DEBUG] debug-file - Executing task :entry:default@ConfigureCmake
[2026-04-19T19:20:45.536] [DEBUG] debug-file - entry : default@ConfigureCmake cost memory 0.0146026611328125
[2026-04-19T19:20:45.536] [DEBUG] debug-file - runTaskFromQueue task cost before running: 258 ms 
[2026-04-19T19:20:45.536] [INFO] debug-file - Finished :entry:default@ConfigureCmake... after 1 ms 
[2026-04-19T19:20:45.538] [DEBUG] debug-file - Executing task :entry:default@MergeProfile
[2026-04-19T19:20:45.538] [DEBUG] debug-file - Task 'entry:default@MergeProfile' cost while wrapping incremental declarations: 1 ms 
[2026-04-19T19:20:45.542] [DEBUG] debug-file - Incremental task entry:default@MergeProfile pre-execution cost: 4 ms .
[2026-04-19T19:20:45.542] [DEBUG] debug-file - entry : default@MergeProfile cost memory -4.138343811035156
[2026-04-19T19:20:45.543] [INFO] debug-file - UP-TO-DATE :entry:default@MergeProfile...  
[2026-04-19T19:20:45.544] [DEBUG] debug-file - Executing task :entry:default@CreateBuildProfile
[2026-04-19T19:20:45.545] [DEBUG] debug-file - Task 'entry:default@CreateBuildProfile' cost while wrapping incremental declarations: 1 ms 
[2026-04-19T19:20:45.545] [DEBUG] debug-file - Incremental task entry:default@CreateBuildProfile pre-execution cost: 1 ms .
[2026-04-19T19:20:45.546] [DEBUG] debug-file - entry : default@CreateBuildProfile cost memory 0.08557891845703125
[2026-04-19T19:20:45.546] [INFO] debug-file - UP-TO-DATE :entry:default@CreateBuildProfile...  
[2026-04-19T19:20:45.547] [DEBUG] debug-file - Executing task :entry:default@PreCheckSyscap
[2026-04-19T19:20:45.548] [DEBUG] debug-file - entry : default@PreCheckSyscap cost memory 0.01474761962890625
[2026-04-19T19:20:45.548] [DEBUG] debug-file - runTaskFromQueue task cost before running: 270 ms 
[2026-04-19T19:20:45.548] [INFO] debug-file - Finished :entry:default@PreCheckSyscap... after 1 ms 
[2026-04-19T19:20:45.550] [DEBUG] debug-file - Executing task :entry:default@GeneratePkgContextInfo
[2026-04-19T19:20:45.553] [DEBUG] debug-file - Task 'entry:default@GeneratePkgContextInfo' cost while wrapping incremental declarations: 1 ms 
[2026-04-19T19:20:45.554] [DEBUG] debug-file - entry : default@GeneratePkgContextInfo cost memory 0.23351287841796875
[2026-04-19T19:20:45.554] [DEBUG] debug-file - runTaskFromQueue task cost before running: 276 ms 
[2026-04-19T19:20:45.554] [INFO] debug-file - Finished :entry:default@GeneratePkgContextInfo... after 5 ms 
[2026-04-19T19:20:45.558] [DEBUG] debug-file - Executing task :entry:default@ProcessIntegratedHsp
[2026-04-19T19:20:45.558] [DEBUG] debug-file - entry:default@ProcessIntegratedHsp is not up-to-date, since the output file 'D:\Harmonyos\Rdb\build\cache\default\integrated_hsp\integratedHspCache.json' does not exist.
[2026-04-19T19:20:45.558] [DEBUG] debug-file - Incremental task entry:default@ProcessIntegratedHsp pre-execution cost: 1 ms .
[2026-04-19T19:20:45.559] [DEBUG] debug-file - entry : default@ProcessIntegratedHsp cost memory 0.05428314208984375
[2026-04-19T19:20:45.559] [DEBUG] debug-file - runTaskFromQueue task cost before running: 281 ms 
[2026-04-19T19:20:45.559] [INFO] debug-file - Finished :entry:default@ProcessIntegratedHsp... after 2 ms 
[2026-04-19T19:20:45.561] [DEBUG] debug-file - Executing task :entry:default@BuildNativeWithCmake
[2026-04-19T19:20:45.561] [DEBUG] debug-file - entry : default@BuildNativeWithCmake cost memory 0.0145263671875
[2026-04-19T19:20:45.562] [DEBUG] debug-file - runTaskFromQueue task cost before running: 283 ms 
[2026-04-19T19:20:45.562] [INFO] debug-file - Finished :entry:default@BuildNativeWithCmake... after 1 ms 
[2026-04-19T19:20:45.563] [DEBUG] debug-file - Executing task :entry:default@MakePackInfo
[2026-04-19T19:20:45.565] [DEBUG] debug-file - Incremental task entry:default@MakePackInfo pre-execution cost: 2 ms .
[2026-04-19T19:20:45.565] [DEBUG] debug-file - entry : default@MakePackInfo cost memory 0.10059356689453125
[2026-04-19T19:20:45.565] [INFO] debug-file - UP-TO-DATE :entry:default@MakePackInfo...  
[2026-04-19T19:20:45.567] [DEBUG] debug-file - Executing task :entry:default@SyscapTransform
[2026-04-19T19:20:45.567] [DEBUG] debug-file - File: 'D:\Harmonyos\Rdb\entry\src\main\syscap.json' from 'sysCapJsonPath' is not exists, just ignore.
[2026-04-19T19:20:45.567] [DEBUG] debug-file - Task 'entry:default@SyscapTransform' cost while wrapping incremental declarations: 1 ms 
[2026-04-19T19:20:45.569] [DEBUG] debug-file - entry:default@SyscapTransform is not up-to-date, since the output file 'D:\Harmonyos\Rdb\entry\build\default\intermediates\syscap\default\rpcid.sc' does not exist.
[2026-04-19T19:20:45.569] [DEBUG] debug-file - Incremental task entry:default@SyscapTransform pre-execution cost: 2 ms .
[2026-04-19T19:20:45.570] [DEBUG] debug-file - entry : default@SyscapTransform cost memory 0.14588165283203125
[2026-04-19T19:20:45.570] [DEBUG] debug-file - runTaskFromQueue task cost before running: 292 ms 
[2026-04-19T19:20:45.577] [INFO] debug-file - Finished :entry:default@SyscapTransform... after 4 ms 
[2026-04-19T19:20:45.579] [DEBUG] debug-file - Executing task :entry:default@ProcessProfile
[2026-04-19T19:20:45.580] [DEBUG] debug-file - Task 'entry:default@ProcessProfile' cost while wrapping incremental declarations: 1 ms 
[2026-04-19T19:20:45.581] [DEBUG] debug-file - Incremental task entry:default@ProcessProfile pre-execution cost: 1 ms .
[2026-04-19T19:20:45.582] [DEBUG] debug-file - entry : default@ProcessProfile cost memory 0.1332855224609375
[2026-04-19T19:20:45.582] [INFO] debug-file - UP-TO-DATE :entry:default@ProcessProfile...  
[2026-04-19T19:20:45.583] [DEBUG] debug-file - Executing task :entry:default@ProcessRouterMap
[2026-04-19T19:20:45.585] [DEBUG] debug-file - Incremental task entry:default@ProcessRouterMap pre-execution cost: 1 ms .
[2026-04-19T19:20:45.585] [DEBUG] debug-file - entry : default@ProcessRouterMap cost memory 0.15547943115234375
[2026-04-19T19:20:45.585] [INFO] debug-file - UP-TO-DATE :entry:default@ProcessRouterMap...  
[2026-04-19T19:20:45.586] [DEBUG] debug-file - Executing task :entry:default@ProcessShareConfig
[2026-04-19T19:20:45.588] [DEBUG] debug-file - Incremental task entry:default@ProcessShareConfig pre-execution cost: 1 ms .
[2026-04-19T19:20:45.588] [DEBUG] debug-file - entry : default@ProcessShareConfig cost memory 0.13982391357421875
[2026-04-19T19:20:45.588] [INFO] debug-file - UP-TO-DATE :entry:default@ProcessShareConfig...  
[2026-04-19T19:20:45.589] [DEBUG] debug-file - Executing task :entry:default@ProcessStartupConfig
[2026-04-19T19:20:45.590] [DEBUG] debug-file - Task 'entry:default@ProcessStartupConfig' cost while wrapping incremental declarations: 1 ms 
[2026-04-19T19:20:45.590] [DEBUG] debug-file - entry:default@ProcessStartupConfig is not up-to-date, since the output file 'D:\Harmonyos\Rdb\entry\build\default\intermediates\startup\default\startup_config.json' does not exist.
[2026-04-19T19:20:45.590] [DEBUG] debug-file - Incremental task entry:default@ProcessStartupConfig pre-execution cost: 1 ms .
[2026-04-19T19:20:45.591] [DEBUG] debug-file - entry : default@ProcessStartupConfig cost memory 0.097320556640625
[2026-04-19T19:20:45.591] [DEBUG] debug-file - runTaskFromQueue task cost before running: 313 ms 
[2026-04-19T19:20:45.591] [INFO] debug-file - Finished :entry:default@ProcessStartupConfig... after 2 ms 
[2026-04-19T19:20:45.592] [DEBUG] debug-file - Executing task :entry:default@BuildNativeWithNinja
[2026-04-19T19:20:45.593] [DEBUG] debug-file - entry : default@BuildNativeWithNinja cost memory 0.01988983154296875
[2026-04-19T19:20:45.593] [DEBUG] debug-file - runTaskFromQueue task cost before running: 315 ms 
[2026-04-19T19:20:45.593] [INFO] debug-file - Finished :entry:default@BuildNativeWithNinja... after 1 ms 
[2026-04-19T19:20:45.594] [DEBUG] debug-file - restool module names: entry; moduleName=entry, taskName=default@ProcessResource
[2026-04-19T19:20:45.597] [DEBUG] debug-file - Executing task :entry:default@ProcessResource
[2026-04-19T19:20:45.598] [DEBUG] debug-file - Task 'entry:default@ProcessResource' cost while wrapping incremental declarations: 1 ms 
[2026-04-19T19:20:45.599] [DEBUG] debug-file - Incremental task entry:default@ProcessResource pre-execution cost: 1 ms .
[2026-04-19T19:20:45.599] [DEBUG] debug-file - entry : default@ProcessResource cost memory 0.16530609130859375
[2026-04-19T19:20:45.600] [INFO] debug-file - UP-TO-DATE :entry:default@ProcessResource...  
[2026-04-19T19:20:45.602] [DEBUG] debug-file - Executing task :entry:default@GenerateLoaderJson
[2026-04-19T19:20:45.603] [DEBUG] debug-file - Task 'entry:default@GenerateLoaderJson' cost while wrapping incremental declarations: 1 ms 
[2026-04-19T19:20:45.609] [DEBUG] debug-file - Incremental task entry:default@GenerateLoaderJson pre-execution cost: 4 ms .
[2026-04-19T19:20:45.609] [DEBUG] debug-file - entry : default@GenerateLoaderJson cost memory 0.5057449340820312
[2026-04-19T19:20:45.614] [INFO] debug-file - UP-TO-DATE :entry:default@GenerateLoaderJson...  
[2026-04-19T19:20:45.615] [DEBUG] debug-file - Executing task :entry:default@ProcessLibs
[2026-04-19T19:20:45.619] [DEBUG] debug-file - Incremental task entry:default@ProcessLibs pre-execution cost: 2 ms .
[2026-04-19T19:20:45.619] [DEBUG] debug-file - entry : default@ProcessLibs cost memory 0.1806182861328125
[2026-04-19T19:20:45.620] [INFO] debug-file - UP-TO-DATE :entry:default@ProcessLibs...  
[2026-04-19T19:20:45.622] [DEBUG] debug-file - restool module names: entry; moduleName=entry, taskName=default@CompileResource
[2026-04-19T19:20:45.623] [DEBUG] debug-file - Executing task :entry:default@CompileResource
[2026-04-19T19:20:45.639] [DEBUG] debug-file - Incremental task entry:default@CompileResource pre-execution cost: 14 ms .
[2026-04-19T19:20:45.639] [DEBUG] debug-file - entry : default@CompileResource cost memory 1.1700210571289062
[2026-04-19T19:20:45.640] [INFO] debug-file - UP-TO-DATE :entry:default@CompileResource...  
[2026-04-19T19:20:45.641] [DEBUG] debug-file - Executing task :entry:default@DoNativeStrip
[2026-04-19T19:20:45.641] [DEBUG] debug-file - Task 'entry:default@DoNativeStrip' cost while wrapping incremental declarations: 1 ms 
[2026-04-19T19:20:45.642] [DEBUG] debug-file - Incremental task entry:default@DoNativeStrip pre-execution cost: 1 ms .
[2026-04-19T19:20:45.643] [DEBUG] debug-file - entry : default@DoNativeStrip cost memory 0.07305908203125
[2026-04-19T19:20:45.643] [INFO] debug-file - UP-TO-DATE :entry:default@DoNativeStrip...  
[2026-04-19T19:20:45.645] [DEBUG] debug-file - Executing task :entry:default@CompileArkTS
[2026-04-19T19:20:45.646] [DEBUG] debug-file - obfuscationOptions: undefined
[2026-04-19T19:20:45.651] [DEBUG] debug-file - Task 'entry:default@CompileArkTS' cost while wrapping incremental declarations: 1 ms 
[2026-04-19T19:20:45.677] [DEBUG] debug-file - entry:default@CompileArkTS is not up-to-date, since the input file 'D:\Harmonyos\Rdb\entry\src\main\ets' has been changed.
[2026-04-19T19:20:45.678] [DEBUG] debug-file - Incremental task entry:default@CompileArkTS pre-execution cost: 26 ms .
[2026-04-19T19:20:45.694] [DEBUG] debug-file - build config:
[2026-04-19T19:20:45.694] [DEBUG] debug-file - {
  moduleType: 'entry',
  perf: 0,
  targetName: '.default',
  packageManagerType: 'ohpm',
  localPropertiesPath: 'D:\\Harmonyos\\Rdb\\local.properties',
  isPreview: false,
  isOhosTest: false,
  isLocalTest: false,
  buildMode: 'Debug',
  hotReloadBuild: undefined,
  watchMode: 'false',
  aceProfilePath: 'D:\\Harmonyos\\Rdb\\entry\\build\\default\\intermediates\\res\\default\\resources\\base\\profile',
  etsLoaderPath: 'C:\\Program Files\\Huawei\\DevEco Studio\\sdk\\default\\openharmony\\ets\\build-tools\\ets-loader',
  modulePath: 'D:\\Harmonyos\\Rdb\\entry',
  testFrameworkPar: {
    testMode: undefined,
    coveragePathFilter: undefined,
    coverageMode: undefined
  },
  needCoverageInsert: false,
  debugLine: false,
  projectTopDir: 'D:\\Harmonyos\\Rdb',
  compileSdkVersion: 22,
  compatibleSdkVersion: 17,
  originCompatibleSdkVersion: '5.0.5(17)',
  compatibleSdkVersionStage: undefined,
  bundleName: 'c***b',
  etsLoaderVersion: '6.0.2.130',
  etsLoaderReleaseType: 'Release',
  aotCompileMode: 'type',
  apPath: 'D:\\Harmonyos\\Rdb\\entry\\modules.ap',
  entryModuleName: 'entry',
  entryModuleVersion: '1.0.0',
  entryPackageName: 'entry',
  allModuleNameHash: '199d9c189e05aafae23be9098c561ff961e0b37017b028c869204eaf5bb9b356',
  externalApiPaths: [
    'C:\\Program Files\\Huawei\\DevEco Studio\\sdk\\default\\hms\\ets'
  ],
  compilerTypes: [],
  isCrossplatform: false,
  hvigorPluginFile: undefined,
  compilePluginPath: undefined,
  buildGeneratedProfilePath: 'D:\\Harmonyos\\Rdb\\entry\\build\\default\\generated\\profile\\default',
  bundleType: 'app',
  arkTSVersion: undefined,
  apiVersion: 22,
  needCompleteSourcesMap: false,
  isFaMode: false,
  buildDir: 'D:\\Harmonyos\\Rdb\\entry\\build',
  deviceTypes: [ 'phone' ],
  pkgContextInfo: undefined,
  ohPackagePathMap: {},
  dependencyAliasMap: {},
  permission: { requestPermissions: [ [Object] ], definePermissions: undefined },
  useGetCurrentBundleName: false,
  projectArkOption: undefined,
  sourceMapDir: undefined,
  branchElimination: false,
  transformLib: undefined,
  tsImportSendable: false,
  resolveConflictMode: true,
  depName2RootPath: {},
  depName2DepInfo: {},
  rootPathSet: [ 'D:\\Harmonyos\\Rdb' ],
  useNativeResolver: true,
  shouldEmitJs: true,
  useTscResolve: false,
  singleFileEmit: false,
  userProjectConfig: {
    autoLazyImport: false,
    allowEmptyBundleName: false,
    reExportCheckMode: 'noCheck',
    executionMode: 'memory',
    usePathPlaceholder: false,
    writeRollupCache: true,
    isExpandImportEnabled: false,
    expandImportExclude: '',
    lazyImportExclude: '',
    lazyImportInclude: '',
    ignoreCrossplatformCheck: false,
    isHarDeduplicateEnabled: false,
    skipOhModulesLint: false,
    enableStrictCheckOHModule: false,
    disableSendableCheckRules: [],
    useDeclarationFileSignature: false,
    customizedOptions: undefined,
    integratedHsp: false,
    isPreloadSoEnabled: false
  },
  executionMode: 'memory',
  arkCompileCachePath: 'D:\\Harmonyos\\Rdb\\entry\\build\\default\\cache\\default\\default@CompileArkTS\\esmodule',
  autoLazyFilter: undefined,
  isHarDeduplicateEnabled: false,
  intermediateHarDuplicateDirPath: 'D:\\Harmonyos\\Rdb\\entry\\build\\default\\intermediates\\har_duplicate\\default',
  autoLazyImport: false,
  allowEmptyBundleName: false,
  reExportCheckMode: 'noCheck',
  usePathPlaceholder: false,
  writeRollupCache: true,
  isExpandImportEnabled: false,
  expandImportExclude: '',
  lazyImportExclude: '',
  lazyImportInclude: '',
  ignoreCrossplatformCheck: false,
  skipOhModulesLint: false,
  enableStrictCheckOHModule: false,
  disableSendableCheckRules: [],
  useDeclarationFileSignature: false,
  customizedOptions: undefined,
  integratedHsp: false,
  isPreloadSoEnabled: false,
  strictMode: undefined,
  useNormalizedOHMUrl: false,
  caseSensitiveCheck: false,
  aceModuleJsonPath: 'D:\\Harmonyos\\Rdb\\entry\\build\\default\\intermediates\\res\\default\\ark_module.json',
  appResource: 'D:\\Harmonyos\\Rdb\\entry\\build\\default\\intermediates\\res\\default\\ResourceTable.txt',
  rawFileResource: 'D:\\Harmonyos\\Rdb\\entry\\build\\default\\intermediates\\res\\default\\resources\\rawfile',
  resourceTableHash: 'bc30de88bcdc2d48b439b5331438f18f5e6581667fb0e08a149114abb4f3a1a7',
  runtimeOS: 'HarmonyOS',
  sdkInfo: 'false:22:6.0.2.130:Release',
  aceModuleRoot: 'D:\\Harmonyos\\Rdb\\entry\\src\\main\\ets',
  compileMode: 'esmodule',
  aceSuperVisualPath: 'D:\\Harmonyos\\Rdb\\entry\\src\\main\\supervisual',
  aceBuildJson: 'D:\\Harmonyos\\Rdb\\entry\\build\\default\\intermediates\\loader\\default\\loader.json',
  cachePath: 'D:\\Harmonyos\\Rdb\\entry\\build\\default\\cache\\default\\default@CompileArkTS\\esmodule\\debug',
  aceModuleBuild: 'D:\\Harmonyos\\Rdb\\entry\\build\\default\\intermediates\\loader_out\\default\\ets',
  supportChunks: true,
  declaredFilesPath: undefined,
  shouldCollectDirectImportees: false,
  isByteCodeHarOptimize: false,
  expandImportPath: undefined,
  pkgNameToPkgBriefInfo: {
    '@ohos/mpchart': {
      pkgRoot: 'D:\\Harmonyos\\Rdb\\oh_modules\\.ohpm\\@ohos+mpchart@3.0.27\\oh_modules\\@ohos\\mpchart',
      pkgName: '@ohos/mpchart',
      sourceRoots: [Array]
    },
    entry: {
      pkgRoot: 'D:\\Harmonyos\\Rdb\\entry',
      originalSourceRoots: undefined,
      sourceRoots: [Array],
      pkgName: 'entry'
    }
  },
  projectModel: {
    'D:\\Harmonyos\\Rdb\\entry\\src\\main': {
      moduleName: 'entry',
      modulePkgPath: 'D:\\Harmonyos\\Rdb\\entry',
      belongProjectPath: 'D:\\Harmonyos\\Rdb'
    },
    'D:\\Harmonyos\\Rdb\\entry': {
      moduleName: 'entry',
      modulePkgPath: 'D:\\Harmonyos\\Rdb\\entry',
      belongProjectPath: 'D:\\Harmonyos\\Rdb'
    },
    'D:\\Harmonyos\\Rdb': {
      moduleName: 'Rdb',
      modulePkgPath: 'D:\\Harmonyos\\Rdb',
      belongProjectPath: 'D:\\Harmonyos\\Rdb'
    }
  },
  pkgJsonFileHash: 'd56bf149d8241d4d0c1ae430fabb9fa7e929fed90b32548bd9094ede2f766d24',
  allModulePaths: [ 'D:\\Harmonyos\\Rdb\\entry' ],
  routerMap: {},
  obfuscationOptions: undefined,
  byteCodeHarToDependencyKeys: undefined,
  compileBlockPkg: [],
  mockParams: {
    decorator: '@MockSetup',
    packageName: '@ohos/hamock',
    etsSourceRootPath: 'src/main/ets',
    mockConfigPath: undefined,
    mockConfigKey2ModuleInfo: {},
    source2ModuleIdMap: {}
  },
  copyCodeResourceEnable: true,
  copyCodeResourceExcludes: [],
  copyCodeResourceIncludes: undefined,
  uiTransformOptimization: false,
  sdkPath: 'C:/Program Files/Huawei/DevEco Studio/sdk',
  needPreloadSoFileSet: {},
  preloadSoFilePath: 'D:\\Harmonyos\\Rdb\\entry\\build\\default\\intermediates\\preload\\default\\preload.json',
  useSourceHash: false,
  localModuleParamMap: {},
  otherPaths: {
    '@ohos/mpchart/*': [
      '..\\..\\..\\..\\oh_modules\\.ohpm\\@ohos+mpchart@3.0.27\\oh_modules\\@ohos\\mpchart\\src\\main\\*'
    ],
    'entry/*': [
      '..\\*',
      '..\\..\\..\\build\\default\\generated\\profile\\default\\*'
    ]
  },
  collectImportersConfig: undefined
}
[2026-04-19T19:20:45.699] [DEBUG] debug-file - Compile arkts with external api path: C:\Program Files\Huawei\DevEco Studio\sdk\default\hms\ets
[2026-04-19T19:20:45.701] [DEBUG] debug-file - default@CompileArkTS work[2] is submitted.
[2026-04-19T19:20:45.702] [DEBUG] debug-file - default@CompileArkTS work[2] is pushed to ready queue.
[2026-04-19T19:20:45.702] [DEBUG] debug-file - A work dispatched to worker[17] failed because unable to get work from ready queue.
[2026-04-19T19:20:45.702] [DEBUG] debug-file - A work dispatched to worker[16] failed because unable to get work from ready queue.
[2026-04-19T19:20:45.702] [DEBUG] debug-file - A work dispatched to worker[15] failed because unable to get work from ready queue.
[2026-04-19T19:20:45.702] [DEBUG] debug-file - A work dispatched to worker[14] failed because unable to get work from ready queue.
[2026-04-19T19:20:45.702] [DEBUG] debug-file - A work dispatched to worker[13] failed because unable to get work from ready queue.
[2026-04-19T19:20:45.702] [DEBUG] debug-file - A work dispatched to worker[12] failed because unable to get work from ready queue.
[2026-04-19T19:20:45.703] [DEBUG] debug-file - A work dispatched to worker[11] failed because unable to get work from ready queue.
[2026-04-19T19:20:45.703] [DEBUG] debug-file - A work dispatched to worker[10] failed because unable to get work from ready queue.
[2026-04-19T19:20:45.703] [DEBUG] debug-file - A work dispatched to worker[9] failed because unable to get work from ready queue.
[2026-04-19T19:20:45.703] [DEBUG] debug-file - A work dispatched to worker[8] failed because unable to get work from ready queue.
[2026-04-19T19:20:45.703] [DEBUG] debug-file - A work dispatched to worker[7] failed because unable to get work from ready queue.
[2026-04-19T19:20:45.703] [DEBUG] debug-file - A work dispatched to worker[6] failed because unable to get work from ready queue.
[2026-04-19T19:20:45.703] [DEBUG] debug-file - A work dispatched to worker[5] failed because unable to get work from ready queue.
[2026-04-19T19:20:45.704] [DEBUG] debug-file - default@CompileArkTS work[2] has been dispatched to worker[4].
[2026-04-19T19:20:45.705] [DEBUG] debug-file - default@CompileArkTS work[2] is dispatched.
[2026-04-19T19:20:45.705] [DEBUG] debug-file - CopyResources startTime: 323047652007500
[2026-04-19T19:20:45.705] [DEBUG] debug-file - default@CompileArkTS work[3] is submitted.
[2026-04-19T19:20:45.705] [DEBUG] debug-file - default@CompileArkTS work[3] is pushed to ready queue.
[2026-04-19T19:20:45.705] [DEBUG] debug-file - A work dispatched to worker[17] failed because unable to get work from ready queue.
[2026-04-19T19:20:45.706] [DEBUG] debug-file - Create  resident worker with id: 16.
[2026-04-19T19:20:45.708] [DEBUG] debug-file - default@CompileArkTS work[3] has been dispatched to worker[16].
[2026-04-19T19:20:45.708] [DEBUG] debug-file - default@CompileArkTS work[3] is dispatched.
[2026-04-19T19:20:45.709] [DEBUG] debug-file - entry : default@CompileArkTS cost memory -3.3589630126953125
[2026-04-19T19:20:45.712] [DEBUG] debug-file - Executing task :entry:default@BuildJS
[2026-04-19T19:20:45.712] [DEBUG] debug-file - Task 'entry:default@BuildJS' cost while wrapping incremental declarations: 1 ms 
[2026-04-19T19:20:45.715] [DEBUG] debug-file - entry : default@BuildJS cost memory 0.151947021484375
[2026-04-19T19:20:45.715] [DEBUG] debug-file - runTaskFromQueue task cost before running: 437 ms 
[2026-04-19T19:20:45.715] [INFO] debug-file - Finished :entry:default@BuildJS... after 4 ms 
[2026-04-19T19:20:45.717] [DEBUG] debug-file - Executing task :entry:default@CacheNativeLibs
[2026-04-19T19:20:45.718] [DEBUG] debug-file - Task 'entry:default@CacheNativeLibs' cost while wrapping incremental declarations: 1 ms 
[2026-04-19T19:20:45.719] [DEBUG] debug-file - Incremental task entry:default@CacheNativeLibs pre-execution cost: 1 ms .
[2026-04-19T19:20:45.719] [DEBUG] debug-file - entry : default@CacheNativeLibs cost memory 0.089691162109375
[2026-04-19T19:20:45.719] [INFO] debug-file - UP-TO-DATE :entry:default@CacheNativeLibs...  
[2026-04-19T19:20:46.890] [DEBUG] debug-file - worker[16] has one work done.
[2026-04-19T19:20:46.890] [DEBUG] debug-file - CopyResources is end, endTime: 323048836962500
[2026-04-19T19:20:46.890] [DEBUG] debug-file - default@CompileArkTS work[3] done.
[2026-04-19T19:20:46.890] [DEBUG] debug-file - A work dispatched to worker[16] failed because unable to get work from ready queue.
[2026-04-19T19:20:47.406] [WARN] debug-file - [33mWARN: [33m[33mArkTS:WARN File: D:/Harmonyos/Rdb/oh_modules/.ohpm/@ohos+mpchart@3.0.27/oh_modules/@ohos/mpchart/src/main/ets/components/data/ChartPixelMap.ets:35:24
 Function may throw exceptions. Special handling is required.
[39m[39m
[33mWARN: [33m[33mArkTS:WARN File: D:/Harmonyos/Rdb/oh_modules/.ohpm/@ohos+mpchart@3.0.27/oh_modules/@ohos/mpchart/src/main/ets/components/formatter/DefaultAxisValueFormatter.ets:43:26
 Function may throw exceptions. Special handling is required.
[39m[39m
[33mWARN: [33m[33mArkTS:WARN File: D:/Harmonyos/Rdb/oh_modules/.ohpm/@ohos+mpchart@3.0.27/oh_modules/@ohos/mpchart/src/main/ets/components/formatter/DefaultAxisValueFormatter.ets:48:7
 Function may throw exceptions. Special handling is required.
[39m[39m
[33mWARN: [33m[33mArkTS:WARN File: D:/Harmonyos/Rdb/oh_modules/.ohpm/@ohos+mpchart@3.0.27/oh_modules/@ohos/mpchart/src/main/ets/components/charts/ChartModel.ets:212:14
 'getContext' has been deprecated.
[39m[39m
[33mWARN: [33m[33mArkTS:WARN File: D:/Harmonyos/Rdb/oh_modules/.ohpm/@ohos+mpchart@3.0.27/oh_modules/@ohos/mpchart/src/main/ets/components/utils/Utils.ets:137:26
 Function may throw exceptions. Special handling is required.
[39m[39m
[33mWARN: [33m[33mArkTS:WARN File: D:/Harmonyos/Rdb/oh_modules/.ohpm/@ohos+mpchart@3.0.27/oh_modules/@ohos/mpchart/src/main/ets/components/utils/Utils.ets:142:7
 Function may throw exceptions. Special handling is required.
[39m[39m
[33mWARN: [33m[33mArkTS:WARN File: D:/Harmonyos/Rdb/oh_modules/.ohpm/@ohos+mpchart@3.0.27/oh_modules/@ohos/mpchart/src/main/ets/components/utils/Utils.ets:148:26
 Function may throw exceptions. Special handling is required.
[39m[39m
[33mWARN: [33m[33mArkTS:WARN File: D:/Harmonyos/Rdb/oh_modules/.ohpm/@ohos+mpchart@3.0.27/oh_modules/@ohos/mpchart/src/main/ets/components/utils/Utils.ets:153:7
 Function may throw exceptions. Special handling is required.
[39m[39m
[33mWARN: [33m[33mArkTS:WARN File: D:/Harmonyos/Rdb/oh_modules/.ohpm/@ohos+mpchart@3.0.27/oh_modules/@ohos/mpchart/src/main/ets/components/listener/BarLineChartTouchListener.ets:1173:7
 Function may throw exceptions. Special handling is required.
[39m[39m
[33mWARN: [33m[33mArkTS:WARN File: D:/Harmonyos/Rdb/oh_modules/.ohpm/@ohos+mpchart@3.0.27/oh_modules/@ohos/mpchart/src/main/ets/components/listener/PieRadarChartTouchListener.ets:391:7
 Function may throw exceptions. Special handling is required.
[39m[39m

[2026-04-19T19:20:47.407] [DEBUG] debug-file - Ark compile task finished.finished time is 323049354125100
[2026-04-19T19:20:47.407] [DEBUG] debug-file - worker[4] has one work done.
[2026-04-19T19:20:47.408] [DEBUG] debug-file - default@CompileArkTS work[2] done.
[2026-04-19T19:20:47.408] [DEBUG] debug-file - A work dispatched to worker[4] failed because unable to get work from ready queue.
[2026-04-19T19:20:47.411] [INFO] debug-file - Finished :entry:default@CompileArkTS... after 1 s 762 ms 
[2026-04-19T19:20:47.413] [DEBUG] debug-file - Executing task :entry:default@GeneratePkgModuleJson
[2026-04-19T19:20:47.413] [DEBUG] debug-file - File: 'D:\Harmonyos\Rdb\entry\build\default\intermediates\preload\default\preload.json' from 'preloadSoJsonPath' is not exists, just ignore.
[2026-04-19T19:20:47.414] [DEBUG] debug-file - Error occurs while handling @Input 'shouldDeduplicateHar': The "data" argument must be of type string or an instance of Buffer, TypedArray, or DataView. Received undefined
[2026-04-19T19:20:47.414] [DEBUG] debug-file - Task 'entry:default@GeneratePkgModuleJson' cost while wrapping incremental declarations: 2 ms 
[2026-04-19T19:20:47.416] [DEBUG] debug-file - Incremental task entry:default@GeneratePkgModuleJson pre-execution cost: 2 ms .
[2026-04-19T19:20:47.416] [DEBUG] debug-file - entry : default@GeneratePkgModuleJson cost memory 0.11084747314453125
[2026-04-19T19:20:47.416] [INFO] debug-file - UP-TO-DATE :entry:default@GeneratePkgModuleJson...  
[2026-04-19T19:20:47.417] [DEBUG] debug-file - Executing task :entry:default@ProcessCompiledResources
[2026-04-19T19:20:47.417] [DEBUG] debug-file - File: 'D:\Harmonyos\Rdb\entry\build\default\intermediates\preload\default\preload.json' from 'preloadSoJsonPath' is not exists, just ignore.
[2026-04-19T19:20:47.417] [DEBUG] debug-file - Task 'entry:default@ProcessCompiledResources' cost while wrapping incremental declarations: 1 ms 
[2026-04-19T19:20:47.418] [DEBUG] debug-file - entry : default@ProcessCompiledResources cost memory 0.05637359619140625
[2026-04-19T19:20:47.418] [DEBUG] debug-file - runTaskFromQueue task cost before running: 2 s 140 ms 
[2026-04-19T19:20:47.418] [INFO] debug-file - Finished :entry:default@ProcessCompiledResources... after 1 ms 
[2026-04-19T19:20:47.420] [DEBUG] debug-file - Executing task :entry:default@PackageHap
[2026-04-19T19:20:47.426] [DEBUG] debug-file - entry:default@PackageHap is not up-to-date, since the input file 'D:\Harmonyos\Rdb\entry\build\default\intermediates\loader_out\default\ets' has been changed.
[2026-04-19T19:20:47.426] [DEBUG] debug-file - Incremental task entry:default@PackageHap pre-execution cost: 5 ms .
[2026-04-19T19:20:47.426] [DEBUG] debug-file - Use tool [C:\Program Files\Huawei\DevEco Studio\sdk\default\openharmony\toolchains\lib\app_packing_tool.jar]
 [
  'java',
  '-Dfile.encoding=GBK',
  '-jar',
  'C:\\Program Files\\Huawei\\DevEco Studio\\sdk\\default\\openharmony\\toolchains\\lib\\app_packing_tool.jar',
  '--mode',
  'hap',
  '--force',
  'true',
  '--lib-path',
  'D:\\Harmonyos\\Rdb\\entry\\build\\default\\intermediates\\stripped_native_libs\\default',
  '--json-path',
  'D:\\Harmonyos\\Rdb\\entry\\build\\default\\intermediates\\package\\default\\module.json',
  '--resources-path',
  'D:\\Harmonyos\\Rdb\\entry\\build\\default\\intermediates\\res\\default\\resources',
  '--index-path',
  'D:\\Harmonyos\\Rdb\\entry\\build\\default\\intermediates\\res\\default\\resources.index',
  '--pack-info-path',
  'D:\\Harmonyos\\Rdb\\entry\\build\\default\\outputs\\default\\pack.info',
  '--out-path',
  'D:\\Harmonyos\\Rdb\\entry\\build\\default\\outputs\\default\\entry-default-unsigned.hap',
  '--ets-path',
  'D:\\Harmonyos\\Rdb\\entry\\build\\default\\intermediates\\loader_out\\default\\ets'
]
[2026-04-19T19:20:47.480] [DEBUG] debug-file - java daemon socket received message:{"code":0,"message":"pack success"}
[2026-04-19T19:20:47.485] [DEBUG] debug-file - entry : default@PackageHap cost memory 0.7778549194335938
[2026-04-19T19:20:47.485] [DEBUG] debug-file - runTaskFromQueue task cost before running: 2 s 207 ms 
[2026-04-19T19:20:47.487] [INFO] debug-file - Finished :entry:default@PackageHap... after 66 ms 
[2026-04-19T19:20:47.489] [DEBUG] debug-file - Executing task :entry:default@PackingCheck
[2026-04-19T19:20:47.496] [DEBUG] debug-file - entry : default@PackingCheck cost memory 0.45384979248046875
[2026-04-19T19:20:47.496] [DEBUG] debug-file - runTaskFromQueue task cost before running: 2 s 218 ms 
[2026-04-19T19:20:47.497] [INFO] debug-file - Finished :entry:default@PackingCheck... after 8 ms 
[2026-04-19T19:20:47.498] [DEBUG] debug-file - Executing task :entry:default@SignHap
[2026-04-19T19:20:47.498] [WARN] debug-file - Will skip sign 'hos_hap'. No signingConfigs profile is configured in current project.
             If needed, configure the signingConfigs in D:\Harmonyos\Rdb\build-profile.json5.
[2026-04-19T19:20:47.499] [DEBUG] debug-file - entry:default@SignHap is not up-to-date, since the input file 'D:\Harmonyos\Rdb\entry\build\default\outputs\default\entry-default-unsigned.hap' has been changed.
[2026-04-19T19:20:47.499] [DEBUG] debug-file - Incremental task entry:default@SignHap pre-execution cost: 1 ms .
[2026-04-19T19:20:47.500] [DEBUG] debug-file - entry : default@SignHap cost memory 0.08893585205078125
[2026-04-19T19:20:47.500] [DEBUG] debug-file - runTaskFromQueue task cost before running: 2 s 221 ms 
[2026-04-19T19:20:47.500] [INFO] debug-file - Finished :entry:default@SignHap... after 2 ms 
[2026-04-19T19:20:47.501] [DEBUG] debug-file - Executing task :entry:default@CollectDebugSymbol
[2026-04-19T19:20:47.502] [DEBUG] debug-file - entry : default@CollectDebugSymbol cost memory 0.0804443359375
[2026-04-19T19:20:47.502] [DEBUG] debug-file - runTaskFromQueue task cost before running: 2 s 224 ms 
[2026-04-19T19:20:47.502] [INFO] debug-file - Finished :entry:default@CollectDebugSymbol... after 1 ms 
[2026-04-19T19:20:47.502] [DEBUG] debug-file - Executing task :entry:assembleHap
[2026-04-19T19:20:47.503] [DEBUG] debug-file - entry : assembleHap cost memory 0.0126953125
[2026-04-19T19:20:47.503] [DEBUG] debug-file - runTaskFromQueue task cost before running: 2 s 224 ms 
[2026-04-19T19:20:47.503] [INFO] debug-file - Finished :entry:assembleHap... after 1 ms 
[2026-04-19T19:20:47.517] [INFO] debug-file - BUILD SUCCESSFUL in 2 s 238 ms 
[2026-04-19T19:20:47.517] [DEBUG] debug-file - There is no need to refresh cache, since the incremental task entry:default@PreBuild is up-to-date.
[2026-04-19T19:20:47.517] [DEBUG] debug-file - Update task entry:default@CreateModuleInfo output file:D:\Harmonyos\Rdb\entry\build\default\generated\profile\default\ModuleInfo.ts cache.
[2026-04-19T19:20:47.518] [DEBUG] debug-file - Incremental task entry:default@CreateModuleInfo post-execution cost:1 ms .
[2026-04-19T19:20:47.518] [DEBUG] debug-file - There is no need to refresh cache, since the incremental task entry:default@GenerateMetadata is up-to-date.
[2026-04-19T19:20:47.518] [DEBUG] debug-file - There is no need to refresh cache, since the incremental task entry:default@MergeProfile is up-to-date.
[2026-04-19T19:20:47.518] [DEBUG] debug-file - There is no need to refresh cache, since the incremental task entry:default@CreateBuildProfile is up-to-date.
[2026-04-19T19:20:47.518] [DEBUG] debug-file - Update task entry:default@GeneratePkgContextInfo output file:D:\Harmonyos\Rdb\entry\build\default\intermediates\loader\default\pkgContextInfo.json cache.
[2026-04-19T19:20:47.519] [DEBUG] debug-file - Incremental task entry:default@GeneratePkgContextInfo post-execution cost:1 ms .
[2026-04-19T19:20:47.519] [DEBUG] debug-file - Update task entry:default@ProcessIntegratedHsp output file:D:\Harmonyos\Rdb\build\cache\default\integrated_hsp\integratedHspCache.json cache.
[2026-04-19T19:20:47.519] [DEBUG] debug-file - Incremental task entry:default@ProcessIntegratedHsp post-execution cost:1 ms .
[2026-04-19T19:20:47.519] [DEBUG] debug-file - There is no need to refresh cache, since the incremental task entry:default@MakePackInfo is up-to-date.
[2026-04-19T19:20:47.519] [DEBUG] debug-file - Update task entry:default@SyscapTransform input file:C:\Program Files\Huawei\DevEco Studio\sdk\default\openharmony\toolchains\syscap_tool.exe cache by regenerate.
[2026-04-19T19:20:47.519] [DEBUG] debug-file - Update task entry:default@SyscapTransform input file:C:\Program Files\Huawei\DevEco Studio\sdk\default\openharmony\ets\api\device-define cache by regenerate.
[2026-04-19T19:20:47.520] [DEBUG] debug-file - Update task entry:default@SyscapTransform output file:D:\Harmonyos\Rdb\entry\build\default\intermediates\syscap\default\rpcid.sc cache.
[2026-04-19T19:20:47.521] [DEBUG] debug-file - Incremental task entry:default@SyscapTransform post-execution cost:2 ms .
[2026-04-19T19:20:47.521] [DEBUG] debug-file - There is no need to refresh cache, since the incremental task entry:default@ProcessProfile is up-to-date.
[2026-04-19T19:20:47.521] [DEBUG] debug-file - There is no need to refresh cache, since the incremental task entry:default@ProcessRouterMap is up-to-date.
[2026-04-19T19:20:47.521] [DEBUG] debug-file - There is no need to refresh cache, since the incremental task entry:default@ProcessShareConfig is up-to-date.
[2026-04-19T19:20:47.521] [DEBUG] debug-file - Update task entry:default@ProcessStartupConfig output file:D:\Harmonyos\Rdb\entry\build\default\intermediates\startup\default\startup_config.json cache.
[2026-04-19T19:20:47.522] [DEBUG] debug-file - Incremental task entry:default@ProcessStartupConfig post-execution cost:1 ms .
[2026-04-19T19:20:47.522] [DEBUG] debug-file - There is no need to refresh cache, since the incremental task entry:default@ProcessResource is up-to-date.
[2026-04-19T19:20:47.522] [DEBUG] debug-file - There is no need to refresh cache, since the incremental task entry:default@GenerateLoaderJson is up-to-date.
[2026-04-19T19:20:47.522] [DEBUG] debug-file - There is no need to refresh cache, since the incremental task entry:default@ProcessLibs is up-to-date.
[2026-04-19T19:20:47.522] [DEBUG] debug-file - There is no need to refresh cache, since the incremental task entry:default@CompileResource is up-to-date.
[2026-04-19T19:20:47.522] [DEBUG] debug-file - There is no need to refresh cache, since the incremental task entry:default@DoNativeStrip is up-to-date.
[2026-04-19T19:20:47.523] [DEBUG] debug-file - Update task entry:default@CompileArkTS input file:D:\Harmonyos\Rdb\entry\build\default\intermediates\loader\default cache by regenerate.
[2026-04-19T19:20:47.523] [DEBUG] debug-file - Update task entry:default@CompileArkTS input file:D:\Harmonyos\Rdb\oh_modules\.ohpm\@ohos+mpchart@3.0.27\oh_modules\@ohos\mpchart\index.ets cache by regenerate.
[2026-04-19T19:20:47.524] [DEBUG] debug-file - Update task entry:default@CompileArkTS input file:D:\Harmonyos\Rdb\oh_modules\.ohpm\@ohos+mpchart@3.0.27\oh_modules\@ohos\mpchart\src\main\ets cache by regenerate.
[2026-04-19T19:20:47.550] [DEBUG] debug-file - Update task entry:default@CompileArkTS input file:D:\Harmonyos\Rdb\entry\build\default\intermediates\res\default\resources\rawfile cache by regenerate.
[2026-04-19T19:20:47.556] [DEBUG] debug-file - Update task entry:default@CompileArkTS input file:D:\Harmonyos\Rdb\entry\build\default\intermediates\res\default\ResourceTable.txt cache by regenerate.
[2026-04-19T19:20:47.557] [DEBUG] debug-file - Update task entry:default@CompileArkTS input file:D:\Harmonyos\Rdb\entry\build\default\intermediates\res\default\ark_module.json cache by regenerate.
[2026-04-19T19:20:47.557] [DEBUG] debug-file - Update task entry:default@CompileArkTS input file:D:\Harmonyos\Rdb\entry\build\default\intermediates\res\default\resources\base\profile cache by regenerate.
[2026-04-19T19:20:47.558] [DEBUG] debug-file - Update task entry:default@CompileArkTS input file:D:\Harmonyos\Rdb\entry\src\main\ets cache from map.
[2026-04-19T19:20:47.558] [DEBUG] debug-file - Update task entry:default@CompileArkTS input file:D:\Harmonyos\Rdb\entry\build\default\generated\profile\default\BuildProfile.ets cache by regenerate.
[2026-04-19T19:20:47.559] [DEBUG] debug-file - Update task entry:default@CompileArkTS output file:D:\Harmonyos\Rdb\entry\build\default\intermediates\loader_out\default\ets cache.
[2026-04-19T19:20:47.559] [DEBUG] debug-file - Incremental task entry:default@CompileArkTS post-execution cost:38 ms .
[2026-04-19T19:20:47.561] [DEBUG] debug-file - Update task entry:default@BuildJS input file:D:\Harmonyos\Rdb\entry\build\default\intermediates\loader\default cache by regenerate.
[2026-04-19T19:20:47.561] [DEBUG] debug-file - Update task entry:default@BuildJS input file:D:\Harmonyos\Rdb\oh_modules\.ohpm\@ohos+mpchart@3.0.27\oh_modules\@ohos\mpchart\index.ets cache by regenerate.
[2026-04-19T19:20:47.562] [DEBUG] debug-file - Update task entry:default@BuildJS input file:D:\Harmonyos\Rdb\entry\build\default\intermediates\res\default\resources\rawfile cache by regenerate.
[2026-04-19T19:20:47.566] [DEBUG] debug-file - Update task entry:default@BuildJS input file:D:\Harmonyos\Rdb\entry\build\default\intermediates\res\default\ResourceTable.txt cache by regenerate.
[2026-04-19T19:20:47.566] [DEBUG] debug-file - Update task entry:default@BuildJS input file:D:\Harmonyos\Rdb\entry\build\default\intermediates\res\default\ark_module.json cache by regenerate.
[2026-04-19T19:20:47.566] [DEBUG] debug-file - Update task entry:default@BuildJS input file:D:\Harmonyos\Rdb\entry\build\default\intermediates\res\default\resources\base\profile cache by regenerate.
[2026-04-19T19:20:47.567] [DEBUG] debug-file - Update task entry:default@BuildJS output file:D:\Harmonyos\Rdb\entry\build\default\intermediates\loader_out\default\js cache.
[2026-04-19T19:20:47.567] [DEBUG] debug-file - Incremental task entry:default@BuildJS post-execution cost:8 ms .
[2026-04-19T19:20:47.568] [DEBUG] debug-file - There is no need to refresh cache, since the incremental task entry:default@CacheNativeLibs is up-to-date.
[2026-04-19T19:20:47.568] [DEBUG] debug-file - There is no need to refresh cache, since the incremental task entry:default@GeneratePkgModuleJson is up-to-date.
[2026-04-19T19:20:47.568] [DEBUG] debug-file - Incremental task entry:default@ProcessCompiledResources post-execution cost:1 ms .
[2026-04-19T19:20:47.569] [DEBUG] debug-file - Update task entry:default@PackageHap input file:D:\Harmonyos\Rdb\entry\build\default\intermediates\stripped_native_libs\default cache by regenerate.
[2026-04-19T19:20:47.569] [DEBUG] debug-file - Update task entry:default@PackageHap input file:D:\Harmonyos\Rdb\entry\build\default\intermediates\res\default\module.json cache by regenerate.
[2026-04-19T19:20:47.569] [DEBUG] debug-file - Update task entry:default@PackageHap input file:D:\Harmonyos\Rdb\entry\build\default\intermediates\res\default\resources cache by regenerate.
[2026-04-19T19:20:47.576] [DEBUG] debug-file - Update task entry:default@PackageHap input file:D:\Harmonyos\Rdb\entry\build\default\intermediates\res\default\resources.index cache by regenerate.
[2026-04-19T19:20:47.576] [DEBUG] debug-file - Update task entry:default@PackageHap input file:D:\Harmonyos\Rdb\entry\build\default\outputs\default\pack.info cache by regenerate.
[2026-04-19T19:20:47.576] [DEBUG] debug-file - Update task entry:default@PackageHap input file:D:\Harmonyos\Rdb\entry\build\default\intermediates\loader_out\default\ets cache from map.
[2026-04-19T19:20:47.576] [DEBUG] debug-file - Update task entry:default@PackageHap input file:D:\Harmonyos\Rdb\entry\build\default\intermediates\loader_out\default\ets\sourceMaps.map cache by regenerate.
[2026-04-19T19:20:47.576] [DEBUG] debug-file - Update task entry:default@PackageHap input file:D:\Harmonyos\Rdb\entry\build\default\generated\profile\default\BuildProfile.ets cache by regenerate.
[2026-04-19T19:20:47.576] [DEBUG] debug-file - Update task entry:default@PackageHap output file:D:\Harmonyos\Rdb\entry\build\default\outputs\default\entry-default-unsigned.hap cache.
[2026-04-19T19:20:47.577] [DEBUG] debug-file - Update task entry:default@PackageHap output file:D:\Harmonyos\Rdb\entry\build\default\intermediates\source_map\default\sourceMaps.map cache.
[2026-04-19T19:20:47.577] [DEBUG] debug-file - Update task entry:default@PackageHap output file:D:\Harmonyos\Rdb\entry\build\default\outputs\default\mapping\sourceMaps.map cache.
[2026-04-19T19:20:47.577] [DEBUG] debug-file - Incremental task entry:default@PackageHap post-execution cost:10 ms .
[2026-04-19T19:20:47.578] [DEBUG] debug-file - Update task entry:default@SignHap input file:D:\Harmonyos\Rdb\entry\build\default\outputs\default\entry-default-unsigned.hap cache from map.
[2026-04-19T19:20:47.578] [DEBUG] debug-file - Update task entry:default@SignHap output file:D:\Harmonyos\Rdb\entry\build\default\outputs\default\entry-default-signed.hap cache.
[2026-04-19T19:20:47.578] [DEBUG] debug-file - Incremental task entry:default@SignHap post-execution cost:1 ms .
[2026-04-19T19:20:47.579] [DEBUG] debug-file - Update task entry:default@CollectDebugSymbol input file:D:\Harmonyos\Rdb\entry\build\default\intermediates\loader_out\default\ets\sourceMaps.map cache by regenerate.
[2026-04-19T19:20:47.579] [DEBUG] debug-file - Update task entry:default@CollectDebugSymbol input file:D:\Harmonyos\Rdb\entry\build\default\intermediates\libs\default cache by regenerate.
[2026-04-19T19:20:47.580] [DEBUG] debug-file - Update task entry:default@CollectDebugSymbol output file:D:\Harmonyos\Rdb\entry\build\default\outputs\default\symbol cache.
[2026-04-19T19:20:47.580] [DEBUG] debug-file - Incremental task entry:default@CollectDebugSymbol post-execution cost:2 ms .
[2026-04-19T19:20:47.611] [DEBUG] debug-file - Cleanup worker 16.
[2026-04-19T19:20:47.611] [DEBUG] debug-file - Worker 16 has been cleaned up.
[2026-04-19T19:20:47.611] [DEBUG] debug-file - Current idle worker size: 1.
[2026-04-19T19:20:47.611] [DEBUG] debug-file - Current resident worker size: 2.
[2026-04-19T19:20:47.612] [DEBUG] debug-file - hvigor build process will be closed.
[2026-04-19T19:20:47.613] [DEBUG] debug-file - java daemon socket close code:1000 reason:close by user
[2026-04-19T19:20:47.620] [DEBUG] debug-file - session manager: send message to worker process.
[2026-04-19T19:20:47.620] [DEBUG] debug-file - session manager: send message to worker process.
[2026-04-19T19:20:47.621] [DEBUG] debug-file - watch worker: worker id should be larger than 0. Nothing will be sent to any worker thread.
[2026-04-19T19:20:47.621] [DEBUG] debug-file - watch worker: worker id should be larger than 0. Nothing will be sent to any worker thread.
[2026-04-19T19:20:47.624] [DEBUG] debug-file - worker[16] exits with exit code 1.
[2026-04-19T19:21:50.623] [DEBUG] debug-file - session manager: set active socket. socketId=fhfloj4U6hBWtxnTAAAH
[2026-04-19T19:21:50.645] [DEBUG] debug-file - watch worker: worker id should be larger than 0. Nothing will be sent to any worker thread.
[2026-04-19T19:21:50.649] [DEBUG] debug-file - Workers' log level updated to INFO
[2026-04-19T19:21:50.656] [DEBUG] debug-file - Hvigor init with startParameters:{
  hvigorfileTypeCheck: false,
  parallelExecution: true,
  incrementalExecution: true,
  printStackTrace: false,
  daemon: true,
  analyze: 0,
  logLevel: Level { level: 20000, levelStr: 'INFO', colour: 'green' },
  optimizationStrategy: 'memory',
  hotCompile: undefined,
  hotReloadBuild: undefined,
  customizedParam: undefined
}
[2026-04-19T19:21:50.662] [DEBUG] debug-file - Cache service initialization finished in 7 ms 
[2026-04-19T19:21:50.664] [DEBUG] debug-file - hvigorfile, resolving D:\Harmonyos\Rdb\hvigorfile.ts
[2026-04-19T19:21:50.728] [DEBUG] debug-file - hvigorfile, require result:  {}
[2026-04-19T19:21:50.728] [DEBUG] debug-file - hvigorfile, binding system plugins {}
[2026-04-19T19:21:50.729] [DEBUG] debug-file - Starting plugin build process
[2026-04-19T19:21:50.729] [DEBUG] debug-file - App plugin prepare start...
[2026-04-19T19:21:50.729] [DEBUG] debug-file - App plugin prepare end...
[2026-04-19T19:21:50.729] [DEBUG] debug-file - App plugin creating...
[2026-04-19T19:21:50.743] [DEBUG] debug-file - App plugin register hook start...
[2026-04-19T19:21:50.743] [DEBUG] debug-file - App plugin register hook end...
[2026-04-19T19:21:50.743] [DEBUG] debug-file - Plugin build process completed
[2026-04-19T19:21:50.744] [DEBUG] debug-file - Start initialize project's product build option map with build mode debug.
[2026-04-19T19:21:50.744] [DEBUG] debug-file - Picking option from product 'default' with build mode 'debug'.
[2026-04-19T19:21:50.745] [DEBUG] debug-file - Product 'default' build option initialized
[2026-04-19T19:21:50.745] [DEBUG] debug-file - End initialize project's product build option map with build mode 'debug'.
[2026-04-19T19:21:50.747] [DEBUG] debug-file - Obtain build option for product 'default'in this build.
[2026-04-19T19:21:50.748] [DEBUG] debug-file - No signingConfig found, initRemoteHspCache failed.
[2026-04-19T19:21:50.751] [DEBUG] debug-file - Start recording SDK configuration permission data.
[2026-04-19T19:21:50.781] [DEBUG] debug-file - Sdk init in 33 ms 
[2026-04-19T19:21:50.789] [DEBUG] debug-file - Project task initialization takes 7 ms 
[2026-04-19T19:21:50.789] [DEBUG] debug-file - hvigorfile, resolve finished D:\Harmonyos\Rdb\hvigorfile.ts
[2026-04-19T19:21:50.790] [DEBUG] debug-file - hvigorfile, resolving D:\Harmonyos\Rdb\entry\hvigorfile.ts
[2026-04-19T19:21:50.794] [DEBUG] debug-file - hvigorfile, require result:  {}
[2026-04-19T19:21:50.795] [DEBUG] debug-file - hvigorfile, binding system plugins {}
[2026-04-19T19:21:50.795] [DEBUG] debug-file - Starting plugin build process
[2026-04-19T19:21:50.795] [DEBUG] debug-file - Hap plugin creating...
[2026-04-19T19:21:50.796] [DEBUG] debug-file - failed to load cangjie to dynamically generate schemas: Error: Cannot find module '@ohos/cangjie-build-support/index'
Require stack:
- C:\Program Files\Huawei\DevEco Studio\tools\hvigor\hvigor-ohos-plugin\src\plugin\hooks\cangjie-register.js
- C:\Program Files\Huawei\DevEco Studio\tools\hvigor\hvigor-ohos-plugin\src\plugin\strategy\stage-init-strategy.js
- C:\Program Files\Huawei\DevEco Studio\tools\hvigor\hvigor-ohos-plugin\src\plugin\builder\abstract-plugin-builder.js
- C:\Program Files\Huawei\DevEco Studio\tools\hvigor\hvigor-ohos-plugin\src\plugin\builder\app-plugin-builder.js
- C:\Program Files\Huawei\DevEco Studio\tools\hvigor\hvigor-ohos-plugin\src\plugin\factory\plugin-factory.js
- C:\Program Files\Huawei\DevEco Studio\tools\hvigor\hvigor-ohos-plugin\index.js
- D:\Harmonyos\Rdb\hvigorfile.ts
- C:\Program Files\Huawei\DevEco Studio\tools\hvigor\hvigor\src\base\internal\lifecycle\configuration.js
- C:\Program Files\Huawei\DevEco Studio\tools\hvigor\hvigor\src\base\boot\index.js
- C:\Program Files\Huawei\DevEco Studio\tools\hvigor\hvigor\src\base\daemon\cluster\worker-process-lifecycle.js
- C:\Program Files\Huawei\DevEco Studio\tools\hvigor\hvigor\src\base\daemon\process\daemon-process-boot-script.js
[2026-04-19T19:21:50.804] [DEBUG] debug-file - Start initialize module-target build option map, moduleName=entry, buildMode=release
[2026-04-19T19:21:50.804] [DEBUG] debug-file - Target 'default' config initialized
[2026-04-19T19:21:50.805] [DEBUG] debug-file - Module 'entry' target 'default' build option initialized
[2026-04-19T19:21:50.805] [DEBUG] debug-file - End initialize module-target build option map, moduleName=entry
[2026-04-19T19:21:50.805] [DEBUG] debug-file - Start initialize module-target build option map, moduleName=entry, buildMode=debug
[2026-04-19T19:21:50.805] [DEBUG] debug-file - Target 'default' config initialized
[2026-04-19T19:21:50.805] [DEBUG] debug-file - Module 'entry' target 'default' build option initialized
[2026-04-19T19:21:50.805] [DEBUG] debug-file - End initialize module-target build option map, moduleName=entry
[2026-04-19T19:21:50.805] [DEBUG] debug-file - Start initialize module-target build option map, moduleName=entry, buildMode=debug
[2026-04-19T19:21:50.805] [DEBUG] debug-file - Target 'default' config initialized
[2026-04-19T19:21:50.805] [DEBUG] debug-file - Module 'entry' target 'default' build option initialized
[2026-04-19T19:21:50.807] [DEBUG] debug-file - End initialize module-target build option map, moduleName=entry
[2026-04-19T19:21:50.807] [DEBUG] debug-file - Obtain build option for module 'entry' target 'default'in this build.
[2026-04-19T19:21:50.811] [DEBUG] debug-file - Module entry task initialization takes 3 ms 
[2026-04-19T19:21:50.811] [DEBUG] debug-file - Hap plugin register hook start...
[2026-04-19T19:21:50.811] [DEBUG] debug-file - Hap plugin register hook end...
[2026-04-19T19:21:50.811] [DEBUG] debug-file - Plugin build process completed
[2026-04-19T19:21:50.811] [DEBUG] debug-file - hvigorfile, resolve finished D:\Harmonyos\Rdb\entry\hvigorfile.ts
[2026-04-19T19:21:50.890] [DEBUG] debug-file - hvigorfile, resolve hvigorfile dependencies in 78 ms 
[2026-04-19T19:21:50.890] [DEBUG] debug-file - project has submodules:entry
[2026-04-19T19:21:50.893] [DEBUG] debug-file - start to load updatedOhPackageInfo to the disk
[2026-04-19T19:21:50.897] [DEBUG] debug-file - load to the disk finished
[2026-04-19T19:21:50.898] [DEBUG] debug-file - Start to initialize dependency information.
[2026-04-19T19:21:50.902] [DEBUG] debug-file - Module Rdb Collected Dependency: D:\Harmonyos\Rdb\oh_modules\.ohpm\@ohos+mpchart@3.0.27\oh_modules\@ohos\mpchart
[2026-04-19T19:21:50.902] [DEBUG] debug-file - Module Rdb's total dependency: 1
[2026-04-19T19:21:50.904] [DEBUG] debug-file - Start to initialize dependency information.
[2026-04-19T19:21:50.906] [DEBUG] debug-file - Module entry Collected Dependency: D:\Harmonyos\Rdb\oh_modules\.ohpm\@ohos+mpchart@3.0.27\oh_modules\@ohos\mpchart
[2026-04-19T19:21:50.906] [DEBUG] debug-file - Module entry's total dependency: 1
[2026-04-19T19:21:50.910] [DEBUG] debug-file - Configuration phase cost:248 ms 
[2026-04-19T19:21:50.912] [DEBUG] debug-file - Configuration task cost before running: 263 ms 
[2026-04-19T19:21:50.919] [DEBUG] debug-file - Executing task :entry:default@PreBuild
[2026-04-19T19:21:50.921] [DEBUG] debug-file - Task 'entry:default@PreBuild' cost while wrapping incremental declarations: 1 ms 
[2026-04-19T19:21:50.926] [DEBUG] debug-file - Incremental task entry:default@PreBuild pre-execution cost: 3 ms .
[2026-04-19T19:21:50.926] [DEBUG] debug-file - entry : default@PreBuild cost memory 0.30176544189453125
[2026-04-19T19:21:50.927] [INFO] debug-file - UP-TO-DATE :entry:default@PreBuild...  
[2026-04-19T19:21:50.928] [DEBUG] debug-file - Executing task :entry:default@CreateModuleInfo
[2026-04-19T19:21:50.929] [DEBUG] debug-file - Task 'entry:default@CreateModuleInfo' cost while wrapping incremental declarations: 1 ms 
[2026-04-19T19:21:50.929] [DEBUG] debug-file - entry : default@CreateModuleInfo cost memory 0.0414276123046875
[2026-04-19T19:21:50.929] [DEBUG] debug-file - runTaskFromQueue task cost before running: 280 ms 
[2026-04-19T19:21:50.930] [INFO] debug-file - Finished :entry:default@CreateModuleInfo... after 2 ms 
[2026-04-19T19:21:50.931] [DEBUG] debug-file - Executing task :entry:default@GenerateMetadata
[2026-04-19T19:21:50.932] [DEBUG] debug-file - Task 'entry:default@GenerateMetadata' cost while wrapping incremental declarations: 1 ms 
[2026-04-19T19:21:50.933] [DEBUG] debug-file - Incremental task entry:default@GenerateMetadata pre-execution cost: 1 ms .
[2026-04-19T19:21:50.933] [DEBUG] debug-file - entry : default@GenerateMetadata cost memory 0.0798187255859375
[2026-04-19T19:21:50.933] [INFO] debug-file - UP-TO-DATE :entry:default@GenerateMetadata...  
[2026-04-19T19:21:50.934] [DEBUG] debug-file - Executing task :entry:default@ConfigureCmake
[2026-04-19T19:21:50.934] [DEBUG] debug-file - entry : default@ConfigureCmake cost memory 0.0145263671875
[2026-04-19T19:21:50.934] [DEBUG] debug-file - runTaskFromQueue task cost before running: 285 ms 
[2026-04-19T19:21:50.935] [INFO] debug-file - Finished :entry:default@ConfigureCmake... after 1 ms 
[2026-04-19T19:21:50.937] [DEBUG] debug-file - Executing task :entry:default@MergeProfile
[2026-04-19T19:21:50.937] [DEBUG] debug-file - Task 'entry:default@MergeProfile' cost while wrapping incremental declarations: 1 ms 
[2026-04-19T19:21:50.939] [DEBUG] debug-file - Incremental task entry:default@MergeProfile pre-execution cost: 2 ms .
[2026-04-19T19:21:50.939] [DEBUG] debug-file - entry : default@MergeProfile cost memory 0.14278411865234375
[2026-04-19T19:21:50.939] [INFO] debug-file - UP-TO-DATE :entry:default@MergeProfile...  
[2026-04-19T19:21:50.941] [DEBUG] debug-file - Executing task :entry:default@CreateBuildProfile
[2026-04-19T19:21:50.942] [DEBUG] debug-file - Task 'entry:default@CreateBuildProfile' cost while wrapping incremental declarations: 1 ms 
[2026-04-19T19:21:50.943] [DEBUG] debug-file - Incremental task entry:default@CreateBuildProfile pre-execution cost: 1 ms .
[2026-04-19T19:21:50.943] [DEBUG] debug-file - entry : default@CreateBuildProfile cost memory 0.085540771484375
[2026-04-19T19:21:50.943] [INFO] debug-file - UP-TO-DATE :entry:default@CreateBuildProfile...  
[2026-04-19T19:21:50.945] [DEBUG] debug-file - Executing task :entry:default@PreCheckSyscap
[2026-04-19T19:21:50.945] [DEBUG] debug-file - entry : default@PreCheckSyscap cost memory 0.01474761962890625
[2026-04-19T19:21:50.947] [DEBUG] debug-file - runTaskFromQueue task cost before running: 297 ms 
[2026-04-19T19:21:50.947] [INFO] debug-file - Finished :entry:default@PreCheckSyscap... after 2 ms 
[2026-04-19T19:21:50.951] [DEBUG] debug-file - Executing task :entry:default@GeneratePkgContextInfo
[2026-04-19T19:21:50.958] [DEBUG] debug-file - Task 'entry:default@GeneratePkgContextInfo' cost while wrapping incremental declarations: 1 ms 
[2026-04-19T19:21:50.959] [DEBUG] debug-file - entry : default@GeneratePkgContextInfo cost memory 0.29878997802734375
[2026-04-19T19:21:50.959] [DEBUG] debug-file - runTaskFromQueue task cost before running: 309 ms 
[2026-04-19T19:21:50.959] [INFO] debug-file - Finished :entry:default@GeneratePkgContextInfo... after 9 ms 
[2026-04-19T19:21:50.963] [DEBUG] debug-file - Executing task :entry:default@ProcessIntegratedHsp
[2026-04-19T19:21:50.964] [DEBUG] debug-file - entry:default@ProcessIntegratedHsp is not up-to-date, since the output file 'D:\Harmonyos\Rdb\build\cache\default\integrated_hsp\integratedHspCache.json' does not exist.
[2026-04-19T19:21:50.964] [DEBUG] debug-file - Incremental task entry:default@ProcessIntegratedHsp pre-execution cost: 1 ms .
[2026-04-19T19:21:50.964] [DEBUG] debug-file - entry : default@ProcessIntegratedHsp cost memory 0.05451202392578125
[2026-04-19T19:21:50.964] [DEBUG] debug-file - runTaskFromQueue task cost before running: 315 ms 
[2026-04-19T19:21:50.965] [INFO] debug-file - Finished :entry:default@ProcessIntegratedHsp... after 2 ms 
[2026-04-19T19:21:50.966] [DEBUG] debug-file - Executing task :entry:default@BuildNativeWithCmake
[2026-04-19T19:21:50.966] [DEBUG] debug-file - entry : default@BuildNativeWithCmake cost memory 0.0145263671875
[2026-04-19T19:21:50.966] [DEBUG] debug-file - runTaskFromQueue task cost before running: 317 ms 
[2026-04-19T19:21:50.967] [INFO] debug-file - Finished :entry:default@BuildNativeWithCmake... after 1 ms 
[2026-04-19T19:21:50.968] [DEBUG] debug-file - Executing task :entry:default@MakePackInfo
[2026-04-19T19:21:50.970] [DEBUG] debug-file - Incremental task entry:default@MakePackInfo pre-execution cost: 1 ms .
[2026-04-19T19:21:50.970] [DEBUG] debug-file - entry : default@MakePackInfo cost memory 0.09722137451171875
[2026-04-19T19:21:50.970] [INFO] debug-file - UP-TO-DATE :entry:default@MakePackInfo...  
[2026-04-19T19:21:50.971] [DEBUG] debug-file - Executing task :entry:default@SyscapTransform
[2026-04-19T19:21:50.971] [DEBUG] debug-file - File: 'D:\Harmonyos\Rdb\entry\src\main\syscap.json' from 'sysCapJsonPath' is not exists, just ignore.
[2026-04-19T19:21:50.973] [DEBUG] debug-file - Task 'entry:default@SyscapTransform' cost while wrapping incremental declarations: 2 ms 
[2026-04-19T19:21:50.975] [DEBUG] debug-file - entry:default@SyscapTransform is not up-to-date, since the output file 'D:\Harmonyos\Rdb\entry\build\default\intermediates\syscap\default\rpcid.sc' does not exist.
[2026-04-19T19:21:50.975] [DEBUG] debug-file - Incremental task entry:default@SyscapTransform pre-execution cost: 2 ms .
[2026-04-19T19:21:50.975] [DEBUG] debug-file - entry : default@SyscapTransform cost memory 0.1491241455078125
[2026-04-19T19:21:50.975] [DEBUG] debug-file - runTaskFromQueue task cost before running: 325 ms 
[2026-04-19T19:21:50.975] [INFO] debug-file - Finished :entry:default@SyscapTransform... after 4 ms 
[2026-04-19T19:21:50.976] [DEBUG] debug-file - Executing task :entry:default@ProcessProfile
[2026-04-19T19:21:50.977] [DEBUG] debug-file - Task 'entry:default@ProcessProfile' cost while wrapping incremental declarations: 1 ms 
[2026-04-19T19:21:50.978] [DEBUG] debug-file - Incremental task entry:default@ProcessProfile pre-execution cost: 1 ms .
[2026-04-19T19:21:50.979] [DEBUG] debug-file - entry : default@ProcessProfile cost memory 0.1252288818359375
[2026-04-19T19:21:50.979] [INFO] debug-file - UP-TO-DATE :entry:default@ProcessProfile...  
[2026-04-19T19:21:50.981] [DEBUG] debug-file - Executing task :entry:default@ProcessRouterMap
[2026-04-19T19:21:50.983] [DEBUG] debug-file - Incremental task entry:default@ProcessRouterMap pre-execution cost: 1 ms .
[2026-04-19T19:21:50.983] [DEBUG] debug-file - entry : default@ProcessRouterMap cost memory 0.314300537109375
[2026-04-19T19:21:50.984] [INFO] debug-file - UP-TO-DATE :entry:default@ProcessRouterMap...  
[2026-04-19T19:21:50.985] [DEBUG] debug-file - Executing task :entry:default@ProcessShareConfig
[2026-04-19T19:21:50.986] [DEBUG] debug-file - Incremental task entry:default@ProcessShareConfig pre-execution cost: 1 ms .
[2026-04-19T19:21:50.986] [DEBUG] debug-file - entry : default@ProcessShareConfig cost memory 0.1106414794921875
[2026-04-19T19:21:50.986] [INFO] debug-file - UP-TO-DATE :entry:default@ProcessShareConfig...  
[2026-04-19T19:21:50.987] [DEBUG] debug-file - Executing task :entry:default@ProcessStartupConfig
[2026-04-19T19:21:50.987] [DEBUG] debug-file - Task 'entry:default@ProcessStartupConfig' cost while wrapping incremental declarations: 1 ms 
[2026-04-19T19:21:50.988] [DEBUG] debug-file - entry:default@ProcessStartupConfig is not up-to-date, since the output file 'D:\Harmonyos\Rdb\entry\build\default\intermediates\startup\default\startup_config.json' does not exist.
[2026-04-19T19:21:50.988] [DEBUG] debug-file - Incremental task entry:default@ProcessStartupConfig pre-execution cost: 1 ms .
[2026-04-19T19:21:50.988] [DEBUG] debug-file - entry : default@ProcessStartupConfig cost memory 0.0968170166015625
[2026-04-19T19:21:50.988] [DEBUG] debug-file - runTaskFromQueue task cost before running: 338 ms 
[2026-04-19T19:21:50.988] [INFO] debug-file - Finished :entry:default@ProcessStartupConfig... after 1 ms 
[2026-04-19T19:21:50.989] [DEBUG] debug-file - Executing task :entry:default@BuildNativeWithNinja
[2026-04-19T19:21:50.989] [DEBUG] debug-file - entry : default@BuildNativeWithNinja cost memory 0.01982879638671875
[2026-04-19T19:21:50.990] [DEBUG] debug-file - runTaskFromQueue task cost before running: 340 ms 
[2026-04-19T19:21:50.990] [INFO] debug-file - Finished :entry:default@BuildNativeWithNinja... after 1 ms 
[2026-04-19T19:21:50.991] [DEBUG] debug-file - restool module names: entry; moduleName=entry, taskName=default@ProcessResource
[2026-04-19T19:21:50.996] [DEBUG] debug-file - Executing task :entry:default@ProcessResource
[2026-04-19T19:21:50.997] [DEBUG] debug-file - Task 'entry:default@ProcessResource' cost while wrapping incremental declarations: 1 ms 
[2026-04-19T19:21:50.999] [DEBUG] debug-file - Incremental task entry:default@ProcessResource pre-execution cost: 2 ms .
[2026-04-19T19:21:50.999] [DEBUG] debug-file - entry : default@ProcessResource cost memory 0.127410888671875
[2026-04-19T19:21:51.001] [INFO] debug-file - UP-TO-DATE :entry:default@ProcessResource...  
[2026-04-19T19:21:51.004] [DEBUG] debug-file - Executing task :entry:default@GenerateLoaderJson
[2026-04-19T19:21:51.004] [DEBUG] debug-file - Task 'entry:default@GenerateLoaderJson' cost while wrapping incremental declarations: 1 ms 
[2026-04-19T19:21:51.013] [DEBUG] debug-file - Incremental task entry:default@GenerateLoaderJson pre-execution cost: 5 ms .
[2026-04-19T19:21:51.013] [DEBUG] debug-file - entry : default@GenerateLoaderJson cost memory 0.5055160522460938
[2026-04-19T19:21:51.017] [INFO] debug-file - UP-TO-DATE :entry:default@GenerateLoaderJson...  
[2026-04-19T19:21:51.018] [DEBUG] debug-file - Executing task :entry:default@ProcessLibs
[2026-04-19T19:21:51.029] [DEBUG] debug-file - Incremental task entry:default@ProcessLibs pre-execution cost: 9 ms .
[2026-04-19T19:21:51.029] [DEBUG] debug-file - entry : default@ProcessLibs cost memory -5.741188049316406
[2026-04-19T19:21:51.030] [INFO] debug-file - UP-TO-DATE :entry:default@ProcessLibs...  
[2026-04-19T19:21:51.032] [DEBUG] debug-file - restool module names: entry; moduleName=entry, taskName=default@CompileResource
[2026-04-19T19:21:51.032] [DEBUG] debug-file - Executing task :entry:default@CompileResource
[2026-04-19T19:21:51.042] [DEBUG] debug-file - Incremental task entry:default@CompileResource pre-execution cost: 9 ms .
[2026-04-19T19:21:51.043] [DEBUG] debug-file - entry : default@CompileResource cost memory 1.1626815795898438
[2026-04-19T19:21:51.044] [INFO] debug-file - UP-TO-DATE :entry:default@CompileResource...  
[2026-04-19T19:21:51.045] [DEBUG] debug-file - Executing task :entry:default@DoNativeStrip
[2026-04-19T19:21:51.046] [DEBUG] debug-file - Task 'entry:default@DoNativeStrip' cost while wrapping incremental declarations: 1 ms 
[2026-04-19T19:21:51.047] [DEBUG] debug-file - Incremental task entry:default@DoNativeStrip pre-execution cost: 1 ms .
[2026-04-19T19:21:51.047] [DEBUG] debug-file - entry : default@DoNativeStrip cost memory 0.09069061279296875
[2026-04-19T19:21:51.047] [INFO] debug-file - UP-TO-DATE :entry:default@DoNativeStrip...  
[2026-04-19T19:21:51.048] [DEBUG] debug-file - Executing task :entry:default@CompileArkTS
[2026-04-19T19:21:51.049] [DEBUG] debug-file - obfuscationOptions: undefined
[2026-04-19T19:21:51.052] [DEBUG] debug-file - Task 'entry:default@CompileArkTS' cost while wrapping incremental declarations: 1 ms 
[2026-04-19T19:21:51.074] [DEBUG] debug-file - entry:default@CompileArkTS is not up-to-date, since the input file 'D:\Harmonyos\Rdb\entry\src\main\ets' has been changed.
[2026-04-19T19:21:51.074] [DEBUG] debug-file - Incremental task entry:default@CompileArkTS pre-execution cost: 21 ms .
[2026-04-19T19:21:51.085] [DEBUG] debug-file - build config:
[2026-04-19T19:21:51.086] [DEBUG] debug-file - {
  moduleType: 'entry',
  perf: 0,
  targetName: '.default',
  packageManagerType: 'ohpm',
  localPropertiesPath: 'D:\\Harmonyos\\Rdb\\local.properties',
  isPreview: false,
  isOhosTest: false,
  isLocalTest: false,
  buildMode: 'Debug',
  hotReloadBuild: undefined,
  watchMode: 'false',
  aceProfilePath: 'D:\\Harmonyos\\Rdb\\entry\\build\\default\\intermediates\\res\\default\\resources\\base\\profile',
  etsLoaderPath: 'C:\\Program Files\\Huawei\\DevEco Studio\\sdk\\default\\openharmony\\ets\\build-tools\\ets-loader',
  modulePath: 'D:\\Harmonyos\\Rdb\\entry',
  testFrameworkPar: {
    testMode: undefined,
    coveragePathFilter: undefined,
    coverageMode: undefined
  },
  needCoverageInsert: false,
  debugLine: false,
  projectTopDir: 'D:\\Harmonyos\\Rdb',
  compileSdkVersion: 22,
  compatibleSdkVersion: 17,
  originCompatibleSdkVersion: '5.0.5(17)',
  compatibleSdkVersionStage: undefined,
  bundleName: 'c***b',
  etsLoaderVersion: '6.0.2.130',
  etsLoaderReleaseType: 'Release',
  aotCompileMode: 'type',
  apPath: 'D:\\Harmonyos\\Rdb\\entry\\modules.ap',
  entryModuleName: 'entry',
  entryModuleVersion: '1.0.0',
  entryPackageName: 'entry',
  allModuleNameHash: '199d9c189e05aafae23be9098c561ff961e0b37017b028c869204eaf5bb9b356',
  externalApiPaths: [
    'C:\\Program Files\\Huawei\\DevEco Studio\\sdk\\default\\hms\\ets'
  ],
  compilerTypes: [],
  isCrossplatform: false,
  hvigorPluginFile: undefined,
  compilePluginPath: undefined,
  buildGeneratedProfilePath: 'D:\\Harmonyos\\Rdb\\entry\\build\\default\\generated\\profile\\default',
  bundleType: 'app',
  arkTSVersion: undefined,
  apiVersion: 22,
  needCompleteSourcesMap: false,
  isFaMode: false,
  buildDir: 'D:\\Harmonyos\\Rdb\\entry\\build',
  deviceTypes: [ 'phone' ],
  pkgContextInfo: undefined,
  ohPackagePathMap: {},
  dependencyAliasMap: {},
  permission: { requestPermissions: [ [Object] ], definePermissions: undefined },
  useGetCurrentBundleName: false,
  projectArkOption: undefined,
  sourceMapDir: undefined,
  branchElimination: false,
  transformLib: undefined,
  tsImportSendable: false,
  resolveConflictMode: true,
  depName2RootPath: {},
  depName2DepInfo: {},
  rootPathSet: [ 'D:\\Harmonyos\\Rdb' ],
  useNativeResolver: true,
  shouldEmitJs: true,
  useTscResolve: false,
  singleFileEmit: false,
  userProjectConfig: {
    autoLazyImport: false,
    allowEmptyBundleName: false,
    reExportCheckMode: 'noCheck',
    executionMode: 'memory',
    usePathPlaceholder: false,
    writeRollupCache: true,
    isExpandImportEnabled: false,
    expandImportExclude: '',
    lazyImportExclude: '',
    lazyImportInclude: '',
    ignoreCrossplatformCheck: false,
    isHarDeduplicateEnabled: false,
    skipOhModulesLint: false,
    enableStrictCheckOHModule: false,
    disableSendableCheckRules: [],
    useDeclarationFileSignature: false,
    customizedOptions: undefined,
    integratedHsp: false,
    isPreloadSoEnabled: false
  },
  executionMode: 'memory',
  arkCompileCachePath: 'D:\\Harmonyos\\Rdb\\entry\\build\\default\\cache\\default\\default@CompileArkTS\\esmodule',
  autoLazyFilter: undefined,
  isHarDeduplicateEnabled: false,
  intermediateHarDuplicateDirPath: 'D:\\Harmonyos\\Rdb\\entry\\build\\default\\intermediates\\har_duplicate\\default',
  autoLazyImport: false,
  allowEmptyBundleName: false,
  reExportCheckMode: 'noCheck',
  usePathPlaceholder: false,
  writeRollupCache: true,
  isExpandImportEnabled: false,
  expandImportExclude: '',
  lazyImportExclude: '',
  lazyImportInclude: '',
  ignoreCrossplatformCheck: false,
  skipOhModulesLint: false,
  enableStrictCheckOHModule: false,
  disableSendableCheckRules: [],
  useDeclarationFileSignature: false,
  customizedOptions: undefined,
  integratedHsp: false,
  isPreloadSoEnabled: false,
  strictMode: undefined,
  useNormalizedOHMUrl: false,
  caseSensitiveCheck: false,
  aceModuleJsonPath: 'D:\\Harmonyos\\Rdb\\entry\\build\\default\\intermediates\\res\\default\\ark_module.json',
  appResource: 'D:\\Harmonyos\\Rdb\\entry\\build\\default\\intermediates\\res\\default\\ResourceTable.txt',
  rawFileResource: 'D:\\Harmonyos\\Rdb\\entry\\build\\default\\intermediates\\res\\default\\resources\\rawfile',
  resourceTableHash: 'bc30de88bcdc2d48b439b5331438f18f5e6581667fb0e08a149114abb4f3a1a7',
  runtimeOS: 'HarmonyOS',
  sdkInfo: 'false:22:6.0.2.130:Release',
  aceModuleRoot: 'D:\\Harmonyos\\Rdb\\entry\\src\\main\\ets',
  compileMode: 'esmodule',
  aceSuperVisualPath: 'D:\\Harmonyos\\Rdb\\entry\\src\\main\\supervisual',
  aceBuildJson: 'D:\\Harmonyos\\Rdb\\entry\\build\\default\\intermediates\\loader\\default\\loader.json',
  cachePath: 'D:\\Harmonyos\\Rdb\\entry\\build\\default\\cache\\default\\default@CompileArkTS\\esmodule\\debug',
  aceModuleBuild: 'D:\\Harmonyos\\Rdb\\entry\\build\\default\\intermediates\\loader_out\\default\\ets',
  supportChunks: true,
  declaredFilesPath: undefined,
  shouldCollectDirectImportees: false,
  isByteCodeHarOptimize: false,
  expandImportPath: undefined,
  pkgNameToPkgBriefInfo: {
    '@ohos/mpchart': {
      pkgRoot: 'D:\\Harmonyos\\Rdb\\oh_modules\\.ohpm\\@ohos+mpchart@3.0.27\\oh_modules\\@ohos\\mpchart',
      pkgName: '@ohos/mpchart',
      sourceRoots: [Array]
    },
    entry: {
      pkgRoot: 'D:\\Harmonyos\\Rdb\\entry',
      originalSourceRoots: undefined,
      sourceRoots: [Array],
      pkgName: 'entry'
    }
  },
  projectModel: {
    'D:\\Harmonyos\\Rdb\\entry\\src\\main': {
      moduleName: 'entry',
      modulePkgPath: 'D:\\Harmonyos\\Rdb\\entry',
      belongProjectPath: 'D:\\Harmonyos\\Rdb'
    },
    'D:\\Harmonyos\\Rdb\\entry': {
      moduleName: 'entry',
      modulePkgPath: 'D:\\Harmonyos\\Rdb\\entry',
      belongProjectPath: 'D:\\Harmonyos\\Rdb'
    },
    'D:\\Harmonyos\\Rdb': {
      moduleName: 'Rdb',
      modulePkgPath: 'D:\\Harmonyos\\Rdb',
      belongProjectPath: 'D:\\Harmonyos\\Rdb'
    }
  },
  pkgJsonFileHash: 'd56bf149d8241d4d0c1ae430fabb9fa7e929fed90b32548bd9094ede2f766d24',
  allModulePaths: [ 'D:\\Harmonyos\\Rdb\\entry' ],
  routerMap: {},
  obfuscationOptions: undefined,
  byteCodeHarToDependencyKeys: undefined,
  compileBlockPkg: [],
  mockParams: {
    decorator: '@MockSetup',
    packageName: '@ohos/hamock',
    etsSourceRootPath: 'src/main/ets',
    mockConfigPath: undefined,
    mockConfigKey2ModuleInfo: {},
    source2ModuleIdMap: {}
  },
  copyCodeResourceEnable: true,
  copyCodeResourceExcludes: [],
  copyCodeResourceIncludes: undefined,
  uiTransformOptimization: false,
  sdkPath: 'C:/Program Files/Huawei/DevEco Studio/sdk',
  needPreloadSoFileSet: {},
  preloadSoFilePath: 'D:\\Harmonyos\\Rdb\\entry\\build\\default\\intermediates\\preload\\default\\preload.json',
  useSourceHash: false,
  localModuleParamMap: {},
  otherPaths: {
    '@ohos/mpchart/*': [
      '..\\..\\..\\..\\oh_modules\\.ohpm\\@ohos+mpchart@3.0.27\\oh_modules\\@ohos\\mpchart\\src\\main\\*'
    ],
    'entry/*': [
      '..\\*',
      '..\\..\\..\\build\\default\\generated\\profile\\default\\*'
    ]
  },
  collectImportersConfig: undefined
}
[2026-04-19T19:21:51.086] [DEBUG] debug-file - Compile arkts with external api path: C:\Program Files\Huawei\DevEco Studio\sdk\default\hms\ets
[2026-04-19T19:21:51.089] [DEBUG] debug-file - default@CompileArkTS work[4] is submitted.
[2026-04-19T19:21:51.089] [DEBUG] debug-file - default@CompileArkTS work[4] is pushed to ready queue.
[2026-04-19T19:21:51.090] [DEBUG] debug-file - A work dispatched to worker[17] failed because unable to get work from ready queue.
[2026-04-19T19:21:51.090] [DEBUG] debug-file - A work dispatched to worker[16] failed because unable to get work from ready queue.
[2026-04-19T19:21:51.090] [DEBUG] debug-file - A work dispatched to worker[15] failed because unable to get work from ready queue.
[2026-04-19T19:21:51.090] [DEBUG] debug-file - A work dispatched to worker[14] failed because unable to get work from ready queue.
[2026-04-19T19:21:51.090] [DEBUG] debug-file - A work dispatched to worker[13] failed because unable to get work from ready queue.
[2026-04-19T19:21:51.090] [DEBUG] debug-file - A work dispatched to worker[12] failed because unable to get work from ready queue.
[2026-04-19T19:21:51.090] [DEBUG] debug-file - A work dispatched to worker[11] failed because unable to get work from ready queue.
[2026-04-19T19:21:51.090] [DEBUG] debug-file - A work dispatched to worker[10] failed because unable to get work from ready queue.
[2026-04-19T19:21:51.090] [DEBUG] debug-file - A work dispatched to worker[9] failed because unable to get work from ready queue.
[2026-04-19T19:21:51.090] [DEBUG] debug-file - A work dispatched to worker[8] failed because unable to get work from ready queue.
[2026-04-19T19:21:51.090] [DEBUG] debug-file - A work dispatched to worker[7] failed because unable to get work from ready queue.
[2026-04-19T19:21:51.090] [DEBUG] debug-file - A work dispatched to worker[6] failed because unable to get work from ready queue.
[2026-04-19T19:21:51.090] [DEBUG] debug-file - A work dispatched to worker[5] failed because unable to get work from ready queue.
[2026-04-19T19:21:51.091] [DEBUG] debug-file - default@CompileArkTS work[4] has been dispatched to worker[4].
[2026-04-19T19:21:51.091] [DEBUG] debug-file - default@CompileArkTS work[4] is dispatched.
[2026-04-19T19:21:51.091] [DEBUG] debug-file - CopyResources startTime: 323113037201000
[2026-04-19T19:21:51.091] [DEBUG] debug-file - default@CompileArkTS work[5] is submitted.
[2026-04-19T19:21:51.091] [DEBUG] debug-file - default@CompileArkTS work[5] is pushed to ready queue.
[2026-04-19T19:21:51.091] [DEBUG] debug-file - A work dispatched to worker[17] failed because unable to get work from ready queue.
[2026-04-19T19:21:51.092] [DEBUG] debug-file - Create  resident worker with id: 16.
[2026-04-19T19:21:51.093] [DEBUG] debug-file - default@CompileArkTS work[5] has been dispatched to worker[16].
[2026-04-19T19:21:51.093] [DEBUG] debug-file - default@CompileArkTS work[5] is dispatched.
[2026-04-19T19:21:51.094] [DEBUG] debug-file - entry : default@CompileArkTS cost memory 4.039817810058594
[2026-04-19T19:21:51.096] [DEBUG] debug-file - Executing task :entry:default@BuildJS
[2026-04-19T19:21:51.097] [DEBUG] debug-file - Task 'entry:default@BuildJS' cost while wrapping incremental declarations: 1 ms 
[2026-04-19T19:21:51.099] [DEBUG] debug-file - entry : default@BuildJS cost memory 0.15484619140625
[2026-04-19T19:21:51.100] [DEBUG] debug-file - runTaskFromQueue task cost before running: 450 ms 
[2026-04-19T19:21:51.100] [INFO] debug-file - Finished :entry:default@BuildJS... after 4 ms 
[2026-04-19T19:21:51.102] [DEBUG] debug-file - Executing task :entry:default@CacheNativeLibs
[2026-04-19T19:21:51.103] [DEBUG] debug-file - Task 'entry:default@CacheNativeLibs' cost while wrapping incremental declarations: 1 ms 
[2026-04-19T19:21:51.104] [DEBUG] debug-file - Incremental task entry:default@CacheNativeLibs pre-execution cost: 2 ms .
[2026-04-19T19:21:51.104] [DEBUG] debug-file - entry : default@CacheNativeLibs cost memory 0.09148406982421875
[2026-04-19T19:21:51.105] [INFO] debug-file - UP-TO-DATE :entry:default@CacheNativeLibs...  
[2026-04-19T19:21:52.050] [DEBUG] debug-file - worker[16] has one work done.
[2026-04-19T19:21:52.050] [DEBUG] debug-file - CopyResources is end, endTime: 323113996398100
[2026-04-19T19:21:52.051] [DEBUG] debug-file - default@CompileArkTS work[5] done.
[2026-04-19T19:21:52.051] [DEBUG] debug-file - A work dispatched to worker[16] failed because unable to get work from ready queue.
[2026-04-19T19:21:52.070] [DEBUG] debug-file - Ark compile task finished.finished time is 323114015619000
[2026-04-19T19:21:52.070] [DEBUG] debug-file - worker[4] has one work done.
[2026-04-19T19:21:52.072] [DEBUG] debug-file - default@CompileArkTS work[4] done.
[2026-04-19T19:21:52.072] [DEBUG] debug-file - A work dispatched to worker[4] failed because unable to get work from ready queue.
[2026-04-19T19:21:52.074] [INFO] debug-file - Finished :entry:default@CompileArkTS... after 1 s 21 ms 
[2026-04-19T19:21:52.076] [DEBUG] debug-file - Executing task :entry:default@GeneratePkgModuleJson
[2026-04-19T19:21:52.076] [DEBUG] debug-file - File: 'D:\Harmonyos\Rdb\entry\build\default\intermediates\preload\default\preload.json' from 'preloadSoJsonPath' is not exists, just ignore.
[2026-04-19T19:21:52.077] [DEBUG] debug-file - Error occurs while handling @Input 'shouldDeduplicateHar': The "data" argument must be of type string or an instance of Buffer, TypedArray, or DataView. Received undefined
[2026-04-19T19:21:52.077] [DEBUG] debug-file - Task 'entry:default@GeneratePkgModuleJson' cost while wrapping incremental declarations: 2 ms 
[2026-04-19T19:21:52.078] [DEBUG] debug-file - Incremental task entry:default@GeneratePkgModuleJson pre-execution cost: 1 ms .
[2026-04-19T19:21:52.078] [DEBUG] debug-file - entry : default@GeneratePkgModuleJson cost memory 0.10967254638671875
[2026-04-19T19:21:52.078] [INFO] debug-file - UP-TO-DATE :entry:default@GeneratePkgModuleJson...  
[2026-04-19T19:21:52.080] [DEBUG] debug-file - Executing task :entry:default@ProcessCompiledResources
[2026-04-19T19:21:52.080] [DEBUG] debug-file - File: 'D:\Harmonyos\Rdb\entry\build\default\intermediates\preload\default\preload.json' from 'preloadSoJsonPath' is not exists, just ignore.
[2026-04-19T19:21:52.080] [DEBUG] debug-file - Task 'entry:default@ProcessCompiledResources' cost while wrapping incremental declarations: 1 ms 
[2026-04-19T19:21:52.081] [DEBUG] debug-file - entry : default@ProcessCompiledResources cost memory 0.05599212646484375
[2026-04-19T19:21:52.081] [DEBUG] debug-file - runTaskFromQueue task cost before running: 1 s 431 ms 
[2026-04-19T19:21:52.082] [INFO] debug-file - Finished :entry:default@ProcessCompiledResources... after 2 ms 
[2026-04-19T19:21:52.084] [DEBUG] debug-file - Executing task :entry:default@PackageHap
[2026-04-19T19:21:52.097] [DEBUG] debug-file - entry:default@PackageHap is not up-to-date, since the input file 'D:\Harmonyos\Rdb\entry\build\default\intermediates\loader_out\default\ets' has been changed.
[2026-04-19T19:21:52.097] [DEBUG] debug-file - Incremental task entry:default@PackageHap pre-execution cost: 10 ms .
[2026-04-19T19:21:52.098] [DEBUG] debug-file - Use tool [C:\Program Files\Huawei\DevEco Studio\sdk\default\openharmony\toolchains\lib\app_packing_tool.jar]
 [
  'java',
  '-Dfile.encoding=GBK',
  '-jar',
  'C:\\Program Files\\Huawei\\DevEco Studio\\sdk\\default\\openharmony\\toolchains\\lib\\app_packing_tool.jar',
  '--mode',
  'hap',
  '--force',
  'true',
  '--lib-path',
  'D:\\Harmonyos\\Rdb\\entry\\build\\default\\intermediates\\stripped_native_libs\\default',
  '--json-path',
  'D:\\Harmonyos\\Rdb\\entry\\build\\default\\intermediates\\package\\default\\module.json',
  '--resources-path',
  'D:\\Harmonyos\\Rdb\\entry\\build\\default\\intermediates\\res\\default\\resources',
  '--index-path',
  'D:\\Harmonyos\\Rdb\\entry\\build\\default\\intermediates\\res\\default\\resources.index',
  '--pack-info-path',
  'D:\\Harmonyos\\Rdb\\entry\\build\\default\\outputs\\default\\pack.info',
  '--out-path',
  'D:\\Harmonyos\\Rdb\\entry\\build\\default\\outputs\\default\\entry-default-unsigned.hap',
  '--ets-path',
  'D:\\Harmonyos\\Rdb\\entry\\build\\default\\intermediates\\loader_out\\default\\ets'
]
[2026-04-19T19:21:52.171] [DEBUG] debug-file - java daemon socket received message:{"code":0,"message":"pack success"}
[2026-04-19T19:21:52.175] [DEBUG] debug-file - entry : default@PackageHap cost memory 0.9091873168945312
[2026-04-19T19:21:52.175] [DEBUG] debug-file - runTaskFromQueue task cost before running: 1 s 525 ms 
[2026-04-19T19:21:52.176] [INFO] debug-file - Finished :entry:default@PackageHap... after 91 ms 
[2026-04-19T19:21:52.177] [DEBUG] debug-file - Executing task :entry:default@PackingCheck
[2026-04-19T19:21:52.181] [DEBUG] debug-file - entry : default@PackingCheck cost memory 0.46942138671875
[2026-04-19T19:21:52.181] [DEBUG] debug-file - runTaskFromQueue task cost before running: 1 s 531 ms 
[2026-04-19T19:21:52.181] [INFO] debug-file - Finished :entry:default@PackingCheck... after 4 ms 
[2026-04-19T19:21:52.183] [DEBUG] debug-file - Executing task :entry:default@SignHap
[2026-04-19T19:21:52.183] [WARN] debug-file - Will skip sign 'hos_hap'. No signingConfigs profile is configured in current project.
             If needed, configure the signingConfigs in D:\Harmonyos\Rdb\build-profile.json5.
[2026-04-19T19:21:52.184] [DEBUG] debug-file - entry:default@SignHap is not up-to-date, since the input file 'D:\Harmonyos\Rdb\entry\build\default\outputs\default\entry-default-unsigned.hap' has been changed.
[2026-04-19T19:21:52.184] [DEBUG] debug-file - Incremental task entry:default@SignHap pre-execution cost: 1 ms .
[2026-04-19T19:21:52.185] [DEBUG] debug-file - entry : default@SignHap cost memory 0.08756256103515625
[2026-04-19T19:21:52.185] [DEBUG] debug-file - runTaskFromQueue task cost before running: 1 s 535 ms 
[2026-04-19T19:21:52.185] [INFO] debug-file - Finished :entry:default@SignHap... after 2 ms 
[2026-04-19T19:21:52.187] [DEBUG] debug-file - Executing task :entry:default@CollectDebugSymbol
[2026-04-19T19:21:52.188] [DEBUG] debug-file - entry : default@CollectDebugSymbol cost memory 0.079833984375
[2026-04-19T19:21:52.188] [DEBUG] debug-file - runTaskFromQueue task cost before running: 1 s 538 ms 
[2026-04-19T19:21:52.188] [INFO] debug-file - Finished :entry:default@CollectDebugSymbol... after 2 ms 
[2026-04-19T19:21:52.189] [DEBUG] debug-file - Executing task :entry:assembleHap
[2026-04-19T19:21:52.189] [DEBUG] debug-file - entry : assembleHap cost memory 0.012725830078125
[2026-04-19T19:21:52.189] [DEBUG] debug-file - runTaskFromQueue task cost before running: 1 s 539 ms 
[2026-04-19T19:21:52.189] [INFO] debug-file - Finished :entry:assembleHap... after 1 ms 
[2026-04-19T19:21:52.201] [INFO] debug-file - BUILD SUCCESSFUL in 1 s 552 ms 
[2026-04-19T19:21:52.202] [DEBUG] debug-file - There is no need to refresh cache, since the incremental task entry:default@PreBuild is up-to-date.
[2026-04-19T19:21:52.202] [DEBUG] debug-file - Update task entry:default@CreateModuleInfo output file:D:\Harmonyos\Rdb\entry\build\default\generated\profile\default\ModuleInfo.ts cache.
[2026-04-19T19:21:52.203] [DEBUG] debug-file - Incremental task entry:default@CreateModuleInfo post-execution cost:1 ms .
[2026-04-19T19:21:52.203] [DEBUG] debug-file - There is no need to refresh cache, since the incremental task entry:default@GenerateMetadata is up-to-date.
[2026-04-19T19:21:52.203] [DEBUG] debug-file - There is no need to refresh cache, since the incremental task entry:default@MergeProfile is up-to-date.
[2026-04-19T19:21:52.203] [DEBUG] debug-file - There is no need to refresh cache, since the incremental task entry:default@CreateBuildProfile is up-to-date.
[2026-04-19T19:21:52.203] [DEBUG] debug-file - Update task entry:default@GeneratePkgContextInfo output file:D:\Harmonyos\Rdb\entry\build\default\intermediates\loader\default\pkgContextInfo.json cache.
[2026-04-19T19:21:52.203] [DEBUG] debug-file - Incremental task entry:default@GeneratePkgContextInfo post-execution cost:1 ms .
[2026-04-19T19:21:52.203] [DEBUG] debug-file - Update task entry:default@ProcessIntegratedHsp output file:D:\Harmonyos\Rdb\build\cache\default\integrated_hsp\integratedHspCache.json cache.
[2026-04-19T19:21:52.203] [DEBUG] debug-file - Incremental task entry:default@ProcessIntegratedHsp post-execution cost:1 ms .
[2026-04-19T19:21:52.203] [DEBUG] debug-file - There is no need to refresh cache, since the incremental task entry:default@MakePackInfo is up-to-date.
[2026-04-19T19:21:52.203] [DEBUG] debug-file - Update task entry:default@SyscapTransform input file:C:\Program Files\Huawei\DevEco Studio\sdk\default\openharmony\toolchains\syscap_tool.exe cache by regenerate.
[2026-04-19T19:21:52.203] [DEBUG] debug-file - Update task entry:default@SyscapTransform input file:C:\Program Files\Huawei\DevEco Studio\sdk\default\openharmony\ets\api\device-define cache by regenerate.
[2026-04-19T19:21:52.204] [DEBUG] debug-file - Update task entry:default@SyscapTransform output file:D:\Harmonyos\Rdb\entry\build\default\intermediates\syscap\default\rpcid.sc cache.
[2026-04-19T19:21:52.204] [DEBUG] debug-file - Incremental task entry:default@SyscapTransform post-execution cost:2 ms .
[2026-04-19T19:21:52.205] [DEBUG] debug-file - There is no need to refresh cache, since the incremental task entry:default@ProcessProfile is up-to-date.
[2026-04-19T19:21:52.205] [DEBUG] debug-file - There is no need to refresh cache, since the incremental task entry:default@ProcessRouterMap is up-to-date.
[2026-04-19T19:21:52.205] [DEBUG] debug-file - There is no need to refresh cache, since the incremental task entry:default@ProcessShareConfig is up-to-date.
[2026-04-19T19:21:52.205] [DEBUG] debug-file - Update task entry:default@ProcessStartupConfig output file:D:\Harmonyos\Rdb\entry\build\default\intermediates\startup\default\startup_config.json cache.
[2026-04-19T19:21:52.205] [DEBUG] debug-file - Incremental task entry:default@ProcessStartupConfig post-execution cost:1 ms .
[2026-04-19T19:21:52.205] [DEBUG] debug-file - There is no need to refresh cache, since the incremental task entry:default@ProcessResource is up-to-date.
[2026-04-19T19:21:52.205] [DEBUG] debug-file - There is no need to refresh cache, since the incremental task entry:default@GenerateLoaderJson is up-to-date.
[2026-04-19T19:21:52.205] [DEBUG] debug-file - There is no need to refresh cache, since the incremental task entry:default@ProcessLibs is up-to-date.
[2026-04-19T19:21:52.205] [DEBUG] debug-file - There is no need to refresh cache, since the incremental task entry:default@CompileResource is up-to-date.
[2026-04-19T19:21:52.206] [DEBUG] debug-file - There is no need to refresh cache, since the incremental task entry:default@DoNativeStrip is up-to-date.
[2026-04-19T19:21:52.207] [DEBUG] debug-file - Update task entry:default@CompileArkTS input file:D:\Harmonyos\Rdb\entry\build\default\intermediates\loader\default cache by regenerate.
[2026-04-19T19:21:52.208] [DEBUG] debug-file - Update task entry:default@CompileArkTS input file:D:\Harmonyos\Rdb\oh_modules\.ohpm\@ohos+mpchart@3.0.27\oh_modules\@ohos\mpchart\index.ets cache by regenerate.
[2026-04-19T19:21:52.208] [DEBUG] debug-file - Update task entry:default@CompileArkTS input file:D:\Harmonyos\Rdb\oh_modules\.ohpm\@ohos+mpchart@3.0.27\oh_modules\@ohos\mpchart\src\main\ets cache by regenerate.
[2026-04-19T19:21:52.248] [DEBUG] debug-file - Update task entry:default@CompileArkTS input file:D:\Harmonyos\Rdb\entry\build\default\intermediates\res\default\resources\rawfile cache by regenerate.
[2026-04-19T19:21:52.251] [DEBUG] debug-file - Update task entry:default@CompileArkTS input file:D:\Harmonyos\Rdb\entry\build\default\intermediates\res\default\ResourceTable.txt cache by regenerate.
[2026-04-19T19:21:52.251] [DEBUG] debug-file - Update task entry:default@CompileArkTS input file:D:\Harmonyos\Rdb\entry\build\default\intermediates\res\default\ark_module.json cache by regenerate.
[2026-04-19T19:21:52.252] [DEBUG] debug-file - Update task entry:default@CompileArkTS input file:D:\Harmonyos\Rdb\entry\build\default\intermediates\res\default\resources\base\profile cache by regenerate.
[2026-04-19T19:21:52.252] [DEBUG] debug-file - Update task entry:default@CompileArkTS input file:D:\Harmonyos\Rdb\entry\src\main\ets cache from map.
[2026-04-19T19:21:52.252] [DEBUG] debug-file - Update task entry:default@CompileArkTS input file:D:\Harmonyos\Rdb\entry\build\default\generated\profile\default\BuildProfile.ets cache by regenerate.
[2026-04-19T19:21:52.253] [DEBUG] debug-file - Update task entry:default@CompileArkTS output file:D:\Harmonyos\Rdb\entry\build\default\intermediates\loader_out\default\ets cache.
[2026-04-19T19:21:52.253] [DEBUG] debug-file - Incremental task entry:default@CompileArkTS post-execution cost:48 ms .
[2026-04-19T19:21:52.255] [DEBUG] debug-file - Update task entry:default@BuildJS input file:D:\Harmonyos\Rdb\entry\build\default\intermediates\loader\default cache by regenerate.
[2026-04-19T19:21:52.255] [DEBUG] debug-file - Update task entry:default@BuildJS input file:D:\Harmonyos\Rdb\oh_modules\.ohpm\@ohos+mpchart@3.0.27\oh_modules\@ohos\mpchart\index.ets cache by regenerate.
[2026-04-19T19:21:52.256] [DEBUG] debug-file - Update task entry:default@BuildJS input file:D:\Harmonyos\Rdb\entry\build\default\intermediates\res\default\resources\rawfile cache by regenerate.
[2026-04-19T19:21:52.259] [DEBUG] debug-file - Update task entry:default@BuildJS input file:D:\Harmonyos\Rdb\entry\build\default\intermediates\res\default\ResourceTable.txt cache by regenerate.
[2026-04-19T19:21:52.260] [DEBUG] debug-file - Update task entry:default@BuildJS input file:D:\Harmonyos\Rdb\entry\build\default\intermediates\res\default\ark_module.json cache by regenerate.
[2026-04-19T19:21:52.260] [DEBUG] debug-file - Update task entry:default@BuildJS input file:D:\Harmonyos\Rdb\entry\build\default\intermediates\res\default\resources\base\profile cache by regenerate.
[2026-04-19T19:21:52.261] [DEBUG] debug-file - Update task entry:default@BuildJS output file:D:\Harmonyos\Rdb\entry\build\default\intermediates\loader_out\default\js cache.
[2026-04-19T19:21:52.262] [DEBUG] debug-file - Incremental task entry:default@BuildJS post-execution cost:9 ms .
[2026-04-19T19:21:52.262] [DEBUG] debug-file - There is no need to refresh cache, since the incremental task entry:default@CacheNativeLibs is up-to-date.
[2026-04-19T19:21:52.262] [DEBUG] debug-file - There is no need to refresh cache, since the incremental task entry:default@GeneratePkgModuleJson is up-to-date.
[2026-04-19T19:21:52.262] [DEBUG] debug-file - Incremental task entry:default@ProcessCompiledResources post-execution cost:1 ms .
[2026-04-19T19:21:52.263] [DEBUG] debug-file - Update task entry:default@PackageHap input file:D:\Harmonyos\Rdb\entry\build\default\intermediates\stripped_native_libs\default cache by regenerate.
[2026-04-19T19:21:52.263] [DEBUG] debug-file - Update task entry:default@PackageHap input file:D:\Harmonyos\Rdb\entry\build\default\intermediates\res\default\module.json cache by regenerate.
[2026-04-19T19:21:52.263] [DEBUG] debug-file - Update task entry:default@PackageHap input file:D:\Harmonyos\Rdb\entry\build\default\intermediates\res\default\resources cache by regenerate.
[2026-04-19T19:21:52.269] [DEBUG] debug-file - Update task entry:default@PackageHap input file:D:\Harmonyos\Rdb\entry\build\default\intermediates\res\default\resources.index cache by regenerate.
[2026-04-19T19:21:52.270] [DEBUG] debug-file - Update task entry:default@PackageHap input file:D:\Harmonyos\Rdb\entry\build\default\outputs\default\pack.info cache by regenerate.
[2026-04-19T19:21:52.270] [DEBUG] debug-file - Update task entry:default@PackageHap input file:D:\Harmonyos\Rdb\entry\build\default\intermediates\loader_out\default\ets cache from map.
[2026-04-19T19:21:52.270] [DEBUG] debug-file - Update task entry:default@PackageHap input file:D:\Harmonyos\Rdb\entry\build\default\intermediates\loader_out\default\ets\sourceMaps.map cache by regenerate.
[2026-04-19T19:21:52.270] [DEBUG] debug-file - Update task entry:default@PackageHap input file:D:\Harmonyos\Rdb\entry\build\default\generated\profile\default\BuildProfile.ets cache by regenerate.
[2026-04-19T19:21:52.271] [DEBUG] debug-file - Update task entry:default@PackageHap output file:D:\Harmonyos\Rdb\entry\build\default\outputs\default\entry-default-unsigned.hap cache.
[2026-04-19T19:21:52.271] [DEBUG] debug-file - Update task entry:default@PackageHap output file:D:\Harmonyos\Rdb\entry\build\default\intermediates\source_map\default\sourceMaps.map cache.
[2026-04-19T19:21:52.272] [DEBUG] debug-file - Update task entry:default@PackageHap output file:D:\Harmonyos\Rdb\entry\build\default\outputs\default\mapping\sourceMaps.map cache.
[2026-04-19T19:21:52.272] [DEBUG] debug-file - Incremental task entry:default@PackageHap post-execution cost:10 ms .
[2026-04-19T19:21:52.272] [DEBUG] debug-file - Update task entry:default@SignHap input file:D:\Harmonyos\Rdb\entry\build\default\outputs\default\entry-default-unsigned.hap cache from map.
[2026-04-19T19:21:52.273] [DEBUG] debug-file - Update task entry:default@SignHap output file:D:\Harmonyos\Rdb\entry\build\default\outputs\default\entry-default-signed.hap cache.
[2026-04-19T19:21:52.273] [DEBUG] debug-file - Incremental task entry:default@SignHap post-execution cost:1 ms .
[2026-04-19T19:21:52.273] [DEBUG] debug-file - Update task entry:default@CollectDebugSymbol input file:D:\Harmonyos\Rdb\entry\build\default\intermediates\loader_out\default\ets\sourceMaps.map cache by regenerate.
[2026-04-19T19:21:52.274] [DEBUG] debug-file - Update task entry:default@CollectDebugSymbol input file:D:\Harmonyos\Rdb\entry\build\default\intermediates\libs\default cache by regenerate.
[2026-04-19T19:21:52.274] [DEBUG] debug-file - Update task entry:default@CollectDebugSymbol output file:D:\Harmonyos\Rdb\entry\build\default\outputs\default\symbol cache.
[2026-04-19T19:21:52.275] [DEBUG] debug-file - Incremental task entry:default@CollectDebugSymbol post-execution cost:2 ms .
[2026-04-19T19:21:52.315] [DEBUG] debug-file - Cleanup worker 16.
[2026-04-19T19:21:52.315] [DEBUG] debug-file - Worker 16 has been cleaned up.
[2026-04-19T19:21:52.315] [DEBUG] debug-file - Current idle worker size: 1.
[2026-04-19T19:21:52.316] [DEBUG] debug-file - Current resident worker size: 2.
[2026-04-19T19:21:52.318] [DEBUG] debug-file - hvigor build process will be closed.
[2026-04-19T19:21:52.321] [DEBUG] debug-file - session manager: send message to worker process.
[2026-04-19T19:21:52.321] [DEBUG] debug-file - session manager: send message to worker process.
[2026-04-19T19:21:52.320] [DEBUG] debug-file - java daemon socket close code:1000 reason:close by user
[2026-04-19T19:21:52.329] [DEBUG] debug-file - watch worker: worker id should be larger than 0. Nothing will be sent to any worker thread.
[2026-04-19T19:21:52.330] [DEBUG] debug-file - watch worker: worker id should be larger than 0. Nothing will be sent to any worker thread.
[2026-04-19T19:21:52.335] [DEBUG] debug-file - worker[16] exits with exit code 1.
[2026-04-19T19:22:53.438] [DEBUG] debug-file - session manager: set active socket. socketId=eWvzzQ-SwqJQKlSiAAAJ
[2026-04-19T19:22:53.461] [DEBUG] debug-file - watch worker: worker id should be larger than 0. Nothing will be sent to any worker thread.
[2026-04-19T19:22:53.464] [DEBUG] debug-file - Workers' log level updated to INFO
[2026-04-19T19:22:53.467] [DEBUG] debug-file - Hvigor init with startParameters:{
  hvigorfileTypeCheck: false,
  parallelExecution: true,
  incrementalExecution: true,
  printStackTrace: false,
  daemon: true,
  analyze: 0,
  logLevel: Level { level: 20000, levelStr: 'INFO', colour: 'green' },
  optimizationStrategy: 'memory',
  hotCompile: undefined,
  hotReloadBuild: undefined,
  customizedParam: undefined
}
[2026-04-19T19:22:53.473] [DEBUG] debug-file - Cache service initialization finished in 6 ms 
[2026-04-19T19:22:53.474] [DEBUG] debug-file - hvigorfile, resolving D:\Harmonyos\Rdb\hvigorfile.ts
[2026-04-19T19:22:53.482] [DEBUG] debug-file - hvigorfile, require result:  {}
[2026-04-19T19:22:53.482] [DEBUG] debug-file - hvigorfile, binding system plugins {}
[2026-04-19T19:22:53.483] [DEBUG] debug-file - Starting plugin build process
[2026-04-19T19:22:53.483] [DEBUG] debug-file - App plugin prepare start...
[2026-04-19T19:22:53.483] [DEBUG] debug-file - App plugin prepare end...
[2026-04-19T19:22:53.483] [DEBUG] debug-file - App plugin creating...
[2026-04-19T19:22:53.487] [DEBUG] debug-file - App plugin register hook start...
[2026-04-19T19:22:53.487] [DEBUG] debug-file - App plugin register hook end...
[2026-04-19T19:22:53.487] [DEBUG] debug-file - Plugin build process completed
[2026-04-19T19:22:53.489] [DEBUG] debug-file - Start initialize project's product build option map with build mode debug.
[2026-04-19T19:22:53.489] [DEBUG] debug-file - Picking option from product 'default' with build mode 'debug'.
[2026-04-19T19:22:53.489] [DEBUG] debug-file - Product 'default' build option initialized
[2026-04-19T19:22:53.489] [DEBUG] debug-file - End initialize project's product build option map with build mode 'debug'.
[2026-04-19T19:22:53.490] [DEBUG] debug-file - Obtain build option for product 'default'in this build.
[2026-04-19T19:22:53.491] [DEBUG] debug-file - No signingConfig found, initRemoteHspCache failed.
[2026-04-19T19:22:53.493] [DEBUG] debug-file - Start recording SDK configuration permission data.
[2026-04-19T19:22:53.515] [DEBUG] debug-file - Sdk init in 25 ms 
[2026-04-19T19:22:53.518] [DEBUG] debug-file - Project task initialization takes 2 ms 
[2026-04-19T19:22:53.518] [DEBUG] debug-file - hvigorfile, resolve finished D:\Harmonyos\Rdb\hvigorfile.ts
[2026-04-19T19:22:53.518] [DEBUG] debug-file - hvigorfile, resolving D:\Harmonyos\Rdb\entry\hvigorfile.ts
[2026-04-19T19:22:53.522] [DEBUG] debug-file - hvigorfile, require result:  {}
[2026-04-19T19:22:53.522] [DEBUG] debug-file - hvigorfile, binding system plugins {}
[2026-04-19T19:22:53.522] [DEBUG] debug-file - Starting plugin build process
[2026-04-19T19:22:53.522] [DEBUG] debug-file - Hap plugin creating...
[2026-04-19T19:22:53.524] [DEBUG] debug-file - failed to load cangjie to dynamically generate schemas: Error: Cannot find module '@ohos/cangjie-build-support/index'
Require stack:
- C:\Program Files\Huawei\DevEco Studio\tools\hvigor\hvigor-ohos-plugin\src\plugin\hooks\cangjie-register.js
- C:\Program Files\Huawei\DevEco Studio\tools\hvigor\hvigor-ohos-plugin\src\plugin\strategy\stage-init-strategy.js
- C:\Program Files\Huawei\DevEco Studio\tools\hvigor\hvigor-ohos-plugin\src\plugin\builder\abstract-plugin-builder.js
- C:\Program Files\Huawei\DevEco Studio\tools\hvigor\hvigor-ohos-plugin\src\plugin\builder\app-plugin-builder.js
- C:\Program Files\Huawei\DevEco Studio\tools\hvigor\hvigor-ohos-plugin\src\plugin\factory\plugin-factory.js
- C:\Program Files\Huawei\DevEco Studio\tools\hvigor\hvigor-ohos-plugin\index.js
- D:\Harmonyos\Rdb\hvigorfile.ts
- C:\Program Files\Huawei\DevEco Studio\tools\hvigor\hvigor\src\base\internal\lifecycle\configuration.js
- C:\Program Files\Huawei\DevEco Studio\tools\hvigor\hvigor\src\base\boot\index.js
- C:\Program Files\Huawei\DevEco Studio\tools\hvigor\hvigor\src\base\daemon\cluster\worker-process-lifecycle.js
- C:\Program Files\Huawei\DevEco Studio\tools\hvigor\hvigor\src\base\daemon\process\daemon-process-boot-script.js
[2026-04-19T19:22:53.525] [DEBUG] debug-file - Start initialize module-target build option map, moduleName=entry, buildMode=release
[2026-04-19T19:22:53.525] [DEBUG] debug-file - Target 'default' config initialized
[2026-04-19T19:22:53.525] [DEBUG] debug-file - Module 'entry' target 'default' build option initialized
[2026-04-19T19:22:53.525] [DEBUG] debug-file - End initialize module-target build option map, moduleName=entry
[2026-04-19T19:22:53.525] [DEBUG] debug-file - Start initialize module-target build option map, moduleName=entry, buildMode=debug
[2026-04-19T19:22:53.525] [DEBUG] debug-file - Target 'default' config initialized
[2026-04-19T19:22:53.525] [DEBUG] debug-file - Module 'entry' target 'default' build option initialized
[2026-04-19T19:22:53.525] [DEBUG] debug-file - End initialize module-target build option map, moduleName=entry
[2026-04-19T19:22:53.525] [DEBUG] debug-file - Start initialize module-target build option map, moduleName=entry, buildMode=debug
[2026-04-19T19:22:53.525] [DEBUG] debug-file - Target 'default' config initialized
[2026-04-19T19:22:53.525] [DEBUG] debug-file - Module 'entry' target 'default' build option initialized
[2026-04-19T19:22:53.525] [DEBUG] debug-file - End initialize module-target build option map, moduleName=entry
[2026-04-19T19:22:53.525] [DEBUG] debug-file - Obtain build option for module 'entry' target 'default'in this build.
[2026-04-19T19:22:53.527] [DEBUG] debug-file - Module entry task initialization takes 2 ms 
[2026-04-19T19:22:53.527] [DEBUG] debug-file - Hap plugin register hook start...
[2026-04-19T19:22:53.527] [DEBUG] debug-file - Hap plugin register hook end...
[2026-04-19T19:22:53.527] [DEBUG] debug-file - Plugin build process completed
[2026-04-19T19:22:53.527] [DEBUG] debug-file - hvigorfile, resolve finished D:\Harmonyos\Rdb\entry\hvigorfile.ts
[2026-04-19T19:22:53.588] [DEBUG] debug-file - hvigorfile, resolve hvigorfile dependencies in 61 ms 
[2026-04-19T19:22:53.588] [DEBUG] debug-file - project has submodules:entry
[2026-04-19T19:22:53.590] [DEBUG] debug-file - start to load updatedOhPackageInfo to the disk
[2026-04-19T19:22:53.592] [DEBUG] debug-file - load to the disk finished
[2026-04-19T19:22:53.592] [DEBUG] debug-file - Start to initialize dependency information.
[2026-04-19T19:22:53.594] [DEBUG] debug-file - Module Rdb Collected Dependency: D:\Harmonyos\Rdb\oh_modules\.ohpm\@ohos+mpchart@3.0.27\oh_modules\@ohos\mpchart
[2026-04-19T19:22:53.594] [DEBUG] debug-file - Module Rdb's total dependency: 1
[2026-04-19T19:22:53.594] [DEBUG] debug-file - Start to initialize dependency information.
[2026-04-19T19:22:53.595] [DEBUG] debug-file - Module entry Collected Dependency: D:\Harmonyos\Rdb\oh_modules\.ohpm\@ohos+mpchart@3.0.27\oh_modules\@ohos\mpchart
[2026-04-19T19:22:53.595] [DEBUG] debug-file - Module entry's total dependency: 1
[2026-04-19T19:22:53.597] [DEBUG] debug-file - Configuration phase cost:124 ms 
[2026-04-19T19:22:53.598] [DEBUG] debug-file - Configuration task cost before running: 134 ms 
[2026-04-19T19:22:53.600] [DEBUG] debug-file - Executing task :entry:default@PreBuild
[2026-04-19T19:22:53.601] [DEBUG] debug-file - Task 'entry:default@PreBuild' cost while wrapping incremental declarations: 1 ms 
[2026-04-19T19:22:53.604] [DEBUG] debug-file - Incremental task entry:default@PreBuild pre-execution cost: 2 ms .
[2026-04-19T19:22:53.604] [DEBUG] debug-file - entry : default@PreBuild cost memory 0.30004119873046875
[2026-04-19T19:22:53.605] [INFO] debug-file - UP-TO-DATE :entry:default@PreBuild...  
[2026-04-19T19:22:53.605] [DEBUG] debug-file - Executing task :entry:default@CreateModuleInfo
[2026-04-19T19:22:53.606] [DEBUG] debug-file - Task 'entry:default@CreateModuleInfo' cost while wrapping incremental declarations: 1 ms 
[2026-04-19T19:22:53.606] [DEBUG] debug-file - entry : default@CreateModuleInfo cost memory 0.04114532470703125
[2026-04-19T19:22:53.606] [DEBUG] debug-file - runTaskFromQueue task cost before running: 142 ms 
[2026-04-19T19:22:53.606] [INFO] debug-file - Finished :entry:default@CreateModuleInfo... after 1 ms 
[2026-04-19T19:22:53.607] [DEBUG] debug-file - Executing task :entry:default@GenerateMetadata
[2026-04-19T19:22:53.607] [DEBUG] debug-file - Task 'entry:default@GenerateMetadata' cost while wrapping incremental declarations: 1 ms 
[2026-04-19T19:22:53.608] [DEBUG] debug-file - Incremental task entry:default@GenerateMetadata pre-execution cost: 1 ms .
[2026-04-19T19:22:53.608] [DEBUG] debug-file - entry : default@GenerateMetadata cost memory 0.079559326171875
[2026-04-19T19:22:53.608] [INFO] debug-file - UP-TO-DATE :entry:default@GenerateMetadata...  
[2026-04-19T19:22:53.609] [DEBUG] debug-file - Executing task :entry:default@ConfigureCmake
[2026-04-19T19:22:53.610] [DEBUG] debug-file - entry : default@ConfigureCmake cost memory 0.0145263671875
[2026-04-19T19:22:53.610] [DEBUG] debug-file - runTaskFromQueue task cost before running: 145 ms 
[2026-04-19T19:22:53.610] [INFO] debug-file - Finished :entry:default@ConfigureCmake... after 1 ms 
[2026-04-19T19:22:53.611] [DEBUG] debug-file - Executing task :entry:default@MergeProfile
[2026-04-19T19:22:53.611] [DEBUG] debug-file - Task 'entry:default@MergeProfile' cost while wrapping incremental declarations: 1 ms 
[2026-04-19T19:22:53.612] [DEBUG] debug-file - Incremental task entry:default@MergeProfile pre-execution cost: 1 ms .
[2026-04-19T19:22:53.612] [DEBUG] debug-file - entry : default@MergeProfile cost memory 0.13962554931640625
[2026-04-19T19:22:53.612] [INFO] debug-file - UP-TO-DATE :entry:default@MergeProfile...  
[2026-04-19T19:22:53.614] [DEBUG] debug-file - Executing task :entry:default@CreateBuildProfile
[2026-04-19T19:22:53.614] [DEBUG] debug-file - Task 'entry:default@CreateBuildProfile' cost while wrapping incremental declarations: 1 ms 
[2026-04-19T19:22:53.615] [DEBUG] debug-file - Incremental task entry:default@CreateBuildProfile pre-execution cost: 1 ms .
[2026-04-19T19:22:53.615] [DEBUG] debug-file - entry : default@CreateBuildProfile cost memory 0.085540771484375
[2026-04-19T19:22:53.615] [INFO] debug-file - UP-TO-DATE :entry:default@CreateBuildProfile...  
[2026-04-19T19:22:53.616] [DEBUG] debug-file - Executing task :entry:default@PreCheckSyscap
[2026-04-19T19:22:53.616] [DEBUG] debug-file - entry : default@PreCheckSyscap cost memory 0.01474761962890625
[2026-04-19T19:22:53.616] [DEBUG] debug-file - runTaskFromQueue task cost before running: 152 ms 
[2026-04-19T19:22:53.617] [INFO] debug-file - Finished :entry:default@PreCheckSyscap... after 1 ms 
[2026-04-19T19:22:53.618] [DEBUG] debug-file - Executing task :entry:default@GeneratePkgContextInfo
[2026-04-19T19:22:53.619] [DEBUG] debug-file - Task 'entry:default@GeneratePkgContextInfo' cost while wrapping incremental declarations: 1 ms 
[2026-04-19T19:22:53.620] [DEBUG] debug-file - entry : default@GeneratePkgContextInfo cost memory 0.2328033447265625
[2026-04-19T19:22:53.620] [DEBUG] debug-file - runTaskFromQueue task cost before running: 156 ms 
[2026-04-19T19:22:53.620] [INFO] debug-file - Finished :entry:default@GeneratePkgContextInfo... after 3 ms 
[2026-04-19T19:22:53.622] [DEBUG] debug-file - Executing task :entry:default@ProcessIntegratedHsp
[2026-04-19T19:22:53.622] [DEBUG] debug-file - entry:default@ProcessIntegratedHsp is not up-to-date, since the output file 'D:\Harmonyos\Rdb\build\cache\default\integrated_hsp\integratedHspCache.json' does not exist.
[2026-04-19T19:22:53.622] [DEBUG] debug-file - Incremental task entry:default@ProcessIntegratedHsp pre-execution cost: 1 ms .
[2026-04-19T19:22:53.622] [DEBUG] debug-file - entry : default@ProcessIntegratedHsp cost memory 0.05442047119140625
[2026-04-19T19:22:53.623] [DEBUG] debug-file - runTaskFromQueue task cost before running: 158 ms 
[2026-04-19T19:22:53.623] [INFO] debug-file - Finished :entry:default@ProcessIntegratedHsp... after 1 ms 
[2026-04-19T19:22:53.624] [DEBUG] debug-file - Executing task :entry:default@BuildNativeWithCmake
[2026-04-19T19:22:53.624] [DEBUG] debug-file - entry : default@BuildNativeWithCmake cost memory 0.0145263671875
[2026-04-19T19:22:53.624] [DEBUG] debug-file - runTaskFromQueue task cost before running: 160 ms 
[2026-04-19T19:22:53.624] [INFO] debug-file - Finished :entry:default@BuildNativeWithCmake... after 1 ms 
[2026-04-19T19:22:53.625] [DEBUG] debug-file - Executing task :entry:default@MakePackInfo
[2026-04-19T19:22:53.626] [DEBUG] debug-file - Incremental task entry:default@MakePackInfo pre-execution cost: 1 ms .
[2026-04-19T19:22:53.626] [DEBUG] debug-file - entry : default@MakePackInfo cost memory 0.0972747802734375
[2026-04-19T19:22:53.626] [INFO] debug-file - UP-TO-DATE :entry:default@MakePackInfo...  
[2026-04-19T19:22:53.627] [DEBUG] debug-file - Executing task :entry:default@SyscapTransform
[2026-04-19T19:22:53.627] [DEBUG] debug-file - File: 'D:\Harmonyos\Rdb\entry\src\main\syscap.json' from 'sysCapJsonPath' is not exists, just ignore.
[2026-04-19T19:22:53.627] [DEBUG] debug-file - Task 'entry:default@SyscapTransform' cost while wrapping incremental declarations: 1 ms 
[2026-04-19T19:22:53.628] [DEBUG] debug-file - entry:default@SyscapTransform is not up-to-date, since the output file 'D:\Harmonyos\Rdb\entry\build\default\intermediates\syscap\default\rpcid.sc' does not exist.
[2026-04-19T19:22:53.628] [DEBUG] debug-file - Incremental task entry:default@SyscapTransform pre-execution cost: 1 ms .
[2026-04-19T19:22:53.628] [DEBUG] debug-file - entry : default@SyscapTransform cost memory 0.14202117919921875
[2026-04-19T19:22:53.628] [DEBUG] debug-file - runTaskFromQueue task cost before running: 164 ms 
[2026-04-19T19:22:53.629] [INFO] debug-file - Finished :entry:default@SyscapTransform... after 2 ms 
[2026-04-19T19:22:53.629] [DEBUG] debug-file - Executing task :entry:default@ProcessProfile
[2026-04-19T19:22:53.630] [DEBUG] debug-file - Task 'entry:default@ProcessProfile' cost while wrapping incremental declarations: 1 ms 
[2026-04-19T19:22:53.630] [DEBUG] debug-file - Incremental task entry:default@ProcessProfile pre-execution cost: 1 ms .
[2026-04-19T19:22:53.631] [DEBUG] debug-file - entry : default@ProcessProfile cost memory 0.12277984619140625
[2026-04-19T19:22:53.631] [INFO] debug-file - UP-TO-DATE :entry:default@ProcessProfile...  
[2026-04-19T19:22:53.631] [DEBUG] debug-file - Executing task :entry:default@ProcessRouterMap
[2026-04-19T19:22:53.633] [DEBUG] debug-file - Incremental task entry:default@ProcessRouterMap pre-execution cost: 1 ms .
[2026-04-19T19:22:53.633] [DEBUG] debug-file - entry : default@ProcessRouterMap cost memory 0.13519287109375
[2026-04-19T19:22:53.633] [INFO] debug-file - UP-TO-DATE :entry:default@ProcessRouterMap...  
[2026-04-19T19:22:53.634] [DEBUG] debug-file - Executing task :entry:default@ProcessShareConfig
[2026-04-19T19:22:53.635] [DEBUG] debug-file - Incremental task entry:default@ProcessShareConfig pre-execution cost: 1 ms .
[2026-04-19T19:22:53.635] [DEBUG] debug-file - entry : default@ProcessShareConfig cost memory 0.1106414794921875
[2026-04-19T19:22:53.635] [INFO] debug-file - UP-TO-DATE :entry:default@ProcessShareConfig...  
[2026-04-19T19:22:53.636] [DEBUG] debug-file - Executing task :entry:default@ProcessStartupConfig
[2026-04-19T19:22:53.636] [DEBUG] debug-file - Task 'entry:default@ProcessStartupConfig' cost while wrapping incremental declarations: 1 ms 
[2026-04-19T19:22:53.636] [DEBUG] debug-file - entry:default@ProcessStartupConfig is not up-to-date, since the output file 'D:\Harmonyos\Rdb\entry\build\default\intermediates\startup\default\startup_config.json' does not exist.
[2026-04-19T19:22:53.636] [DEBUG] debug-file - Incremental task entry:default@ProcessStartupConfig pre-execution cost: 1 ms .
[2026-04-19T19:22:53.636] [DEBUG] debug-file - entry : default@ProcessStartupConfig cost memory 0.09683990478515625
[2026-04-19T19:22:53.636] [DEBUG] debug-file - runTaskFromQueue task cost before running: 172 ms 
[2026-04-19T19:22:53.637] [INFO] debug-file - Finished :entry:default@ProcessStartupConfig... after 1 ms 
[2026-04-19T19:22:53.637] [DEBUG] debug-file - Executing task :entry:default@BuildNativeWithNinja
[2026-04-19T19:22:53.638] [DEBUG] debug-file - entry : default@BuildNativeWithNinja cost memory 0.01982879638671875
[2026-04-19T19:22:53.638] [DEBUG] debug-file - runTaskFromQueue task cost before running: 173 ms 
[2026-04-19T19:22:53.638] [INFO] debug-file - Finished :entry:default@BuildNativeWithNinja... after 1 ms 
[2026-04-19T19:22:53.639] [DEBUG] debug-file - restool module names: entry; moduleName=entry, taskName=default@ProcessResource
[2026-04-19T19:22:53.641] [DEBUG] debug-file - Executing task :entry:default@ProcessResource
[2026-04-19T19:22:53.641] [DEBUG] debug-file - Task 'entry:default@ProcessResource' cost while wrapping incremental declarations: 1 ms 
[2026-04-19T19:22:53.642] [DEBUG] debug-file - Incremental task entry:default@ProcessResource pre-execution cost: 1 ms .
[2026-04-19T19:22:53.642] [DEBUG] debug-file - entry : default@ProcessResource cost memory 0.12416839599609375
[2026-04-19T19:22:53.646] [INFO] debug-file - UP-TO-DATE :entry:default@ProcessResource...  
[2026-04-19T19:22:53.648] [DEBUG] debug-file - Executing task :entry:default@GenerateLoaderJson
[2026-04-19T19:22:53.648] [DEBUG] debug-file - Task 'entry:default@GenerateLoaderJson' cost while wrapping incremental declarations: 1 ms 
[2026-04-19T19:22:53.653] [DEBUG] debug-file - Incremental task entry:default@GenerateLoaderJson pre-execution cost: 3 ms .
[2026-04-19T19:22:53.653] [DEBUG] debug-file - entry : default@GenerateLoaderJson cost memory 0.49835205078125
[2026-04-19T19:22:53.654] [INFO] debug-file - UP-TO-DATE :entry:default@GenerateLoaderJson...  
[2026-04-19T19:22:53.655] [DEBUG] debug-file - Executing task :entry:default@ProcessLibs
[2026-04-19T19:22:53.658] [DEBUG] debug-file - Incremental task entry:default@ProcessLibs pre-execution cost: 1 ms .
[2026-04-19T19:22:53.658] [DEBUG] debug-file - entry : default@ProcessLibs cost memory 0.17166900634765625
[2026-04-19T19:22:53.658] [INFO] debug-file - UP-TO-DATE :entry:default@ProcessLibs...  
[2026-04-19T19:22:53.659] [DEBUG] debug-file - restool module names: entry; moduleName=entry, taskName=default@CompileResource
[2026-04-19T19:22:53.660] [DEBUG] debug-file - Executing task :entry:default@CompileResource
[2026-04-19T19:22:53.673] [DEBUG] debug-file - Incremental task entry:default@CompileResource pre-execution cost: 12 ms .
[2026-04-19T19:22:53.673] [DEBUG] debug-file - entry : default@CompileResource cost memory 1.1898193359375
[2026-04-19T19:22:53.675] [INFO] debug-file - UP-TO-DATE :entry:default@CompileResource...  
[2026-04-19T19:22:53.676] [DEBUG] debug-file - Executing task :entry:default@DoNativeStrip
[2026-04-19T19:22:53.676] [DEBUG] debug-file - Task 'entry:default@DoNativeStrip' cost while wrapping incremental declarations: 1 ms 
[2026-04-19T19:22:53.677] [DEBUG] debug-file - Incremental task entry:default@DoNativeStrip pre-execution cost: 1 ms .
[2026-04-19T19:22:53.677] [DEBUG] debug-file - entry : default@DoNativeStrip cost memory 0.0734405517578125
[2026-04-19T19:22:53.677] [INFO] debug-file - UP-TO-DATE :entry:default@DoNativeStrip...  
[2026-04-19T19:22:53.678] [DEBUG] debug-file - Executing task :entry:default@CompileArkTS
[2026-04-19T19:22:53.678] [DEBUG] debug-file - obfuscationOptions: undefined
[2026-04-19T19:22:53.680] [DEBUG] debug-file - Task 'entry:default@CompileArkTS' cost while wrapping incremental declarations: 1 ms 
[2026-04-19T19:22:53.701] [DEBUG] debug-file - entry:default@CompileArkTS is not up-to-date, since the input file 'D:\Harmonyos\Rdb\entry\src\main\ets' has been changed.
[2026-04-19T19:22:53.701] [DEBUG] debug-file - Incremental task entry:default@CompileArkTS pre-execution cost: 21 ms .
[2026-04-19T19:22:53.707] [DEBUG] debug-file - build config:
[2026-04-19T19:22:53.707] [DEBUG] debug-file - {
  moduleType: 'entry',
  perf: 0,
  targetName: '.default',
  packageManagerType: 'ohpm',
  localPropertiesPath: 'D:\\Harmonyos\\Rdb\\local.properties',
  isPreview: false,
  isOhosTest: false,
  isLocalTest: false,
  buildMode: 'Debug',
  hotReloadBuild: undefined,
  watchMode: 'false',
  aceProfilePath: 'D:\\Harmonyos\\Rdb\\entry\\build\\default\\intermediates\\res\\default\\resources\\base\\profile',
  etsLoaderPath: 'C:\\Program Files\\Huawei\\DevEco Studio\\sdk\\default\\openharmony\\ets\\build-tools\\ets-loader',
  modulePath: 'D:\\Harmonyos\\Rdb\\entry',
  testFrameworkPar: {
    testMode: undefined,
    coveragePathFilter: undefined,
    coverageMode: undefined
  },
  needCoverageInsert: false,
  debugLine: false,
  projectTopDir: 'D:\\Harmonyos\\Rdb',
  compileSdkVersion: 22,
  compatibleSdkVersion: 17,
  originCompatibleSdkVersion: '5.0.5(17)',
  compatibleSdkVersionStage: undefined,
  bundleName: 'c***b',
  etsLoaderVersion: '6.0.2.130',
  etsLoaderReleaseType: 'Release',
  aotCompileMode: 'type',
  apPath: 'D:\\Harmonyos\\Rdb\\entry\\modules.ap',
  entryModuleName: 'entry',
  entryModuleVersion: '1.0.0',
  entryPackageName: 'entry',
  allModuleNameHash: '199d9c189e05aafae23be9098c561ff961e0b37017b028c869204eaf5bb9b356',
  externalApiPaths: [
    'C:\\Program Files\\Huawei\\DevEco Studio\\sdk\\default\\hms\\ets'
  ],
  compilerTypes: [],
  isCrossplatform: false,
  hvigorPluginFile: undefined,
  compilePluginPath: undefined,
  buildGeneratedProfilePath: 'D:\\Harmonyos\\Rdb\\entry\\build\\default\\generated\\profile\\default',
  bundleType: 'app',
  arkTSVersion: undefined,
  apiVersion: 22,
  needCompleteSourcesMap: false,
  isFaMode: false,
  buildDir: 'D:\\Harmonyos\\Rdb\\entry\\build',
  deviceTypes: [ 'phone' ],
  pkgContextInfo: undefined,
  ohPackagePathMap: {},
  dependencyAliasMap: {},
  permission: { requestPermissions: [ [Object] ], definePermissions: undefined },
  useGetCurrentBundleName: false,
  projectArkOption: undefined,
  sourceMapDir: undefined,
  branchElimination: false,
  transformLib: undefined,
  tsImportSendable: false,
  resolveConflictMode: true,
  depName2RootPath: {},
  depName2DepInfo: {},
  rootPathSet: [ 'D:\\Harmonyos\\Rdb' ],
  useNativeResolver: true,
  shouldEmitJs: true,
  useTscResolve: false,
  singleFileEmit: false,
  userProjectConfig: {
    autoLazyImport: false,
    allowEmptyBundleName: false,
    reExportCheckMode: 'noCheck',
    executionMode: 'memory',
    usePathPlaceholder: false,
    writeRollupCache: true,
    isExpandImportEnabled: false,
    expandImportExclude: '',
    lazyImportExclude: '',
    lazyImportInclude: '',
    ignoreCrossplatformCheck: false,
    isHarDeduplicateEnabled: false,
    skipOhModulesLint: false,
    enableStrictCheckOHModule: false,
    disableSendableCheckRules: [],
    useDeclarationFileSignature: false,
    customizedOptions: undefined,
    integratedHsp: false,
    isPreloadSoEnabled: false
  },
  executionMode: 'memory',
  arkCompileCachePath: 'D:\\Harmonyos\\Rdb\\entry\\build\\default\\cache\\default\\default@CompileArkTS\\esmodule',
  autoLazyFilter: undefined,
  isHarDeduplicateEnabled: false,
  intermediateHarDuplicateDirPath: 'D:\\Harmonyos\\Rdb\\entry\\build\\default\\intermediates\\har_duplicate\\default',
  autoLazyImport: false,
  allowEmptyBundleName: false,
  reExportCheckMode: 'noCheck',
  usePathPlaceholder: false,
  writeRollupCache: true,
  isExpandImportEnabled: false,
  expandImportExclude: '',
  lazyImportExclude: '',
  lazyImportInclude: '',
  ignoreCrossplatformCheck: false,
  skipOhModulesLint: false,
  enableStrictCheckOHModule: false,
  disableSendableCheckRules: [],
  useDeclarationFileSignature: false,
  customizedOptions: undefined,
  integratedHsp: false,
  isPreloadSoEnabled: false,
  strictMode: undefined,
  useNormalizedOHMUrl: false,
  caseSensitiveCheck: false,
  aceModuleJsonPath: 'D:\\Harmonyos\\Rdb\\entry\\build\\default\\intermediates\\res\\default\\ark_module.json',
  appResource: 'D:\\Harmonyos\\Rdb\\entry\\build\\default\\intermediates\\res\\default\\ResourceTable.txt',
  rawFileResource: 'D:\\Harmonyos\\Rdb\\entry\\build\\default\\intermediates\\res\\default\\resources\\rawfile',
  resourceTableHash: 'bc30de88bcdc2d48b439b5331438f18f5e6581667fb0e08a149114abb4f3a1a7',
  runtimeOS: 'HarmonyOS',
  sdkInfo: 'false:22:6.0.2.130:Release',
  aceModuleRoot: 'D:\\Harmonyos\\Rdb\\entry\\src\\main\\ets',
  compileMode: 'esmodule',
  aceSuperVisualPath: 'D:\\Harmonyos\\Rdb\\entry\\src\\main\\supervisual',
  aceBuildJson: 'D:\\Harmonyos\\Rdb\\entry\\build\\default\\intermediates\\loader\\default\\loader.json',
  cachePath: 'D:\\Harmonyos\\Rdb\\entry\\build\\default\\cache\\default\\default@CompileArkTS\\esmodule\\debug',
  aceModuleBuild: 'D:\\Harmonyos\\Rdb\\entry\\build\\default\\intermediates\\loader_out\\default\\ets',
  supportChunks: true,
  declaredFilesPath: undefined,
  shouldCollectDirectImportees: false,
  isByteCodeHarOptimize: false,
  expandImportPath: undefined,
  pkgNameToPkgBriefInfo: {
    '@ohos/mpchart': {
      pkgRoot: 'D:\\Harmonyos\\Rdb\\oh_modules\\.ohpm\\@ohos+mpchart@3.0.27\\oh_modules\\@ohos\\mpchart',
      pkgName: '@ohos/mpchart',
      sourceRoots: [Array]
    },
    entry: {
      pkgRoot: 'D:\\Harmonyos\\Rdb\\entry',
      originalSourceRoots: undefined,
      sourceRoots: [Array],
      pkgName: 'entry'
    }
  },
  projectModel: {
    'D:\\Harmonyos\\Rdb\\entry\\src\\main': {
      moduleName: 'entry',
      modulePkgPath: 'D:\\Harmonyos\\Rdb\\entry',
      belongProjectPath: 'D:\\Harmonyos\\Rdb'
    },
    'D:\\Harmonyos\\Rdb\\entry': {
      moduleName: 'entry',
      modulePkgPath: 'D:\\Harmonyos\\Rdb\\entry',
      belongProjectPath: 'D:\\Harmonyos\\Rdb'
    },
    'D:\\Harmonyos\\Rdb': {
      moduleName: 'Rdb',
      modulePkgPath: 'D:\\Harmonyos\\Rdb',
      belongProjectPath: 'D:\\Harmonyos\\Rdb'
    }
  },
  pkgJsonFileHash: 'd56bf149d8241d4d0c1ae430fabb9fa7e929fed90b32548bd9094ede2f766d24',
  allModulePaths: [ 'D:\\Harmonyos\\Rdb\\entry' ],
  routerMap: {},
  obfuscationOptions: undefined,
  byteCodeHarToDependencyKeys: undefined,
  compileBlockPkg: [],
  mockParams: {
    decorator: '@MockSetup',
    packageName: '@ohos/hamock',
    etsSourceRootPath: 'src/main/ets',
    mockConfigPath: undefined,
    mockConfigKey2ModuleInfo: {},
    source2ModuleIdMap: {}
  },
  copyCodeResourceEnable: true,
  copyCodeResourceExcludes: [],
  copyCodeResourceIncludes: undefined,
  uiTransformOptimization: false,
  sdkPath: 'C:/Program Files/Huawei/DevEco Studio/sdk',
  needPreloadSoFileSet: {},
  preloadSoFilePath: 'D:\\Harmonyos\\Rdb\\entry\\build\\default\\intermediates\\preload\\default\\preload.json',
  useSourceHash: false,
  localModuleParamMap: {},
  otherPaths: {
    '@ohos/mpchart/*': [
      '..\\..\\..\\..\\oh_modules\\.ohpm\\@ohos+mpchart@3.0.27\\oh_modules\\@ohos\\mpchart\\src\\main\\*'
    ],
    'entry/*': [
      '..\\*',
      '..\\..\\..\\build\\default\\generated\\profile\\default\\*'
    ]
  },
  collectImportersConfig: undefined
}
[2026-04-19T19:22:53.707] [DEBUG] debug-file - Compile arkts with external api path: C:\Program Files\Huawei\DevEco Studio\sdk\default\hms\ets
[2026-04-19T19:22:53.708] [DEBUG] debug-file - default@CompileArkTS work[6] is submitted.
[2026-04-19T19:22:53.708] [DEBUG] debug-file - default@CompileArkTS work[6] is pushed to ready queue.
[2026-04-19T19:22:53.708] [DEBUG] debug-file - A work dispatched to worker[17] failed because unable to get work from ready queue.
[2026-04-19T19:22:53.708] [DEBUG] debug-file - A work dispatched to worker[16] failed because unable to get work from ready queue.
[2026-04-19T19:22:53.708] [DEBUG] debug-file - A work dispatched to worker[15] failed because unable to get work from ready queue.
[2026-04-19T19:22:53.708] [DEBUG] debug-file - A work dispatched to worker[14] failed because unable to get work from ready queue.
[2026-04-19T19:22:53.708] [DEBUG] debug-file - A work dispatched to worker[13] failed because unable to get work from ready queue.
[2026-04-19T19:22:53.708] [DEBUG] debug-file - A work dispatched to worker[12] failed because unable to get work from ready queue.
[2026-04-19T19:22:53.708] [DEBUG] debug-file - A work dispatched to worker[11] failed because unable to get work from ready queue.
[2026-04-19T19:22:53.708] [DEBUG] debug-file - A work dispatched to worker[10] failed because unable to get work from ready queue.
[2026-04-19T19:22:53.708] [DEBUG] debug-file - A work dispatched to worker[9] failed because unable to get work from ready queue.
[2026-04-19T19:22:53.708] [DEBUG] debug-file - A work dispatched to worker[8] failed because unable to get work from ready queue.
[2026-04-19T19:22:53.708] [DEBUG] debug-file - A work dispatched to worker[7] failed because unable to get work from ready queue.
[2026-04-19T19:22:53.708] [DEBUG] debug-file - A work dispatched to worker[6] failed because unable to get work from ready queue.
[2026-04-19T19:22:53.708] [DEBUG] debug-file - A work dispatched to worker[5] failed because unable to get work from ready queue.
[2026-04-19T19:22:53.708] [DEBUG] debug-file - default@CompileArkTS work[6] has been dispatched to worker[4].
[2026-04-19T19:22:53.708] [DEBUG] debug-file - default@CompileArkTS work[6] is dispatched.
[2026-04-19T19:22:53.709] [DEBUG] debug-file - CopyResources startTime: 323175654353700
[2026-04-19T19:22:53.709] [DEBUG] debug-file - default@CompileArkTS work[7] is submitted.
[2026-04-19T19:22:53.709] [DEBUG] debug-file - default@CompileArkTS work[7] is pushed to ready queue.
[2026-04-19T19:22:53.709] [DEBUG] debug-file - A work dispatched to worker[17] failed because unable to get work from ready queue.
[2026-04-19T19:22:53.709] [DEBUG] debug-file - Create  resident worker with id: 16.
[2026-04-19T19:22:53.710] [DEBUG] debug-file - default@CompileArkTS work[7] has been dispatched to worker[16].
[2026-04-19T19:22:53.710] [DEBUG] debug-file - default@CompileArkTS work[7] is dispatched.
[2026-04-19T19:22:53.710] [DEBUG] debug-file - entry : default@CompileArkTS cost memory 4.1392364501953125
[2026-04-19T19:22:53.711] [DEBUG] debug-file - Executing task :entry:default@BuildJS
[2026-04-19T19:22:53.711] [DEBUG] debug-file - Task 'entry:default@BuildJS' cost while wrapping incremental declarations: 1 ms 
[2026-04-19T19:22:53.712] [DEBUG] debug-file - entry : default@BuildJS cost memory 0.149200439453125
[2026-04-19T19:22:53.712] [DEBUG] debug-file - runTaskFromQueue task cost before running: 248 ms 
[2026-04-19T19:22:53.713] [INFO] debug-file - Finished :entry:default@BuildJS... after 2 ms 
[2026-04-19T19:22:53.714] [DEBUG] debug-file - Executing task :entry:default@CacheNativeLibs
[2026-04-19T19:22:53.715] [DEBUG] debug-file - Task 'entry:default@CacheNativeLibs' cost while wrapping incremental declarations: 1 ms 
[2026-04-19T19:22:53.716] [DEBUG] debug-file - Incremental task entry:default@CacheNativeLibs pre-execution cost: 1 ms .
[2026-04-19T19:22:53.718] [DEBUG] debug-file - entry : default@CacheNativeLibs cost memory 0.0854949951171875
[2026-04-19T19:22:53.719] [INFO] debug-file - UP-TO-DATE :entry:default@CacheNativeLibs...  
[2026-04-19T19:22:54.716] [DEBUG] debug-file - worker[16] has one work done.
[2026-04-19T19:22:54.716] [DEBUG] debug-file - CopyResources is end, endTime: 323176662160100
[2026-04-19T19:22:54.717] [DEBUG] debug-file - default@CompileArkTS work[7] done.
[2026-04-19T19:22:54.717] [DEBUG] debug-file - A work dispatched to worker[16] failed because unable to get work from ready queue.
[2026-04-19T19:23:10.325] [WARN] debug-file - [33mWARN: [33m[33mArkTS:WARN File: D:/Harmonyos/Rdb/oh_modules/.ohpm/@ohos+mpchart@3.0.27/oh_modules/@ohos/mpchart/src/main/ets/components/data/ChartPixelMap.ets:35:24
 Function may throw exceptions. Special handling is required.
[39m[39m
[33mWARN: [33m[33mArkTS:WARN File: D:/Harmonyos/Rdb/oh_modules/.ohpm/@ohos+mpchart@3.0.27/oh_modules/@ohos/mpchart/src/main/ets/components/formatter/DefaultAxisValueFormatter.ets:43:26
 Function may throw exceptions. Special handling is required.
[39m[39m
[33mWARN: [33m[33mArkTS:WARN File: D:/Harmonyos/Rdb/oh_modules/.ohpm/@ohos+mpchart@3.0.27/oh_modules/@ohos/mpchart/src/main/ets/components/formatter/DefaultAxisValueFormatter.ets:48:7
 Function may throw exceptions. Special handling is required.
[39m[39m
[33mWARN: [33m[33mArkTS:WARN File: D:/Harmonyos/Rdb/oh_modules/.ohpm/@ohos+mpchart@3.0.27/oh_modules/@ohos/mpchart/src/main/ets/components/charts/ChartModel.ets:212:14
 'getContext' has been deprecated.
[39m[39m
[33mWARN: [33m[33mArkTS:WARN File: D:/Harmonyos/Rdb/oh_modules/.ohpm/@ohos+mpchart@3.0.27/oh_modules/@ohos/mpchart/src/main/ets/components/utils/Utils.ets:137:26
 Function may throw exceptions. Special handling is required.
[39m[39m
[33mWARN: [33m[33mArkTS:WARN File: D:/Harmonyos/Rdb/oh_modules/.ohpm/@ohos+mpchart@3.0.27/oh_modules/@ohos/mpchart/src/main/ets/components/utils/Utils.ets:142:7
 Function may throw exceptions. Special handling is required.
[39m[39m
[33mWARN: [33m[33mArkTS:WARN File: D:/Harmonyos/Rdb/oh_modules/.ohpm/@ohos+mpchart@3.0.27/oh_modules/@ohos/mpchart/src/main/ets/components/utils/Utils.ets:148:26
 Function may throw exceptions. Special handling is required.
[39m[39m
[33mWARN: [33m[33mArkTS:WARN File: D:/Harmonyos/Rdb/oh_modules/.ohpm/@ohos+mpchart@3.0.27/oh_modules/@ohos/mpchart/src/main/ets/components/utils/Utils.ets:153:7
 Function may throw exceptions. Special handling is required.
[39m[39m
[33mWARN: [33m[33mArkTS:WARN File: D:/Harmonyos/Rdb/oh_modules/.ohpm/@ohos+mpchart@3.0.27/oh_modules/@ohos/mpchart/src/main/ets/components/listener/BarLineChartTouchListener.ets:1173:7
 Function may throw exceptions. Special handling is required.
[39m[39m
[33mWARN: [33m[33mArkTS:WARN File: D:/Harmonyos/Rdb/oh_modules/.ohpm/@ohos+mpchart@3.0.27/oh_modules/@ohos/mpchart/src/main/ets/components/listener/PieRadarChartTouchListener.ets:391:7
 Function may throw exceptions. Special handling is required.
[39m[39m

[2026-04-19T19:23:10.326] [DEBUG] debug-file - Ark compile task finished.finished time is 323192271594900
[2026-04-19T19:23:10.328] [DEBUG] debug-file - worker[4] has one work done.
[2026-04-19T19:23:10.332] [DEBUG] debug-file - default@CompileArkTS work[6] done.
[2026-04-19T19:23:10.332] [DEBUG] debug-file - A work dispatched to worker[4] failed because unable to get work from ready queue.
[2026-04-19T19:23:10.335] [INFO] debug-file - Finished :entry:default@CompileArkTS... after 16 s 648 ms 
[2026-04-19T19:23:10.337] [DEBUG] debug-file - Executing task :entry:default@GeneratePkgModuleJson
[2026-04-19T19:23:10.337] [DEBUG] debug-file - File: 'D:\Harmonyos\Rdb\entry\build\default\intermediates\preload\default\preload.json' from 'preloadSoJsonPath' is not exists, just ignore.
[2026-04-19T19:23:10.338] [DEBUG] debug-file - Error occurs while handling @Input 'shouldDeduplicateHar': The "data" argument must be of type string or an instance of Buffer, TypedArray, or DataView. Received undefined
[2026-04-19T19:23:10.338] [DEBUG] debug-file - Task 'entry:default@GeneratePkgModuleJson' cost while wrapping incremental declarations: 1 ms 
[2026-04-19T19:23:10.339] [DEBUG] debug-file - Incremental task entry:default@GeneratePkgModuleJson pre-execution cost: 1 ms .
[2026-04-19T19:23:10.339] [DEBUG] debug-file - entry : default@GeneratePkgModuleJson cost memory 0.1013336181640625
[2026-04-19T19:23:10.340] [INFO] debug-file - UP-TO-DATE :entry:default@GeneratePkgModuleJson...  
[2026-04-19T19:23:10.341] [DEBUG] debug-file - Executing task :entry:default@ProcessCompiledResources
[2026-04-19T19:23:10.341] [DEBUG] debug-file - File: 'D:\Harmonyos\Rdb\entry\build\default\intermediates\preload\default\preload.json' from 'preloadSoJsonPath' is not exists, just ignore.
[2026-04-19T19:23:10.342] [DEBUG] debug-file - Task 'entry:default@ProcessCompiledResources' cost while wrapping incremental declarations: 1 ms 
[2026-04-19T19:23:10.342] [DEBUG] debug-file - entry : default@ProcessCompiledResources cost memory 0.056060791015625
[2026-04-19T19:23:10.343] [DEBUG] debug-file - runTaskFromQueue task cost before running: 16 s 878 ms 
[2026-04-19T19:23:10.343] [INFO] debug-file - Finished :entry:default@ProcessCompiledResources... after 2 ms 
[2026-04-19T19:23:10.348] [DEBUG] debug-file - Executing task :entry:default@PackageHap
[2026-04-19T19:23:10.360] [DEBUG] debug-file - entry:default@PackageHap is not up-to-date, since the input file 'D:\Harmonyos\Rdb\entry\build\default\intermediates\loader_out\default\ets' has been changed.
[2026-04-19T19:23:10.360] [DEBUG] debug-file - Incremental task entry:default@PackageHap pre-execution cost: 10 ms .
[2026-04-19T19:23:10.362] [DEBUG] debug-file - Use tool [C:\Program Files\Huawei\DevEco Studio\sdk\default\openharmony\toolchains\lib\app_packing_tool.jar]
 [
  'java',
  '-Dfile.encoding=GBK',
  '-jar',
  'C:\\Program Files\\Huawei\\DevEco Studio\\sdk\\default\\openharmony\\toolchains\\lib\\app_packing_tool.jar',
  '--mode',
  'hap',
  '--force',
  'true',
  '--lib-path',
  'D:\\Harmonyos\\Rdb\\entry\\build\\default\\intermediates\\stripped_native_libs\\default',
  '--json-path',
  'D:\\Harmonyos\\Rdb\\entry\\build\\default\\intermediates\\package\\default\\module.json',
  '--resources-path',
  'D:\\Harmonyos\\Rdb\\entry\\build\\default\\intermediates\\res\\default\\resources',
  '--index-path',
  'D:\\Harmonyos\\Rdb\\entry\\build\\default\\intermediates\\res\\default\\resources.index',
  '--pack-info-path',
  'D:\\Harmonyos\\Rdb\\entry\\build\\default\\outputs\\default\\pack.info',
  '--out-path',
  'D:\\Harmonyos\\Rdb\\entry\\build\\default\\outputs\\default\\entry-default-unsigned.hap',
  '--ets-path',
  'D:\\Harmonyos\\Rdb\\entry\\build\\default\\intermediates\\loader_out\\default\\ets'
]
[2026-04-19T19:23:10.570] [DEBUG] debug-file - java daemon socket received message:{"code":0,"message":"pack success"}
[2026-04-19T19:23:10.575] [DEBUG] debug-file - entry : default@PackageHap cost memory 0.77081298828125
[2026-04-19T19:23:10.575] [DEBUG] debug-file - runTaskFromQueue task cost before running: 17 s 111 ms 
[2026-04-19T19:23:10.576] [INFO] debug-file - Finished :entry:default@PackageHap... after 227 ms 
[2026-04-19T19:23:10.580] [DEBUG] debug-file - Executing task :entry:default@PackingCheck
[2026-04-19T19:23:10.585] [DEBUG] debug-file - entry : default@PackingCheck cost memory 0.49723052978515625
[2026-04-19T19:23:10.585] [DEBUG] debug-file - runTaskFromQueue task cost before running: 17 s 121 ms 
[2026-04-19T19:23:10.585] [INFO] debug-file - Finished :entry:default@PackingCheck... after 6 ms 
[2026-04-19T19:23:10.587] [DEBUG] debug-file - Executing task :entry:default@SignHap
[2026-04-19T19:23:10.587] [WARN] debug-file - Will skip sign 'hos_hap'. No signingConfigs profile is configured in current project.
             If needed, configure the signingConfigs in D:\Harmonyos\Rdb\build-profile.json5.
[2026-04-19T19:23:10.588] [DEBUG] debug-file - entry:default@SignHap is not up-to-date, since the input file 'D:\Harmonyos\Rdb\entry\build\default\outputs\default\entry-default-unsigned.hap' has been changed.
[2026-04-19T19:23:10.588] [DEBUG] debug-file - Incremental task entry:default@SignHap pre-execution cost: 1 ms .
[2026-04-19T19:23:10.588] [DEBUG] debug-file - entry : default@SignHap cost memory 0.085906982421875
[2026-04-19T19:23:10.588] [DEBUG] debug-file - runTaskFromQueue task cost before running: 17 s 124 ms 
[2026-04-19T19:23:10.589] [INFO] debug-file - Finished :entry:default@SignHap... after 2 ms 
[2026-04-19T19:23:10.590] [DEBUG] debug-file - Executing task :entry:default@CollectDebugSymbol
[2026-04-19T19:23:10.592] [DEBUG] debug-file - entry : default@CollectDebugSymbol cost memory -0.6805648803710938
[2026-04-19T19:23:10.592] [DEBUG] debug-file - runTaskFromQueue task cost before running: 17 s 128 ms 
[2026-04-19T19:23:10.592] [INFO] debug-file - Finished :entry:default@CollectDebugSymbol... after 3 ms 
[2026-04-19T19:23:10.593] [DEBUG] debug-file - Executing task :entry:assembleHap
[2026-04-19T19:23:10.593] [DEBUG] debug-file - entry : assembleHap cost memory 0.0126800537109375
[2026-04-19T19:23:10.593] [DEBUG] debug-file - runTaskFromQueue task cost before running: 17 s 129 ms 
[2026-04-19T19:23:10.593] [INFO] debug-file - Finished :entry:assembleHap... after 1 ms 
[2026-04-19T19:23:10.612] [INFO] debug-file - BUILD SUCCESSFUL in 17 s 147 ms 
[2026-04-19T19:23:10.612] [DEBUG] debug-file - There is no need to refresh cache, since the incremental task entry:default@PreBuild is up-to-date.
[2026-04-19T19:23:10.612] [DEBUG] debug-file - Update task entry:default@CreateModuleInfo output file:D:\Harmonyos\Rdb\entry\build\default\generated\profile\default\ModuleInfo.ts cache.
[2026-04-19T19:23:10.613] [DEBUG] debug-file - Incremental task entry:default@CreateModuleInfo post-execution cost:1 ms .
[2026-04-19T19:23:10.613] [DEBUG] debug-file - There is no need to refresh cache, since the incremental task entry:default@GenerateMetadata is up-to-date.
[2026-04-19T19:23:10.613] [DEBUG] debug-file - There is no need to refresh cache, since the incremental task entry:default@MergeProfile is up-to-date.
[2026-04-19T19:23:10.613] [DEBUG] debug-file - There is no need to refresh cache, since the incremental task entry:default@CreateBuildProfile is up-to-date.
[2026-04-19T19:23:10.614] [DEBUG] debug-file - Update task entry:default@GeneratePkgContextInfo output file:D:\Harmonyos\Rdb\entry\build\default\intermediates\loader\default\pkgContextInfo.json cache.
[2026-04-19T19:23:10.614] [DEBUG] debug-file - Incremental task entry:default@GeneratePkgContextInfo post-execution cost:1 ms .
[2026-04-19T19:23:10.614] [DEBUG] debug-file - Update task entry:default@ProcessIntegratedHsp output file:D:\Harmonyos\Rdb\build\cache\default\integrated_hsp\integratedHspCache.json cache.
[2026-04-19T19:23:10.615] [DEBUG] debug-file - Incremental task entry:default@ProcessIntegratedHsp post-execution cost:1 ms .
[2026-04-19T19:23:10.615] [DEBUG] debug-file - There is no need to refresh cache, since the incremental task entry:default@MakePackInfo is up-to-date.
[2026-04-19T19:23:10.615] [DEBUG] debug-file - Update task entry:default@SyscapTransform input file:C:\Program Files\Huawei\DevEco Studio\sdk\default\openharmony\toolchains\syscap_tool.exe cache by regenerate.
[2026-04-19T19:23:10.615] [DEBUG] debug-file - Update task entry:default@SyscapTransform input file:C:\Program Files\Huawei\DevEco Studio\sdk\default\openharmony\ets\api\device-define cache by regenerate.
[2026-04-19T19:23:10.615] [DEBUG] debug-file - Update task entry:default@SyscapTransform output file:D:\Harmonyos\Rdb\entry\build\default\intermediates\syscap\default\rpcid.sc cache.
[2026-04-19T19:23:10.616] [DEBUG] debug-file - Incremental task entry:default@SyscapTransform post-execution cost:2 ms .
[2026-04-19T19:23:10.616] [DEBUG] debug-file - There is no need to refresh cache, since the incremental task entry:default@ProcessProfile is up-to-date.
[2026-04-19T19:23:10.616] [DEBUG] debug-file - There is no need to refresh cache, since the incremental task entry:default@ProcessRouterMap is up-to-date.
[2026-04-19T19:23:10.616] [DEBUG] debug-file - There is no need to refresh cache, since the incremental task entry:default@ProcessShareConfig is up-to-date.
[2026-04-19T19:23:10.616] [DEBUG] debug-file - Update task entry:default@ProcessStartupConfig output file:D:\Harmonyos\Rdb\entry\build\default\intermediates\startup\default\startup_config.json cache.
[2026-04-19T19:23:10.616] [DEBUG] debug-file - Incremental task entry:default@ProcessStartupConfig post-execution cost:1 ms .
[2026-04-19T19:23:10.616] [DEBUG] debug-file - There is no need to refresh cache, since the incremental task entry:default@ProcessResource is up-to-date.
[2026-04-19T19:23:10.616] [DEBUG] debug-file - There is no need to refresh cache, since the incremental task entry:default@GenerateLoaderJson is up-to-date.
[2026-04-19T19:23:10.616] [DEBUG] debug-file - There is no need to refresh cache, since the incremental task entry:default@ProcessLibs is up-to-date.
[2026-04-19T19:23:10.616] [DEBUG] debug-file - There is no need to refresh cache, since the incremental task entry:default@CompileResource is up-to-date.
[2026-04-19T19:23:10.616] [DEBUG] debug-file - There is no need to refresh cache, since the incremental task entry:default@DoNativeStrip is up-to-date.
[2026-04-19T19:23:10.617] [DEBUG] debug-file - Update task entry:default@CompileArkTS input file:D:\Harmonyos\Rdb\entry\build\default\intermediates\loader\default cache by regenerate.
[2026-04-19T19:23:10.618] [DEBUG] debug-file - Update task entry:default@CompileArkTS input file:D:\Harmonyos\Rdb\oh_modules\.ohpm\@ohos+mpchart@3.0.27\oh_modules\@ohos\mpchart\index.ets cache by regenerate.
[2026-04-19T19:23:10.618] [DEBUG] debug-file - Update task entry:default@CompileArkTS input file:D:\Harmonyos\Rdb\oh_modules\.ohpm\@ohos+mpchart@3.0.27\oh_modules\@ohos\mpchart\src\main\ets cache by regenerate.
[2026-04-19T19:23:10.653] [DEBUG] debug-file - Update task entry:default@CompileArkTS input file:D:\Harmonyos\Rdb\entry\build\default\intermediates\res\default\resources\rawfile cache by regenerate.
[2026-04-19T19:23:10.657] [DEBUG] debug-file - Update task entry:default@CompileArkTS input file:D:\Harmonyos\Rdb\entry\build\default\intermediates\res\default\ResourceTable.txt cache by regenerate.
[2026-04-19T19:23:10.657] [DEBUG] debug-file - Update task entry:default@CompileArkTS input file:D:\Harmonyos\Rdb\entry\build\default\intermediates\res\default\ark_module.json cache by regenerate.
[2026-04-19T19:23:10.658] [DEBUG] debug-file - Update task entry:default@CompileArkTS input file:D:\Harmonyos\Rdb\entry\build\default\intermediates\res\default\resources\base\profile cache by regenerate.
[2026-04-19T19:23:10.658] [DEBUG] debug-file - Update task entry:default@CompileArkTS input file:D:\Harmonyos\Rdb\entry\src\main\ets cache from map.
[2026-04-19T19:23:10.658] [DEBUG] debug-file - Update task entry:default@CompileArkTS input file:D:\Harmonyos\Rdb\entry\build\default\generated\profile\default\BuildProfile.ets cache by regenerate.
[2026-04-19T19:23:10.659] [DEBUG] debug-file - Update task entry:default@CompileArkTS output file:D:\Harmonyos\Rdb\entry\build\default\intermediates\loader_out\default\ets cache.
[2026-04-19T19:23:10.660] [DEBUG] debug-file - Incremental task entry:default@CompileArkTS post-execution cost:43 ms .
[2026-04-19T19:23:10.661] [DEBUG] debug-file - Update task entry:default@BuildJS input file:D:\Harmonyos\Rdb\entry\build\default\intermediates\loader\default cache by regenerate.
[2026-04-19T19:23:10.661] [DEBUG] debug-file - Update task entry:default@BuildJS input file:D:\Harmonyos\Rdb\oh_modules\.ohpm\@ohos+mpchart@3.0.27\oh_modules\@ohos\mpchart\index.ets cache by regenerate.
[2026-04-19T19:23:10.661] [DEBUG] debug-file - Update task entry:default@BuildJS input file:D:\Harmonyos\Rdb\entry\build\default\intermediates\res\default\resources\rawfile cache by regenerate.
[2026-04-19T19:23:10.665] [DEBUG] debug-file - Update task entry:default@BuildJS input file:D:\Harmonyos\Rdb\entry\build\default\intermediates\res\default\ResourceTable.txt cache by regenerate.
[2026-04-19T19:23:10.666] [DEBUG] debug-file - Update task entry:default@BuildJS input file:D:\Harmonyos\Rdb\entry\build\default\intermediates\res\default\ark_module.json cache by regenerate.
[2026-04-19T19:23:10.666] [DEBUG] debug-file - Update task entry:default@BuildJS input file:D:\Harmonyos\Rdb\entry\build\default\intermediates\res\default\resources\base\profile cache by regenerate.
[2026-04-19T19:23:10.666] [DEBUG] debug-file - Update task entry:default@BuildJS output file:D:\Harmonyos\Rdb\entry\build\default\intermediates\loader_out\default\js cache.
[2026-04-19T19:23:10.667] [DEBUG] debug-file - Incremental task entry:default@BuildJS post-execution cost:7 ms .
[2026-04-19T19:23:10.667] [DEBUG] debug-file - There is no need to refresh cache, since the incremental task entry:default@CacheNativeLibs is up-to-date.
[2026-04-19T19:23:10.667] [DEBUG] debug-file - There is no need to refresh cache, since the incremental task entry:default@GeneratePkgModuleJson is up-to-date.
[2026-04-19T19:23:10.667] [DEBUG] debug-file - Incremental task entry:default@ProcessCompiledResources post-execution cost:1 ms .
[2026-04-19T19:23:10.668] [DEBUG] debug-file - Update task entry:default@PackageHap input file:D:\Harmonyos\Rdb\entry\build\default\intermediates\stripped_native_libs\default cache by regenerate.
[2026-04-19T19:23:10.668] [DEBUG] debug-file - Update task entry:default@PackageHap input file:D:\Harmonyos\Rdb\entry\build\default\intermediates\res\default\module.json cache by regenerate.
[2026-04-19T19:23:10.669] [DEBUG] debug-file - Update task entry:default@PackageHap input file:D:\Harmonyos\Rdb\entry\build\default\intermediates\res\default\resources cache by regenerate.
[2026-04-19T19:23:10.675] [DEBUG] debug-file - Update task entry:default@PackageHap input file:D:\Harmonyos\Rdb\entry\build\default\intermediates\res\default\resources.index cache by regenerate.
[2026-04-19T19:23:10.675] [DEBUG] debug-file - Update task entry:default@PackageHap input file:D:\Harmonyos\Rdb\entry\build\default\outputs\default\pack.info cache by regenerate.
[2026-04-19T19:23:10.676] [DEBUG] debug-file - Update task entry:default@PackageHap input file:D:\Harmonyos\Rdb\entry\build\default\intermediates\loader_out\default\ets cache from map.
[2026-04-19T19:23:10.676] [DEBUG] debug-file - Update task entry:default@PackageHap input file:D:\Harmonyos\Rdb\entry\build\default\intermediates\loader_out\default\ets\sourceMaps.map cache by regenerate.
[2026-04-19T19:23:10.676] [DEBUG] debug-file - Update task entry:default@PackageHap input file:D:\Harmonyos\Rdb\entry\build\default\generated\profile\default\BuildProfile.ets cache by regenerate.
[2026-04-19T19:23:10.677] [DEBUG] debug-file - Update task entry:default@PackageHap output file:D:\Harmonyos\Rdb\entry\build\default\outputs\default\entry-default-unsigned.hap cache.
[2026-04-19T19:23:10.677] [DEBUG] debug-file - Update task entry:default@PackageHap output file:D:\Harmonyos\Rdb\entry\build\default\intermediates\source_map\default\sourceMaps.map cache.
[2026-04-19T19:23:10.677] [DEBUG] debug-file - Update task entry:default@PackageHap output file:D:\Harmonyos\Rdb\entry\build\default\outputs\default\mapping\sourceMaps.map cache.
[2026-04-19T19:23:10.678] [DEBUG] debug-file - Incremental task entry:default@PackageHap post-execution cost:11 ms .
[2026-04-19T19:23:10.678] [DEBUG] debug-file - Update task entry:default@SignHap input file:D:\Harmonyos\Rdb\entry\build\default\outputs\default\entry-default-unsigned.hap cache from map.
[2026-04-19T19:23:10.678] [DEBUG] debug-file - Update task entry:default@SignHap output file:D:\Harmonyos\Rdb\entry\build\default\outputs\default\entry-default-signed.hap cache.
[2026-04-19T19:23:10.678] [DEBUG] debug-file - Incremental task entry:default@SignHap post-execution cost:1 ms .
[2026-04-19T19:23:10.678] [DEBUG] debug-file - Update task entry:default@CollectDebugSymbol input file:D:\Harmonyos\Rdb\entry\build\default\intermediates\loader_out\default\ets\sourceMaps.map cache by regenerate.
[2026-04-19T19:23:10.679] [DEBUG] debug-file - Update task entry:default@CollectDebugSymbol input file:D:\Harmonyos\Rdb\entry\build\default\intermediates\libs\default cache by regenerate.
[2026-04-19T19:23:10.679] [DEBUG] debug-file - Update task entry:default@CollectDebugSymbol output file:D:\Harmonyos\Rdb\entry\build\default\outputs\default\symbol cache.
[2026-04-19T19:23:10.680] [DEBUG] debug-file - Incremental task entry:default@CollectDebugSymbol post-execution cost:2 ms .
[2026-04-19T19:23:10.705] [DEBUG] debug-file - Cleanup worker 16.
[2026-04-19T19:23:10.705] [DEBUG] debug-file - Worker 16 has been cleaned up.
[2026-04-19T19:23:10.705] [DEBUG] debug-file - Current idle worker size: 1.
[2026-04-19T19:23:10.705] [DEBUG] debug-file - Current resident worker size: 2.
[2026-04-19T19:23:10.706] [DEBUG] debug-file - hvigor build process will be closed.
[2026-04-19T19:23:10.706] [DEBUG] debug-file - java daemon socket close code:1000 reason:close by user
[2026-04-19T19:23:10.713] [DEBUG] debug-file - session manager: send message to worker process.
[2026-04-19T19:23:10.714] [DEBUG] debug-file - session manager: send message to worker process.
[2026-04-19T19:23:10.714] [DEBUG] debug-file - watch worker: worker id should be larger than 0. Nothing will be sent to any worker thread.
[2026-04-19T19:23:10.715] [DEBUG] debug-file - watch worker: worker id should be larger than 0. Nothing will be sent to any worker thread.
[2026-04-19T19:23:10.715] [DEBUG] debug-file - worker[16] exits with exit code 1.
[2026-04-19T19:24:06.803] [DEBUG] debug-file - session manager: set active socket. socketId=lnLfK5cnheCaUp5gAAAL
[2026-04-19T19:24:06.821] [DEBUG] debug-file - watch worker: worker id should be larger than 0. Nothing will be sent to any worker thread.
[2026-04-19T19:24:06.824] [DEBUG] debug-file - Workers' log level updated to INFO
[2026-04-19T19:24:06.827] [DEBUG] debug-file - Hvigor init with startParameters:{
  hvigorfileTypeCheck: false,
  parallelExecution: true,
  incrementalExecution: true,
  printStackTrace: false,
  daemon: true,
  analyze: 0,
  logLevel: Level { level: 20000, levelStr: 'INFO', colour: 'green' },
  optimizationStrategy: 'memory',
  hotCompile: undefined,
  hotReloadBuild: undefined,
  customizedParam: undefined
}
[2026-04-19T19:24:06.831] [DEBUG] debug-file - Cache service initialization finished in 4 ms 
[2026-04-19T19:24:06.832] [DEBUG] debug-file - hvigorfile, resolving D:\Harmonyos\Rdb\hvigorfile.ts
[2026-04-19T19:24:06.839] [DEBUG] debug-file - hvigorfile, require result:  {}
[2026-04-19T19:24:06.840] [DEBUG] debug-file - hvigorfile, binding system plugins {}
[2026-04-19T19:24:06.840] [DEBUG] debug-file - Starting plugin build process
[2026-04-19T19:24:06.840] [DEBUG] debug-file - App plugin prepare start...
[2026-04-19T19:24:06.840] [DEBUG] debug-file - App plugin prepare end...
[2026-04-19T19:24:06.840] [DEBUG] debug-file - App plugin creating...
[2026-04-19T19:24:06.845] [DEBUG] debug-file - App plugin register hook start...
[2026-04-19T19:24:06.845] [DEBUG] debug-file - App plugin register hook end...
[2026-04-19T19:24:06.845] [DEBUG] debug-file - Plugin build process completed
[2026-04-19T19:24:06.845] [DEBUG] debug-file - Start initialize project's product build option map with build mode debug.
[2026-04-19T19:24:06.845] [DEBUG] debug-file - Picking option from product 'default' with build mode 'debug'.
[2026-04-19T19:24:06.845] [DEBUG] debug-file - Product 'default' build option initialized
[2026-04-19T19:24:06.845] [DEBUG] debug-file - End initialize project's product build option map with build mode 'debug'.
[2026-04-19T19:24:06.846] [DEBUG] debug-file - Obtain build option for product 'default'in this build.
[2026-04-19T19:24:06.846] [DEBUG] debug-file - No signingConfig found, initRemoteHspCache failed.
[2026-04-19T19:24:06.848] [DEBUG] debug-file - Start recording SDK configuration permission data.
[2026-04-19T19:24:06.869] [DEBUG] debug-file - Sdk init in 23 ms 
[2026-04-19T19:24:06.871] [DEBUG] debug-file - Project task initialization takes 3 ms 
[2026-04-19T19:24:06.871] [DEBUG] debug-file - hvigorfile, resolve finished D:\Harmonyos\Rdb\hvigorfile.ts
[2026-04-19T19:24:06.872] [DEBUG] debug-file - hvigorfile, resolving D:\Harmonyos\Rdb\entry\hvigorfile.ts
[2026-04-19T19:24:06.875] [DEBUG] debug-file - hvigorfile, require result:  {}
[2026-04-19T19:24:06.876] [DEBUG] debug-file - hvigorfile, binding system plugins {}
[2026-04-19T19:24:06.876] [DEBUG] debug-file - Starting plugin build process
[2026-04-19T19:24:06.876] [DEBUG] debug-file - Hap plugin creating...
[2026-04-19T19:24:06.876] [DEBUG] debug-file - failed to load cangjie to dynamically generate schemas: Error: Cannot find module '@ohos/cangjie-build-support/index'
Require stack:
- C:\Program Files\Huawei\DevEco Studio\tools\hvigor\hvigor-ohos-plugin\src\plugin\hooks\cangjie-register.js
- C:\Program Files\Huawei\DevEco Studio\tools\hvigor\hvigor-ohos-plugin\src\plugin\strategy\stage-init-strategy.js
- C:\Program Files\Huawei\DevEco Studio\tools\hvigor\hvigor-ohos-plugin\src\plugin\builder\abstract-plugin-builder.js
- C:\Program Files\Huawei\DevEco Studio\tools\hvigor\hvigor-ohos-plugin\src\plugin\builder\app-plugin-builder.js
- C:\Program Files\Huawei\DevEco Studio\tools\hvigor\hvigor-ohos-plugin\src\plugin\factory\plugin-factory.js
- C:\Program Files\Huawei\DevEco Studio\tools\hvigor\hvigor-ohos-plugin\index.js
- D:\Harmonyos\Rdb\hvigorfile.ts
- C:\Program Files\Huawei\DevEco Studio\tools\hvigor\hvigor\src\base\internal\lifecycle\configuration.js
- C:\Program Files\Huawei\DevEco Studio\tools\hvigor\hvigor\src\base\boot\index.js
- C:\Program Files\Huawei\DevEco Studio\tools\hvigor\hvigor\src\base\daemon\cluster\worker-process-lifecycle.js
- C:\Program Files\Huawei\DevEco Studio\tools\hvigor\hvigor\src\base\daemon\process\daemon-process-boot-script.js
[2026-04-19T19:24:06.878] [DEBUG] debug-file - Start initialize module-target build option map, moduleName=entry, buildMode=release
[2026-04-19T19:24:06.878] [DEBUG] debug-file - Target 'default' config initialized
[2026-04-19T19:24:06.878] [DEBUG] debug-file - Module 'entry' target 'default' build option initialized
[2026-04-19T19:24:06.878] [DEBUG] debug-file - End initialize module-target build option map, moduleName=entry
[2026-04-19T19:24:06.878] [DEBUG] debug-file - Start initialize module-target build option map, moduleName=entry, buildMode=debug
[2026-04-19T19:24:06.878] [DEBUG] debug-file - Target 'default' config initialized
[2026-04-19T19:24:06.878] [DEBUG] debug-file - Module 'entry' target 'default' build option initialized
[2026-04-19T19:24:06.878] [DEBUG] debug-file - End initialize module-target build option map, moduleName=entry
[2026-04-19T19:24:06.878] [DEBUG] debug-file - Start initialize module-target build option map, moduleName=entry, buildMode=debug
[2026-04-19T19:24:06.878] [DEBUG] debug-file - Target 'default' config initialized
[2026-04-19T19:24:06.879] [DEBUG] debug-file - Module 'entry' target 'default' build option initialized
[2026-04-19T19:24:06.879] [DEBUG] debug-file - End initialize module-target build option map, moduleName=entry
[2026-04-19T19:24:06.879] [DEBUG] debug-file - Obtain build option for module 'entry' target 'default'in this build.
[2026-04-19T19:24:06.880] [DEBUG] debug-file - Module entry task initialization takes 1 ms 
[2026-04-19T19:24:06.880] [DEBUG] debug-file - Hap plugin register hook start...
[2026-04-19T19:24:06.880] [DEBUG] debug-file - Hap plugin register hook end...
[2026-04-19T19:24:06.880] [DEBUG] debug-file - Plugin build process completed
[2026-04-19T19:24:06.880] [DEBUG] debug-file - hvigorfile, resolve finished D:\Harmonyos\Rdb\entry\hvigorfile.ts
[2026-04-19T19:24:06.978] [DEBUG] debug-file - hvigorfile, resolve hvigorfile dependencies in 98 ms 
[2026-04-19T19:24:06.978] [DEBUG] debug-file - project has submodules:entry
[2026-04-19T19:24:06.980] [DEBUG] debug-file - start to load updatedOhPackageInfo to the disk
[2026-04-19T19:24:06.983] [DEBUG] debug-file - load to the disk finished
[2026-04-19T19:24:06.984] [DEBUG] debug-file - Start to initialize dependency information.
[2026-04-19T19:24:06.986] [DEBUG] debug-file - Module Rdb Collected Dependency: D:\Harmonyos\Rdb\oh_modules\.ohpm\@ohos+mpchart@3.0.27\oh_modules\@ohos\mpchart
[2026-04-19T19:24:06.986] [DEBUG] debug-file - Module Rdb's total dependency: 1
[2026-04-19T19:24:06.986] [DEBUG] debug-file - Start to initialize dependency information.
[2026-04-19T19:24:06.988] [DEBUG] debug-file - Module entry Collected Dependency: D:\Harmonyos\Rdb\oh_modules\.ohpm\@ohos+mpchart@3.0.27\oh_modules\@ohos\mpchart
[2026-04-19T19:24:06.988] [DEBUG] debug-file - Module entry's total dependency: 1
[2026-04-19T19:24:06.991] [DEBUG] debug-file - Configuration phase cost:160 ms 
[2026-04-19T19:24:06.993] [DEBUG] debug-file - Configuration task cost before running: 168 ms 
[2026-04-19T19:24:06.997] [DEBUG] debug-file - Executing task :entry:default@PreBuild
[2026-04-19T19:24:06.998] [DEBUG] debug-file - Task 'entry:default@PreBuild' cost while wrapping incremental declarations: 1 ms 
[2026-04-19T19:24:07.005] [DEBUG] debug-file - Incremental task entry:default@PreBuild pre-execution cost: 4 ms .
[2026-04-19T19:24:07.005] [DEBUG] debug-file - entry : default@PreBuild cost memory 0.28897857666015625
[2026-04-19T19:24:07.008] [INFO] debug-file - UP-TO-DATE :entry:default@PreBuild...  
[2026-04-19T19:24:07.009] [DEBUG] debug-file - Executing task :entry:default@CreateModuleInfo
[2026-04-19T19:24:07.009] [DEBUG] debug-file - Task 'entry:default@CreateModuleInfo' cost while wrapping incremental declarations: 1 ms 
[2026-04-19T19:24:07.009] [DEBUG] debug-file - entry : default@CreateModuleInfo cost memory 0.04135894775390625
[2026-04-19T19:24:07.009] [DEBUG] debug-file - runTaskFromQueue task cost before running: 185 ms 
[2026-04-19T19:24:07.010] [INFO] debug-file - Finished :entry:default@CreateModuleInfo... after 1 ms 
[2026-04-19T19:24:07.011] [DEBUG] debug-file - Executing task :entry:default@GenerateMetadata
[2026-04-19T19:24:07.011] [DEBUG] debug-file - Task 'entry:default@GenerateMetadata' cost while wrapping incremental declarations: 1 ms 
[2026-04-19T19:24:07.012] [DEBUG] debug-file - Incremental task entry:default@GenerateMetadata pre-execution cost: 1 ms .
[2026-04-19T19:24:07.012] [DEBUG] debug-file - entry : default@GenerateMetadata cost memory 0.07968902587890625
[2026-04-19T19:24:07.012] [INFO] debug-file - UP-TO-DATE :entry:default@GenerateMetadata...  
[2026-04-19T19:24:07.013] [DEBUG] debug-file - Executing task :entry:default@ConfigureCmake
[2026-04-19T19:24:07.013] [DEBUG] debug-file - entry : default@ConfigureCmake cost memory 0.0145263671875
[2026-04-19T19:24:07.013] [DEBUG] debug-file - runTaskFromQueue task cost before running: 189 ms 
[2026-04-19T19:24:07.013] [INFO] debug-file - Finished :entry:default@ConfigureCmake... after 1 ms 
[2026-04-19T19:24:07.014] [DEBUG] debug-file - Executing task :entry:default@MergeProfile
[2026-04-19T19:24:07.014] [DEBUG] debug-file - Task 'entry:default@MergeProfile' cost while wrapping incremental declarations: 1 ms 
[2026-04-19T19:24:07.015] [DEBUG] debug-file - Incremental task entry:default@MergeProfile pre-execution cost: 2 ms .
[2026-04-19T19:24:07.016] [DEBUG] debug-file - entry : default@MergeProfile cost memory 0.14220428466796875
[2026-04-19T19:24:07.016] [INFO] debug-file - UP-TO-DATE :entry:default@MergeProfile...  
[2026-04-19T19:24:07.017] [DEBUG] debug-file - Executing task :entry:default@CreateBuildProfile
[2026-04-19T19:24:07.017] [DEBUG] debug-file - Task 'entry:default@CreateBuildProfile' cost while wrapping incremental declarations: 1 ms 
[2026-04-19T19:24:07.018] [DEBUG] debug-file - Incremental task entry:default@CreateBuildProfile pre-execution cost: 1 ms .
[2026-04-19T19:24:07.018] [DEBUG] debug-file - entry : default@CreateBuildProfile cost memory 0.0849609375
[2026-04-19T19:24:07.018] [INFO] debug-file - UP-TO-DATE :entry:default@CreateBuildProfile...  
[2026-04-19T19:24:07.020] [DEBUG] debug-file - Executing task :entry:default@PreCheckSyscap
[2026-04-19T19:24:07.020] [DEBUG] debug-file - entry : default@PreCheckSyscap cost memory 0.01474761962890625
[2026-04-19T19:24:07.020] [DEBUG] debug-file - runTaskFromQueue task cost before running: 196 ms 
[2026-04-19T19:24:07.021] [INFO] debug-file - Finished :entry:default@PreCheckSyscap... after 1 ms 
[2026-04-19T19:24:07.023] [DEBUG] debug-file - Executing task :entry:default@GeneratePkgContextInfo
[2026-04-19T19:24:07.027] [DEBUG] debug-file - Task 'entry:default@GeneratePkgContextInfo' cost while wrapping incremental declarations: 1 ms 
[2026-04-19T19:24:07.028] [DEBUG] debug-file - entry : default@GeneratePkgContextInfo cost memory 0.2343902587890625
[2026-04-19T19:24:07.028] [DEBUG] debug-file - runTaskFromQueue task cost before running: 203 ms 
[2026-04-19T19:24:07.028] [INFO] debug-file - Finished :entry:default@GeneratePkgContextInfo... after 6 ms 
[2026-04-19T19:24:07.032] [DEBUG] debug-file - Executing task :entry:default@ProcessIntegratedHsp
[2026-04-19T19:24:07.032] [DEBUG] debug-file - entry:default@ProcessIntegratedHsp is not up-to-date, since the output file 'D:\Harmonyos\Rdb\build\cache\default\integrated_hsp\integratedHspCache.json' does not exist.
[2026-04-19T19:24:07.032] [DEBUG] debug-file - Incremental task entry:default@ProcessIntegratedHsp pre-execution cost: 1 ms .
[2026-04-19T19:24:07.032] [DEBUG] debug-file - entry : default@ProcessIntegratedHsp cost memory 0.05413055419921875
[2026-04-19T19:24:07.032] [DEBUG] debug-file - runTaskFromQueue task cost before running: 208 ms 
[2026-04-19T19:24:07.033] [INFO] debug-file - Finished :entry:default@ProcessIntegratedHsp... after 1 ms 
[2026-04-19T19:24:07.035] [DEBUG] debug-file - Executing task :entry:default@BuildNativeWithCmake
[2026-04-19T19:24:07.035] [DEBUG] debug-file - entry : default@BuildNativeWithCmake cost memory 0.0145263671875
[2026-04-19T19:24:07.035] [DEBUG] debug-file - runTaskFromQueue task cost before running: 211 ms 
[2026-04-19T19:24:07.035] [INFO] debug-file - Finished :entry:default@BuildNativeWithCmake... after 1 ms 
[2026-04-19T19:24:07.037] [DEBUG] debug-file - Executing task :entry:default@MakePackInfo
[2026-04-19T19:24:07.039] [DEBUG] debug-file - Incremental task entry:default@MakePackInfo pre-execution cost: 2 ms .
[2026-04-19T19:24:07.039] [DEBUG] debug-file - entry : default@MakePackInfo cost memory 0.10009765625
[2026-04-19T19:24:07.039] [INFO] debug-file - UP-TO-DATE :entry:default@MakePackInfo...  
[2026-04-19T19:24:07.040] [DEBUG] debug-file - Executing task :entry:default@SyscapTransform
[2026-04-19T19:24:07.041] [DEBUG] debug-file - File: 'D:\Harmonyos\Rdb\entry\src\main\syscap.json' from 'sysCapJsonPath' is not exists, just ignore.
[2026-04-19T19:24:07.041] [DEBUG] debug-file - Task 'entry:default@SyscapTransform' cost while wrapping incremental declarations: 1 ms 
[2026-04-19T19:24:07.043] [DEBUG] debug-file - entry:default@SyscapTransform is not up-to-date, since the output file 'D:\Harmonyos\Rdb\entry\build\default\intermediates\syscap\default\rpcid.sc' does not exist.
[2026-04-19T19:24:07.043] [DEBUG] debug-file - Incremental task entry:default@SyscapTransform pre-execution cost: 2 ms .
[2026-04-19T19:24:07.044] [DEBUG] debug-file - entry : default@SyscapTransform cost memory 0.14507293701171875
[2026-04-19T19:24:07.044] [DEBUG] debug-file - runTaskFromQueue task cost before running: 220 ms 
[2026-04-19T19:24:07.044] [INFO] debug-file - Finished :entry:default@SyscapTransform... after 4 ms 
[2026-04-19T19:24:07.046] [DEBUG] debug-file - Executing task :entry:default@ProcessProfile
[2026-04-19T19:24:07.047] [DEBUG] debug-file - Task 'entry:default@ProcessProfile' cost while wrapping incremental declarations: 1 ms 
[2026-04-19T19:24:07.049] [DEBUG] debug-file - Incremental task entry:default@ProcessProfile pre-execution cost: 2 ms .
[2026-04-19T19:24:07.049] [DEBUG] debug-file - entry : default@ProcessProfile cost memory 0.1277008056640625
[2026-04-19T19:24:07.049] [INFO] debug-file - UP-TO-DATE :entry:default@ProcessProfile...  
[2026-04-19T19:24:07.051] [DEBUG] debug-file - Executing task :entry:default@ProcessRouterMap
[2026-04-19T19:24:07.054] [DEBUG] debug-file - Incremental task entry:default@ProcessRouterMap pre-execution cost: 2 ms .
[2026-04-19T19:24:07.055] [DEBUG] debug-file - entry : default@ProcessRouterMap cost memory 0.37862396240234375
[2026-04-19T19:24:07.059] [INFO] debug-file - UP-TO-DATE :entry:default@ProcessRouterMap...  
[2026-04-19T19:24:07.061] [DEBUG] debug-file - Executing task :entry:default@ProcessShareConfig
[2026-04-19T19:24:07.064] [DEBUG] debug-file - Incremental task entry:default@ProcessShareConfig pre-execution cost: 2 ms .
[2026-04-19T19:24:07.065] [DEBUG] debug-file - entry : default@ProcessShareConfig cost memory 0.11356353759765625
[2026-04-19T19:24:07.068] [INFO] debug-file - UP-TO-DATE :entry:default@ProcessShareConfig...  
[2026-04-19T19:24:07.072] [DEBUG] debug-file - Executing task :entry:default@ProcessStartupConfig
[2026-04-19T19:24:07.072] [DEBUG] debug-file - Task 'entry:default@ProcessStartupConfig' cost while wrapping incremental declarations: 1 ms 
[2026-04-19T19:24:07.076] [DEBUG] debug-file - entry:default@ProcessStartupConfig is not up-to-date, since the output file 'D:\Harmonyos\Rdb\entry\build\default\intermediates\startup\default\startup_config.json' does not exist.
[2026-04-19T19:24:07.076] [DEBUG] debug-file - Incremental task entry:default@ProcessStartupConfig pre-execution cost: 4 ms .
[2026-04-19T19:24:07.078] [DEBUG] debug-file - entry : default@ProcessStartupConfig cost memory 0.0994873046875
[2026-04-19T19:24:07.079] [DEBUG] debug-file - runTaskFromQueue task cost before running: 254 ms 
[2026-04-19T19:24:07.079] [INFO] debug-file - Finished :entry:default@ProcessStartupConfig... after 7 ms 
[2026-04-19T19:24:07.082] [DEBUG] debug-file - Executing task :entry:default@BuildNativeWithNinja
[2026-04-19T19:24:07.083] [DEBUG] debug-file - entry : default@BuildNativeWithNinja cost memory 0.01982879638671875
[2026-04-19T19:24:07.083] [DEBUG] debug-file - runTaskFromQueue task cost before running: 259 ms 
[2026-04-19T19:24:07.084] [INFO] debug-file - Finished :entry:default@BuildNativeWithNinja... after 2 ms 
[2026-04-19T19:24:07.087] [DEBUG] debug-file - restool module names: entry; moduleName=entry, taskName=default@ProcessResource
[2026-04-19T19:24:07.101] [DEBUG] debug-file - Executing task :entry:default@ProcessResource
[2026-04-19T19:24:07.101] [DEBUG] debug-file - Task 'entry:default@ProcessResource' cost while wrapping incremental declarations: 1 ms 
[2026-04-19T19:24:07.103] [DEBUG] debug-file - Incremental task entry:default@ProcessResource pre-execution cost: 2 ms .
[2026-04-19T19:24:07.103] [DEBUG] debug-file - entry : default@ProcessResource cost memory 0.25196075439453125
[2026-04-19T19:24:07.105] [INFO] debug-file - UP-TO-DATE :entry:default@ProcessResource...  
[2026-04-19T19:24:07.108] [DEBUG] debug-file - Executing task :entry:default@GenerateLoaderJson
[2026-04-19T19:24:07.109] [DEBUG] debug-file - Task 'entry:default@GenerateLoaderJson' cost while wrapping incremental declarations: 1 ms 
[2026-04-19T19:24:07.116] [DEBUG] debug-file - Incremental task entry:default@GenerateLoaderJson pre-execution cost: 4 ms .
[2026-04-19T19:24:07.116] [DEBUG] debug-file - entry : default@GenerateLoaderJson cost memory 0.49724578857421875
[2026-04-19T19:24:07.119] [INFO] debug-file - UP-TO-DATE :entry:default@GenerateLoaderJson...  
[2026-04-19T19:24:07.121] [DEBUG] debug-file - Executing task :entry:default@ProcessLibs
[2026-04-19T19:24:07.126] [DEBUG] debug-file - Incremental task entry:default@ProcessLibs pre-execution cost: 2 ms .
[2026-04-19T19:24:07.126] [DEBUG] debug-file - entry : default@ProcessLibs cost memory 0.2358551025390625
[2026-04-19T19:24:07.128] [INFO] debug-file - UP-TO-DATE :entry:default@ProcessLibs...  
[2026-04-19T19:24:07.130] [DEBUG] debug-file - restool module names: entry; moduleName=entry, taskName=default@CompileResource
[2026-04-19T19:24:07.134] [DEBUG] debug-file - Executing task :entry:default@CompileResource
[2026-04-19T19:24:07.152] [DEBUG] debug-file - Incremental task entry:default@CompileResource pre-execution cost: 15 ms .
[2026-04-19T19:24:07.152] [DEBUG] debug-file - entry : default@CompileResource cost memory 1.161346435546875
[2026-04-19T19:24:07.153] [INFO] debug-file - UP-TO-DATE :entry:default@CompileResource...  
[2026-04-19T19:24:07.155] [DEBUG] debug-file - Executing task :entry:default@DoNativeStrip
[2026-04-19T19:24:07.156] [DEBUG] debug-file - Task 'entry:default@DoNativeStrip' cost while wrapping incremental declarations: 1 ms 
[2026-04-19T19:24:07.157] [DEBUG] debug-file - Incremental task entry:default@DoNativeStrip pre-execution cost: 2 ms .
[2026-04-19T19:24:07.157] [DEBUG] debug-file - entry : default@DoNativeStrip cost memory 0.0770721435546875
[2026-04-19T19:24:07.158] [INFO] debug-file - UP-TO-DATE :entry:default@DoNativeStrip...  
[2026-04-19T19:24:07.160] [DEBUG] debug-file - Executing task :entry:default@CompileArkTS
[2026-04-19T19:24:07.161] [DEBUG] debug-file - obfuscationOptions: undefined
[2026-04-19T19:24:07.167] [DEBUG] debug-file - Task 'entry:default@CompileArkTS' cost while wrapping incremental declarations: 1 ms 
[2026-04-19T19:24:07.202] [DEBUG] debug-file - entry:default@CompileArkTS is not up-to-date, since the input file 'D:\Harmonyos\Rdb\entry\src\main\ets' has been changed.
[2026-04-19T19:24:07.202] [DEBUG] debug-file - Incremental task entry:default@CompileArkTS pre-execution cost: 34 ms .
[2026-04-19T19:24:07.217] [DEBUG] debug-file - build config:
[2026-04-19T19:24:07.218] [DEBUG] debug-file - {
  moduleType: 'entry',
  perf: 0,
  targetName: '.default',
  packageManagerType: 'ohpm',
  localPropertiesPath: 'D:\\Harmonyos\\Rdb\\local.properties',
  isPreview: false,
  isOhosTest: false,
  isLocalTest: false,
  buildMode: 'Debug',
  hotReloadBuild: undefined,
  watchMode: 'false',
  aceProfilePath: 'D:\\Harmonyos\\Rdb\\entry\\build\\default\\intermediates\\res\\default\\resources\\base\\profile',
  etsLoaderPath: 'C:\\Program Files\\Huawei\\DevEco Studio\\sdk\\default\\openharmony\\ets\\build-tools\\ets-loader',
  modulePath: 'D:\\Harmonyos\\Rdb\\entry',
  testFrameworkPar: {
    testMode: undefined,
    coveragePathFilter: undefined,
    coverageMode: undefined
  },
  needCoverageInsert: false,
  debugLine: false,
  projectTopDir: 'D:\\Harmonyos\\Rdb',
  compileSdkVersion: 22,
  compatibleSdkVersion: 17,
  originCompatibleSdkVersion: '5.0.5(17)',
  compatibleSdkVersionStage: undefined,
  bundleName: 'c***b',
  etsLoaderVersion: '6.0.2.130',
  etsLoaderReleaseType: 'Release',
  aotCompileMode: 'type',
  apPath: 'D:\\Harmonyos\\Rdb\\entry\\modules.ap',
  entryModuleName: 'entry',
  entryModuleVersion: '1.0.0',
  entryPackageName: 'entry',
  allModuleNameHash: '199d9c189e05aafae23be9098c561ff961e0b37017b028c869204eaf5bb9b356',
  externalApiPaths: [
    'C:\\Program Files\\Huawei\\DevEco Studio\\sdk\\default\\hms\\ets'
  ],
  compilerTypes: [],
  isCrossplatform: false,
  hvigorPluginFile: undefined,
  compilePluginPath: undefined,
  buildGeneratedProfilePath: 'D:\\Harmonyos\\Rdb\\entry\\build\\default\\generated\\profile\\default',
  bundleType: 'app',
  arkTSVersion: undefined,
  apiVersion: 22,
  needCompleteSourcesMap: false,
  isFaMode: false,
  buildDir: 'D:\\Harmonyos\\Rdb\\entry\\build',
  deviceTypes: [ 'phone' ],
  pkgContextInfo: undefined,
  ohPackagePathMap: {},
  dependencyAliasMap: {},
  permission: { requestPermissions: [ [Object] ], definePermissions: undefined },
  useGetCurrentBundleName: false,
  projectArkOption: undefined,
  sourceMapDir: undefined,
  branchElimination: false,
  transformLib: undefined,
  tsImportSendable: false,
  resolveConflictMode: true,
  depName2RootPath: {},
  depName2DepInfo: {},
  rootPathSet: [ 'D:\\Harmonyos\\Rdb' ],
  useNativeResolver: true,
  shouldEmitJs: true,
  useTscResolve: false,
  singleFileEmit: false,
  userProjectConfig: {
    autoLazyImport: false,
    allowEmptyBundleName: false,
    reExportCheckMode: 'noCheck',
    executionMode: 'memory',
    usePathPlaceholder: false,
    writeRollupCache: true,
    isExpandImportEnabled: false,
    expandImportExclude: '',
    lazyImportExclude: '',
    lazyImportInclude: '',
    ignoreCrossplatformCheck: false,
    isHarDeduplicateEnabled: false,
    skipOhModulesLint: false,
    enableStrictCheckOHModule: false,
    disableSendableCheckRules: [],
    useDeclarationFileSignature: false,
    customizedOptions: undefined,
    integratedHsp: false,
    isPreloadSoEnabled: false
  },
  executionMode: 'memory',
  arkCompileCachePath: 'D:\\Harmonyos\\Rdb\\entry\\build\\default\\cache\\default\\default@CompileArkTS\\esmodule',
  autoLazyFilter: undefined,
  isHarDeduplicateEnabled: false,
  intermediateHarDuplicateDirPath: 'D:\\Harmonyos\\Rdb\\entry\\build\\default\\intermediates\\har_duplicate\\default',
  autoLazyImport: false,
  allowEmptyBundleName: false,
  reExportCheckMode: 'noCheck',
  usePathPlaceholder: false,
  writeRollupCache: true,
  isExpandImportEnabled: false,
  expandImportExclude: '',
  lazyImportExclude: '',
  lazyImportInclude: '',
  ignoreCrossplatformCheck: false,
  skipOhModulesLint: false,
  enableStrictCheckOHModule: false,
  disableSendableCheckRules: [],
  useDeclarationFileSignature: false,
  customizedOptions: undefined,
  integratedHsp: false,
  isPreloadSoEnabled: false,
  strictMode: undefined,
  useNormalizedOHMUrl: false,
  caseSensitiveCheck: false,
  aceModuleJsonPath: 'D:\\Harmonyos\\Rdb\\entry\\build\\default\\intermediates\\res\\default\\ark_module.json',
  appResource: 'D:\\Harmonyos\\Rdb\\entry\\build\\default\\intermediates\\res\\default\\ResourceTable.txt',
  rawFileResource: 'D:\\Harmonyos\\Rdb\\entry\\build\\default\\intermediates\\res\\default\\resources\\rawfile',
  resourceTableHash: 'bc30de88bcdc2d48b439b5331438f18f5e6581667fb0e08a149114abb4f3a1a7',
  runtimeOS: 'HarmonyOS',
  sdkInfo: 'false:22:6.0.2.130:Release',
  aceModuleRoot: 'D:\\Harmonyos\\Rdb\\entry\\src\\main\\ets',
  compileMode: 'esmodule',
  aceSuperVisualPath: 'D:\\Harmonyos\\Rdb\\entry\\src\\main\\supervisual',
  aceBuildJson: 'D:\\Harmonyos\\Rdb\\entry\\build\\default\\intermediates\\loader\\default\\loader.json',
  cachePath: 'D:\\Harmonyos\\Rdb\\entry\\build\\default\\cache\\default\\default@CompileArkTS\\esmodule\\debug',
  aceModuleBuild: 'D:\\Harmonyos\\Rdb\\entry\\build\\default\\intermediates\\loader_out\\default\\ets',
  supportChunks: true,
  declaredFilesPath: undefined,
  shouldCollectDirectImportees: false,
  isByteCodeHarOptimize: false,
  expandImportPath: undefined,
  pkgNameToPkgBriefInfo: {
    '@ohos/mpchart': {
      pkgRoot: 'D:\\Harmonyos\\Rdb\\oh_modules\\.ohpm\\@ohos+mpchart@3.0.27\\oh_modules\\@ohos\\mpchart',
      pkgName: '@ohos/mpchart',
      sourceRoots: [Array]
    },
    entry: {
      pkgRoot: 'D:\\Harmonyos\\Rdb\\entry',
      originalSourceRoots: undefined,
      sourceRoots: [Array],
      pkgName: 'entry'
    }
  },
  projectModel: {
    'D:\\Harmonyos\\Rdb\\entry\\src\\main': {
      moduleName: 'entry',
      modulePkgPath: 'D:\\Harmonyos\\Rdb\\entry',
      belongProjectPath: 'D:\\Harmonyos\\Rdb'
    },
    'D:\\Harmonyos\\Rdb\\entry': {
      moduleName: 'entry',
      modulePkgPath: 'D:\\Harmonyos\\Rdb\\entry',
      belongProjectPath: 'D:\\Harmonyos\\Rdb'
    },
    'D:\\Harmonyos\\Rdb': {
      moduleName: 'Rdb',
      modulePkgPath: 'D:\\Harmonyos\\Rdb',
      belongProjectPath: 'D:\\Harmonyos\\Rdb'
    }
  },
  pkgJsonFileHash: 'd56bf149d8241d4d0c1ae430fabb9fa7e929fed90b32548bd9094ede2f766d24',
  allModulePaths: [ 'D:\\Harmonyos\\Rdb\\entry' ],
  routerMap: {},
  obfuscationOptions: undefined,
  byteCodeHarToDependencyKeys: undefined,
  compileBlockPkg: [],
  mockParams: {
    decorator: '@MockSetup',
    packageName: '@ohos/hamock',
    etsSourceRootPath: 'src/main/ets',
    mockConfigPath: undefined,
    mockConfigKey2ModuleInfo: {},
    source2ModuleIdMap: {}
  },
  copyCodeResourceEnable: true,
  copyCodeResourceExcludes: [],
  copyCodeResourceIncludes: undefined,
  uiTransformOptimization: false,
  sdkPath: 'C:/Program Files/Huawei/DevEco Studio/sdk',
  needPreloadSoFileSet: {},
  preloadSoFilePath: 'D:\\Harmonyos\\Rdb\\entry\\build\\default\\intermediates\\preload\\default\\preload.json',
  useSourceHash: false,
  localModuleParamMap: {},
  otherPaths: {
    '@ohos/mpchart/*': [
      '..\\..\\..\\..\\oh_modules\\.ohpm\\@ohos+mpchart@3.0.27\\oh_modules\\@ohos\\mpchart\\src\\main\\*'
    ],
    'entry/*': [
      '..\\*',
      '..\\..\\..\\build\\default\\generated\\profile\\default\\*'
    ]
  },
  collectImportersConfig: undefined
}
[2026-04-19T19:24:07.218] [DEBUG] debug-file - Compile arkts with external api path: C:\Program Files\Huawei\DevEco Studio\sdk\default\hms\ets
[2026-04-19T19:24:07.219] [DEBUG] debug-file - default@CompileArkTS work[8] is submitted.
[2026-04-19T19:24:07.220] [DEBUG] debug-file - default@CompileArkTS work[8] is pushed to ready queue.
[2026-04-19T19:24:07.220] [DEBUG] debug-file - A work dispatched to worker[17] failed because unable to get work from ready queue.
[2026-04-19T19:24:07.220] [DEBUG] debug-file - A work dispatched to worker[16] failed because unable to get work from ready queue.
[2026-04-19T19:24:07.220] [DEBUG] debug-file - A work dispatched to worker[15] failed because unable to get work from ready queue.
[2026-04-19T19:24:07.220] [DEBUG] debug-file - A work dispatched to worker[14] failed because unable to get work from ready queue.
[2026-04-19T19:24:07.220] [DEBUG] debug-file - A work dispatched to worker[13] failed because unable to get work from ready queue.
[2026-04-19T19:24:07.221] [DEBUG] debug-file - A work dispatched to worker[12] failed because unable to get work from ready queue.
[2026-04-19T19:24:07.221] [DEBUG] debug-file - A work dispatched to worker[11] failed because unable to get work from ready queue.
[2026-04-19T19:24:07.221] [DEBUG] debug-file - A work dispatched to worker[10] failed because unable to get work from ready queue.
[2026-04-19T19:24:07.221] [DEBUG] debug-file - A work dispatched to worker[9] failed because unable to get work from ready queue.
[2026-04-19T19:24:07.221] [DEBUG] debug-file - A work dispatched to worker[8] failed because unable to get work from ready queue.
[2026-04-19T19:24:07.221] [DEBUG] debug-file - A work dispatched to worker[7] failed because unable to get work from ready queue.
[2026-04-19T19:24:07.221] [DEBUG] debug-file - A work dispatched to worker[6] failed because unable to get work from ready queue.
[2026-04-19T19:24:07.221] [DEBUG] debug-file - A work dispatched to worker[5] failed because unable to get work from ready queue.
[2026-04-19T19:24:07.222] [DEBUG] debug-file - default@CompileArkTS work[8] has been dispatched to worker[4].
[2026-04-19T19:24:07.222] [DEBUG] debug-file - default@CompileArkTS work[8] is dispatched.
[2026-04-19T19:24:07.222] [DEBUG] debug-file - CopyResources startTime: 323249166315000
[2026-04-19T19:24:07.223] [DEBUG] debug-file - default@CompileArkTS work[9] is submitted.
[2026-04-19T19:24:07.223] [DEBUG] debug-file - default@CompileArkTS work[9] is pushed to ready queue.
[2026-04-19T19:24:07.223] [DEBUG] debug-file - A work dispatched to worker[17] failed because unable to get work from ready queue.
[2026-04-19T19:24:07.224] [DEBUG] debug-file - Create  resident worker with id: 16.
[2026-04-19T19:24:07.227] [DEBUG] debug-file - default@CompileArkTS work[9] has been dispatched to worker[16].
[2026-04-19T19:24:07.227] [DEBUG] debug-file - default@CompileArkTS work[9] is dispatched.
[2026-04-19T19:24:07.227] [DEBUG] debug-file - entry : default@CompileArkTS cost memory 4.135894775390625
[2026-04-19T19:24:07.230] [DEBUG] debug-file - Executing task :entry:default@BuildJS
[2026-04-19T19:24:07.231] [DEBUG] debug-file - Task 'entry:default@BuildJS' cost while wrapping incremental declarations: 1 ms 
[2026-04-19T19:24:07.235] [DEBUG] debug-file - entry : default@BuildJS cost memory 0.15108489990234375
[2026-04-19T19:24:07.235] [DEBUG] debug-file - runTaskFromQueue task cost before running: 411 ms 
[2026-04-19T19:24:07.235] [INFO] debug-file - Finished :entry:default@BuildJS... after 5 ms 
[2026-04-19T19:24:07.236] [DEBUG] debug-file - Executing task :entry:default@CacheNativeLibs
[2026-04-19T19:24:07.237] [DEBUG] debug-file - Task 'entry:default@CacheNativeLibs' cost while wrapping incremental declarations: 1 ms 
[2026-04-19T19:24:07.238] [DEBUG] debug-file - Incremental task entry:default@CacheNativeLibs pre-execution cost: 1 ms .
[2026-04-19T19:24:07.238] [DEBUG] debug-file - entry : default@CacheNativeLibs cost memory 0.08628082275390625
[2026-04-19T19:24:07.238] [INFO] debug-file - UP-TO-DATE :entry:default@CacheNativeLibs...  
[2026-04-19T19:24:08.189] [DEBUG] debug-file - worker[16] has one work done.
[2026-04-19T19:24:08.190] [DEBUG] debug-file - CopyResources is end, endTime: 323250133614600
[2026-04-19T19:24:08.190] [DEBUG] debug-file - default@CompileArkTS work[9] done.
[2026-04-19T19:24:08.190] [DEBUG] debug-file - A work dispatched to worker[16] failed because unable to get work from ready queue.
[2026-04-19T19:24:08.267] [DEBUG] debug-file - Ark compile task finished.finished time is 323250211170700
[2026-04-19T19:24:08.267] [DEBUG] debug-file - worker[4] has one work error.
[2026-04-19T19:24:08.268] [DEBUG] debug-file - default@CompileArkTS work[8] failed.
[2026-04-19T19:24:08.268] [ERROR] debug-file - Failed :entry:default@CompileArkTS... 
[2026-04-19T19:24:08.268] [DEBUG] debug-file - hvigor build process will be closed with an error.
[2026-04-19T19:24:08.269] [DEBUG] debug-file - ERROR: stacktrace = Error: ArkTS Compiler Error
[31m1 ERROR: [31m10505001 ArkTS Compiler Error
Error Message: Argument of type '(context: CanvasRenderingContext2D) => void' is not assignable to parameter of type 'CanvasRenderingContext2D | DrawingRenderingContext'. At File: D:/Harmonyos/Rdb/entry/src/main/ets/pages/BillBarChart.ets:14:14
[39m
[39m
[31mCOMPILE RESULT:FAIL {ERROR:2}[39m
    at runArkPack (C:\Program Files\Huawei\DevEco Studio\tools\hvigor\hvigor-ohos-plugin\node_modules\@ohos\hvigor-arkts-compose\dist\src\arkts-pack.js:1:5860)
ArkTSCompilerError: ArkTS Compiler Error
    at throwArkTsCompilerError (C:\Program Files\Huawei\DevEco Studio\tools\hvigor\hvigor-ohos-plugin\node_modules\@ohos\hvigor-arkts-compose\dist\src\data\compose-error.js:1:423)
    at throwErrorIfHasErrorInfo (C:\Program Files\Huawei\DevEco Studio\tools\hvigor\hvigor-ohos-plugin\node_modules\@ohos\hvigor-arkts-compose\dist\src\plugins\common-plugin.js:1:4478)
    at Object.handler (C:\Program Files\Huawei\DevEco Studio\tools\hvigor\hvigor-ohos-plugin\node_modules\@ohos\hvigor-arkts-compose\dist\src\plugins\common-plugin.js:1:2547)
    at C:\Program Files\Huawei\DevEco Studio\tools\hvigor\hvigor-ohos-plugin\node_modules\@ohos\hvigor-arkts-base\node_modules\rollup\dist\shared\rollup.js:27765:40
[2026-04-19T19:24:08.270] [ERROR] debug-file - Error: ArkTS Compiler Error
[31m1 ERROR: [31m10505001 ArkTS Compiler Error
Error Message: Argument of type '(context: CanvasRenderingContext2D) => void' is not assignable to parameter of type 'CanvasRenderingContext2D | DrawingRenderingContext'. At File: D:/Harmonyos/Rdb/entry/src/main/ets/pages/BillBarChart.ets:14:14
[39m
[39m
[31mCOMPILE RESULT:FAIL {ERROR:2}[39m
    at runArkPack (C:\Program Files\Huawei\DevEco Studio\tools\hvigor\hvigor-ohos-plugin\node_modules\@ohos\hvigor-arkts-compose\dist\src\arkts-pack.js:1:5860)
ArkTSCompilerError: ArkTS Compiler Error
    at throwArkTsCompilerError (C:\Program Files\Huawei\DevEco Studio\tools\hvigor\hvigor-ohos-plugin\node_modules\@ohos\hvigor-arkts-compose\dist\src\data\compose-error.js:1:423)
    at throwErrorIfHasErrorInfo (C:\Program Files\Huawei\DevEco Studio\tools\hvigor\hvigor-ohos-plugin\node_modules\@ohos\hvigor-arkts-compose\dist\src\plugins\common-plugin.js:1:4478)
    at Object.handler (C:\Program Files\Huawei\DevEco Studio\tools\hvigor\hvigor-ohos-plugin\node_modules\@ohos\hvigor-arkts-compose\dist\src\plugins\common-plugin.js:1:2547)
    at C:\Program Files\Huawei\DevEco Studio\tools\hvigor\hvigor-ohos-plugin\node_modules\@ohos\hvigor-arkts-base\node_modules\rollup\dist\shared\rollup.js:27765:40
[2026-04-19T19:24:08.280] [ERROR] debug-file - BUILD FAILED in 1 s 456 ms 
[2026-04-19T19:24:08.281] [DEBUG] debug-file - There is no need to refresh cache, since the incremental task entry:default@PreBuild is up-to-date.
[2026-04-19T19:24:08.281] [DEBUG] debug-file - Update task entry:default@CreateModuleInfo output file:D:\Harmonyos\Rdb\entry\build\default\generated\profile\default\ModuleInfo.ts cache.
[2026-04-19T19:24:08.281] [DEBUG] debug-file - Incremental task entry:default@CreateModuleInfo post-execution cost:1 ms .
[2026-04-19T19:24:08.281] [DEBUG] debug-file - There is no need to refresh cache, since the incremental task entry:default@GenerateMetadata is up-to-date.
[2026-04-19T19:24:08.281] [DEBUG] debug-file - There is no need to refresh cache, since the incremental task entry:default@MergeProfile is up-to-date.
[2026-04-19T19:24:08.281] [DEBUG] debug-file - There is no need to refresh cache, since the incremental task entry:default@CreateBuildProfile is up-to-date.
[2026-04-19T19:24:08.281] [DEBUG] debug-file - Update task entry:default@GeneratePkgContextInfo output file:D:\Harmonyos\Rdb\entry\build\default\intermediates\loader\default\pkgContextInfo.json cache.
[2026-04-19T19:24:08.281] [DEBUG] debug-file - Incremental task entry:default@GeneratePkgContextInfo post-execution cost:1 ms .
[2026-04-19T19:24:08.281] [DEBUG] debug-file - Update task entry:default@ProcessIntegratedHsp output file:D:\Harmonyos\Rdb\build\cache\default\integrated_hsp\integratedHspCache.json cache.
[2026-04-19T19:24:08.281] [DEBUG] debug-file - Incremental task entry:default@ProcessIntegratedHsp post-execution cost:1 ms .
[2026-04-19T19:24:08.281] [DEBUG] debug-file - There is no need to refresh cache, since the incremental task entry:default@MakePackInfo is up-to-date.
[2026-04-19T19:24:08.281] [DEBUG] debug-file - Update task entry:default@SyscapTransform input file:C:\Program Files\Huawei\DevEco Studio\sdk\default\openharmony\toolchains\syscap_tool.exe cache by regenerate.
[2026-04-19T19:24:08.281] [DEBUG] debug-file - Update task entry:default@SyscapTransform input file:C:\Program Files\Huawei\DevEco Studio\sdk\default\openharmony\ets\api\device-define cache by regenerate.
[2026-04-19T19:24:08.282] [DEBUG] debug-file - Update task entry:default@SyscapTransform output file:D:\Harmonyos\Rdb\entry\build\default\intermediates\syscap\default\rpcid.sc cache.
[2026-04-19T19:24:08.283] [DEBUG] debug-file - Incremental task entry:default@SyscapTransform post-execution cost:2 ms .
[2026-04-19T19:24:08.283] [DEBUG] debug-file - There is no need to refresh cache, since the incremental task entry:default@ProcessProfile is up-to-date.
[2026-04-19T19:24:08.283] [DEBUG] debug-file - There is no need to refresh cache, since the incremental task entry:default@ProcessRouterMap is up-to-date.
[2026-04-19T19:24:08.283] [DEBUG] debug-file - There is no need to refresh cache, since the incremental task entry:default@ProcessShareConfig is up-to-date.
[2026-04-19T19:24:08.283] [DEBUG] debug-file - Update task entry:default@ProcessStartupConfig output file:D:\Harmonyos\Rdb\entry\build\default\intermediates\startup\default\startup_config.json cache.
[2026-04-19T19:24:08.283] [DEBUG] debug-file - Incremental task entry:default@ProcessStartupConfig post-execution cost:1 ms .
[2026-04-19T19:24:08.283] [DEBUG] debug-file - There is no need to refresh cache, since the incremental task entry:default@ProcessResource is up-to-date.
[2026-04-19T19:24:08.283] [DEBUG] debug-file - There is no need to refresh cache, since the incremental task entry:default@GenerateLoaderJson is up-to-date.
[2026-04-19T19:24:08.283] [DEBUG] debug-file - There is no need to refresh cache, since the incremental task entry:default@ProcessLibs is up-to-date.
[2026-04-19T19:24:08.283] [DEBUG] debug-file - There is no need to refresh cache, since the incremental task entry:default@CompileResource is up-to-date.
[2026-04-19T19:24:08.283] [DEBUG] debug-file - There is no need to refresh cache, since the incremental task entry:default@DoNativeStrip is up-to-date.
[2026-04-19T19:24:08.284] [DEBUG] debug-file - Update task entry:default@CompileArkTS input file:D:\Harmonyos\Rdb\entry\build\default\intermediates\loader\default cache by regenerate.
[2026-04-19T19:24:08.285] [DEBUG] debug-file - Update task entry:default@CompileArkTS input file:D:\Harmonyos\Rdb\oh_modules\.ohpm\@ohos+mpchart@3.0.27\oh_modules\@ohos\mpchart\index.ets cache by regenerate.
[2026-04-19T19:24:08.285] [DEBUG] debug-file - Update task entry:default@CompileArkTS input file:D:\Harmonyos\Rdb\oh_modules\.ohpm\@ohos+mpchart@3.0.27\oh_modules\@ohos\mpchart\src\main\ets cache by regenerate.
[2026-04-19T19:24:08.296] [DEBUG] debug-file - Update task entry:default@CompileArkTS input file:D:\Harmonyos\Rdb\entry\build\default\intermediates\res\default\resources\rawfile cache by regenerate.
[2026-04-19T19:24:08.297] [DEBUG] debug-file - Update task entry:default@CompileArkTS input file:D:\Harmonyos\Rdb\entry\build\default\intermediates\res\default\ResourceTable.txt cache by regenerate.
[2026-04-19T19:24:08.297] [DEBUG] debug-file - Update task entry:default@CompileArkTS input file:D:\Harmonyos\Rdb\entry\build\default\intermediates\res\default\ark_module.json cache by regenerate.
[2026-04-19T19:24:08.297] [DEBUG] debug-file - Update task entry:default@CompileArkTS input file:D:\Harmonyos\Rdb\entry\build\default\intermediates\res\default\resources\base\profile cache by regenerate.
[2026-04-19T19:24:08.298] [DEBUG] debug-file - Update task entry:default@CompileArkTS input file:D:\Harmonyos\Rdb\entry\src\main\ets cache from map.
[2026-04-19T19:24:08.298] [DEBUG] debug-file - Update task entry:default@CompileArkTS input file:D:\Harmonyos\Rdb\entry\build\default\generated\profile\default\BuildProfile.ets cache by regenerate.
[2026-04-19T19:24:08.298] [DEBUG] debug-file - Update task entry:default@CompileArkTS output file:D:\Harmonyos\Rdb\entry\build\default\intermediates\loader_out\default\ets cache.
[2026-04-19T19:24:08.298] [DEBUG] debug-file - Incremental task entry:default@CompileArkTS post-execution cost:15 ms .
[2026-04-19T19:24:08.299] [DEBUG] debug-file - Update task entry:default@BuildJS input file:D:\Harmonyos\Rdb\entry\build\default\intermediates\loader\default cache by regenerate.
[2026-04-19T19:24:08.299] [DEBUG] debug-file - Update task entry:default@BuildJS input file:D:\Harmonyos\Rdb\oh_modules\.ohpm\@ohos+mpchart@3.0.27\oh_modules\@ohos\mpchart\index.ets cache by regenerate.
[2026-04-19T19:24:08.299] [DEBUG] debug-file - Update task entry:default@BuildJS input file:D:\Harmonyos\Rdb\entry\build\default\intermediates\res\default\resources\rawfile cache by regenerate.
[2026-04-19T19:24:08.300] [DEBUG] debug-file - Update task entry:default@BuildJS input file:D:\Harmonyos\Rdb\entry\build\default\intermediates\res\default\ResourceTable.txt cache by regenerate.
[2026-04-19T19:24:08.301] [DEBUG] debug-file - Update task entry:default@BuildJS input file:D:\Harmonyos\Rdb\entry\build\default\intermediates\res\default\ark_module.json cache by regenerate.
[2026-04-19T19:24:08.301] [DEBUG] debug-file - Update task entry:default@BuildJS input file:D:\Harmonyos\Rdb\entry\build\default\intermediates\res\default\resources\base\profile cache by regenerate.
[2026-04-19T19:24:08.301] [DEBUG] debug-file - Update task entry:default@BuildJS output file:D:\Harmonyos\Rdb\entry\build\default\intermediates\loader_out\default\js cache.
[2026-04-19T19:24:08.301] [DEBUG] debug-file - Incremental task entry:default@BuildJS post-execution cost:4 ms .
[2026-04-19T19:24:08.301] [DEBUG] debug-file - There is no need to refresh cache, since the incremental task entry:default@CacheNativeLibs is up-to-date.
[2026-04-19T19:24:08.319] [DEBUG] debug-file - Cleanup worker 16.
[2026-04-19T19:24:08.319] [DEBUG] debug-file - Worker 16 has been cleaned up.
[2026-04-19T19:24:08.319] [DEBUG] debug-file - Current idle worker size: 1.
[2026-04-19T19:24:08.319] [DEBUG] debug-file - Current resident worker size: 2.
[2026-04-19T19:24:08.320] [DEBUG] debug-file - hvigor build process will be closed.
[2026-04-19T19:24:08.326] [DEBUG] debug-file - session manager: send message to worker process.
[2026-04-19T19:24:08.326] [DEBUG] debug-file - session manager: send message to worker process.
[2026-04-19T19:24:08.328] [DEBUG] debug-file - watch worker: worker id should be larger than 0. Nothing will be sent to any worker thread.
[2026-04-19T19:24:08.328] [DEBUG] debug-file - worker[16] exits with exit code 1.
[2026-04-19T19:24:08.328] [DEBUG] debug-file - watch worker: worker id should be larger than 0. Nothing will be sent to any worker thread.
[2026-04-19T19:25:45.835] [DEBUG] debug-file - session manager: set active socket. socketId=NJ0OQTkcYfT82vQTAAAN
[2026-04-19T19:25:45.852] [DEBUG] debug-file - watch worker: worker id should be larger than 0. Nothing will be sent to any worker thread.
[2026-04-19T19:25:45.855] [DEBUG] debug-file - Workers' log level updated to INFO
[2026-04-19T19:25:45.858] [DEBUG] debug-file - Hvigor init with startParameters:{
  hvigorfileTypeCheck: false,
  parallelExecution: true,
  incrementalExecution: true,
  printStackTrace: false,
  daemon: true,
  analyze: 0,
  logLevel: Level { level: 20000, levelStr: 'INFO', colour: 'green' },
  optimizationStrategy: 'memory',
  hotCompile: undefined,
  hotReloadBuild: undefined,
  customizedParam: undefined
}
[2026-04-19T19:25:45.862] [DEBUG] debug-file - Cache service initialization finished in 4 ms 
[2026-04-19T19:25:45.863] [DEBUG] debug-file - hvigorfile, resolving D:\Harmonyos\Rdb\hvigorfile.ts
[2026-04-19T19:25:45.871] [DEBUG] debug-file - hvigorfile, require result:  {}
[2026-04-19T19:25:45.871] [DEBUG] debug-file - hvigorfile, binding system plugins {}
[2026-04-19T19:25:45.872] [DEBUG] debug-file - Starting plugin build process
[2026-04-19T19:25:45.872] [DEBUG] debug-file - App plugin prepare start...
[2026-04-19T19:25:45.872] [DEBUG] debug-file - App plugin prepare end...
[2026-04-19T19:25:45.872] [DEBUG] debug-file - App plugin creating...
[2026-04-19T19:25:45.876] [DEBUG] debug-file - App plugin register hook start...
[2026-04-19T19:25:45.876] [DEBUG] debug-file - App plugin register hook end...
[2026-04-19T19:25:45.876] [DEBUG] debug-file - Plugin build process completed
[2026-04-19T19:25:45.877] [DEBUG] debug-file - Start initialize project's product build option map with build mode debug.
[2026-04-19T19:25:45.877] [DEBUG] debug-file - Picking option from product 'default' with build mode 'debug'.
[2026-04-19T19:25:45.877] [DEBUG] debug-file - Product 'default' build option initialized
[2026-04-19T19:25:45.877] [DEBUG] debug-file - End initialize project's product build option map with build mode 'debug'.
[2026-04-19T19:25:45.877] [DEBUG] debug-file - Obtain build option for product 'default'in this build.
[2026-04-19T19:25:45.878] [DEBUG] debug-file - No signingConfig found, initRemoteHspCache failed.
[2026-04-19T19:25:45.880] [DEBUG] debug-file - Start recording SDK configuration permission data.
[2026-04-19T19:25:45.905] [DEBUG] debug-file - Sdk init in 27 ms 
[2026-04-19T19:25:45.908] [DEBUG] debug-file - Project task initialization takes 3 ms 
[2026-04-19T19:25:45.908] [DEBUG] debug-file - hvigorfile, resolve finished D:\Harmonyos\Rdb\hvigorfile.ts
[2026-04-19T19:25:45.908] [DEBUG] debug-file - hvigorfile, resolving D:\Harmonyos\Rdb\entry\hvigorfile.ts
[2026-04-19T19:25:45.912] [DEBUG] debug-file - hvigorfile, require result:  {}
[2026-04-19T19:25:45.912] [DEBUG] debug-file - hvigorfile, binding system plugins {}
[2026-04-19T19:25:45.912] [DEBUG] debug-file - Starting plugin build process
[2026-04-19T19:25:45.912] [DEBUG] debug-file - Hap plugin creating...
[2026-04-19T19:25:45.913] [DEBUG] debug-file - failed to load cangjie to dynamically generate schemas: Error: Cannot find module '@ohos/cangjie-build-support/index'
Require stack:
- C:\Program Files\Huawei\DevEco Studio\tools\hvigor\hvigor-ohos-plugin\src\plugin\hooks\cangjie-register.js
- C:\Program Files\Huawei\DevEco Studio\tools\hvigor\hvigor-ohos-plugin\src\plugin\strategy\stage-init-strategy.js
- C:\Program Files\Huawei\DevEco Studio\tools\hvigor\hvigor-ohos-plugin\src\plugin\builder\abstract-plugin-builder.js
- C:\Program Files\Huawei\DevEco Studio\tools\hvigor\hvigor-ohos-plugin\src\plugin\builder\app-plugin-builder.js
- C:\Program Files\Huawei\DevEco Studio\tools\hvigor\hvigor-ohos-plugin\src\plugin\factory\plugin-factory.js
- C:\Program Files\Huawei\DevEco Studio\tools\hvigor\hvigor-ohos-plugin\index.js
- D:\Harmonyos\Rdb\hvigorfile.ts
- C:\Program Files\Huawei\DevEco Studio\tools\hvigor\hvigor\src\base\internal\lifecycle\configuration.js
- C:\Program Files\Huawei\DevEco Studio\tools\hvigor\hvigor\src\base\boot\index.js
- C:\Program Files\Huawei\DevEco Studio\tools\hvigor\hvigor\src\base\daemon\cluster\worker-process-lifecycle.js
- C:\Program Files\Huawei\DevEco Studio\tools\hvigor\hvigor\src\base\daemon\process\daemon-process-boot-script.js
[2026-04-19T19:25:45.914] [DEBUG] debug-file - Start initialize module-target build option map, moduleName=entry, buildMode=release
[2026-04-19T19:25:45.914] [DEBUG] debug-file - Target 'default' config initialized
[2026-04-19T19:25:45.914] [DEBUG] debug-file - Module 'entry' target 'default' build option initialized
[2026-04-19T19:25:45.914] [DEBUG] debug-file - End initialize module-target build option map, moduleName=entry
[2026-04-19T19:25:45.914] [DEBUG] debug-file - Start initialize module-target build option map, moduleName=entry, buildMode=debug
[2026-04-19T19:25:45.914] [DEBUG] debug-file - Target 'default' config initialized
[2026-04-19T19:25:45.914] [DEBUG] debug-file - Module 'entry' target 'default' build option initialized
[2026-04-19T19:25:45.915] [DEBUG] debug-file - End initialize module-target build option map, moduleName=entry
[2026-04-19T19:25:45.915] [DEBUG] debug-file - Start initialize module-target build option map, moduleName=entry, buildMode=debug
[2026-04-19T19:25:45.915] [DEBUG] debug-file - Target 'default' config initialized
[2026-04-19T19:25:45.915] [DEBUG] debug-file - Module 'entry' target 'default' build option initialized
[2026-04-19T19:25:45.915] [DEBUG] debug-file - End initialize module-target build option map, moduleName=entry
[2026-04-19T19:25:45.916] [DEBUG] debug-file - Obtain build option for module 'entry' target 'default'in this build.
[2026-04-19T19:25:45.917] [DEBUG] debug-file - Module entry task initialization takes 1 ms 
[2026-04-19T19:25:45.917] [DEBUG] debug-file - Hap plugin register hook start...
[2026-04-19T19:25:45.917] [DEBUG] debug-file - Hap plugin register hook end...
[2026-04-19T19:25:45.917] [DEBUG] debug-file - Plugin build process completed
[2026-04-19T19:25:45.917] [DEBUG] debug-file - hvigorfile, resolve finished D:\Harmonyos\Rdb\entry\hvigorfile.ts
[2026-04-19T19:25:45.977] [DEBUG] debug-file - hvigorfile, resolve hvigorfile dependencies in 60 ms 
[2026-04-19T19:25:45.977] [DEBUG] debug-file - project has submodules:entry
[2026-04-19T19:25:45.978] [DEBUG] debug-file - start to load updatedOhPackageInfo to the disk
[2026-04-19T19:25:45.981] [DEBUG] debug-file - load to the disk finished
[2026-04-19T19:25:45.982] [DEBUG] debug-file - Start to initialize dependency information.
[2026-04-19T19:25:45.983] [DEBUG] debug-file - Module Rdb Collected Dependency: D:\Harmonyos\Rdb\oh_modules\.ohpm\@ohos+mpchart@3.0.27\oh_modules\@ohos\mpchart
[2026-04-19T19:25:45.983] [DEBUG] debug-file - Module Rdb's total dependency: 1
[2026-04-19T19:25:45.984] [DEBUG] debug-file - Start to initialize dependency information.
[2026-04-19T19:25:45.985] [DEBUG] debug-file - Module entry Collected Dependency: D:\Harmonyos\Rdb\oh_modules\.ohpm\@ohos+mpchart@3.0.27\oh_modules\@ohos\mpchart
[2026-04-19T19:25:45.985] [DEBUG] debug-file - Module entry's total dependency: 1
[2026-04-19T19:25:45.986] [DEBUG] debug-file - Configuration phase cost:124 ms 
[2026-04-19T19:25:45.987] [DEBUG] debug-file - Configuration task cost before running: 132 ms 
[2026-04-19T19:25:45.989] [DEBUG] debug-file - Executing task :entry:default@PreBuild
[2026-04-19T19:25:45.989] [DEBUG] debug-file - Task 'entry:default@PreBuild' cost while wrapping incremental declarations: 1 ms 
[2026-04-19T19:25:45.992] [DEBUG] debug-file - Incremental task entry:default@PreBuild pre-execution cost: 3 ms .
[2026-04-19T19:25:45.992] [DEBUG] debug-file - entry : default@PreBuild cost memory 0.28426361083984375
[2026-04-19T19:25:45.993] [INFO] debug-file - UP-TO-DATE :entry:default@PreBuild...  
[2026-04-19T19:25:45.994] [DEBUG] debug-file - Executing task :entry:default@CreateModuleInfo
[2026-04-19T19:25:45.994] [DEBUG] debug-file - Task 'entry:default@CreateModuleInfo' cost while wrapping incremental declarations: 1 ms 
[2026-04-19T19:25:45.994] [DEBUG] debug-file - entry : default@CreateModuleInfo cost memory 0.039337158203125
[2026-04-19T19:25:45.996] [DEBUG] debug-file - runTaskFromQueue task cost before running: 139 ms 
[2026-04-19T19:25:45.996] [INFO] debug-file - Finished :entry:default@CreateModuleInfo... after 1 ms 
[2026-04-19T19:25:45.998] [DEBUG] debug-file - Executing task :entry:default@GenerateMetadata
[2026-04-19T19:25:45.998] [DEBUG] debug-file - Task 'entry:default@GenerateMetadata' cost while wrapping incremental declarations: 1 ms 
[2026-04-19T19:25:45.998] [DEBUG] debug-file - Incremental task entry:default@GenerateMetadata pre-execution cost: 1 ms .
[2026-04-19T19:25:45.998] [DEBUG] debug-file - entry : default@GenerateMetadata cost memory 0.0778350830078125
[2026-04-19T19:25:45.999] [INFO] debug-file - UP-TO-DATE :entry:default@GenerateMetadata...  
[2026-04-19T19:25:45.999] [DEBUG] debug-file - Executing task :entry:default@ConfigureCmake
[2026-04-19T19:25:45.999] [DEBUG] debug-file - entry : default@ConfigureCmake cost memory 0.01409912109375
[2026-04-19T19:25:45.999] [DEBUG] debug-file - runTaskFromQueue task cost before running: 144 ms 
[2026-04-19T19:25:46.000] [INFO] debug-file - Finished :entry:default@ConfigureCmake... after 1 ms 
[2026-04-19T19:25:46.000] [DEBUG] debug-file - Executing task :entry:default@MergeProfile
[2026-04-19T19:25:46.000] [DEBUG] debug-file - Task 'entry:default@MergeProfile' cost while wrapping incremental declarations: 1 ms 
[2026-04-19T19:25:46.001] [DEBUG] debug-file - Incremental task entry:default@MergeProfile pre-execution cost: 1 ms .
[2026-04-19T19:25:46.001] [DEBUG] debug-file - entry : default@MergeProfile cost memory 0.1374359130859375
[2026-04-19T19:25:46.001] [INFO] debug-file - UP-TO-DATE :entry:default@MergeProfile...  
[2026-04-19T19:25:46.002] [DEBUG] debug-file - Executing task :entry:default@CreateBuildProfile
[2026-04-19T19:25:46.002] [DEBUG] debug-file - Task 'entry:default@CreateBuildProfile' cost while wrapping incremental declarations: 1 ms 
[2026-04-19T19:25:46.003] [DEBUG] debug-file - Incremental task entry:default@CreateBuildProfile pre-execution cost: 1 ms .
[2026-04-19T19:25:46.003] [DEBUG] debug-file - entry : default@CreateBuildProfile cost memory 0.08341217041015625
[2026-04-19T19:25:46.003] [INFO] debug-file - UP-TO-DATE :entry:default@CreateBuildProfile...  
[2026-04-19T19:25:46.004] [DEBUG] debug-file - Executing task :entry:default@PreCheckSyscap
[2026-04-19T19:25:46.004] [DEBUG] debug-file - entry : default@PreCheckSyscap cost memory 0.01432037353515625
[2026-04-19T19:25:46.004] [DEBUG] debug-file - runTaskFromQueue task cost before running: 149 ms 
[2026-04-19T19:25:46.004] [INFO] debug-file - Finished :entry:default@PreCheckSyscap... after 1 ms 
[2026-04-19T19:25:46.005] [DEBUG] debug-file - Executing task :entry:default@GeneratePkgContextInfo
[2026-04-19T19:25:46.007] [DEBUG] debug-file - Task 'entry:default@GeneratePkgContextInfo' cost while wrapping incremental declarations: 1 ms 
[2026-04-19T19:25:46.007] [DEBUG] debug-file - entry : default@GeneratePkgContextInfo cost memory 0.43756866455078125
[2026-04-19T19:25:46.007] [DEBUG] debug-file - runTaskFromQueue task cost before running: 152 ms 
[2026-04-19T19:25:46.007] [INFO] debug-file - Finished :entry:default@GeneratePkgContextInfo... after 3 ms 
[2026-04-19T19:25:46.009] [DEBUG] debug-file - Executing task :entry:default@ProcessIntegratedHsp
[2026-04-19T19:25:46.009] [DEBUG] debug-file - entry:default@ProcessIntegratedHsp is not up-to-date, since the output file 'D:\Harmonyos\Rdb\build\cache\default\integrated_hsp\integratedHspCache.json' does not exist.
[2026-04-19T19:25:46.009] [DEBUG] debug-file - Incremental task entry:default@ProcessIntegratedHsp pre-execution cost: 1 ms .
[2026-04-19T19:25:46.010] [DEBUG] debug-file - entry : default@ProcessIntegratedHsp cost memory 0.0532379150390625
[2026-04-19T19:25:46.010] [DEBUG] debug-file - runTaskFromQueue task cost before running: 155 ms 
[2026-04-19T19:25:46.010] [INFO] debug-file - Finished :entry:default@ProcessIntegratedHsp... after 1 ms 
[2026-04-19T19:25:46.011] [DEBUG] debug-file - Executing task :entry:default@BuildNativeWithCmake
[2026-04-19T19:25:46.011] [DEBUG] debug-file - entry : default@BuildNativeWithCmake cost memory 0.01413726806640625
[2026-04-19T19:25:46.011] [DEBUG] debug-file - runTaskFromQueue task cost before running: 156 ms 
[2026-04-19T19:25:46.011] [INFO] debug-file - Finished :entry:default@BuildNativeWithCmake... after 1 ms 
[2026-04-19T19:25:46.012] [DEBUG] debug-file - Executing task :entry:default@MakePackInfo
[2026-04-19T19:25:46.013] [DEBUG] debug-file - Incremental task entry:default@MakePackInfo pre-execution cost: 1 ms .
[2026-04-19T19:25:46.013] [DEBUG] debug-file - entry : default@MakePackInfo cost memory 0.09549713134765625
[2026-04-19T19:25:46.013] [INFO] debug-file - UP-TO-DATE :entry:default@MakePackInfo...  
[2026-04-19T19:25:46.014] [DEBUG] debug-file - Executing task :entry:default@SyscapTransform
[2026-04-19T19:25:46.014] [DEBUG] debug-file - File: 'D:\Harmonyos\Rdb\entry\src\main\syscap.json' from 'sysCapJsonPath' is not exists, just ignore.
[2026-04-19T19:25:46.015] [DEBUG] debug-file - Task 'entry:default@SyscapTransform' cost while wrapping incremental declarations: 1 ms 
[2026-04-19T19:25:46.016] [DEBUG] debug-file - entry:default@SyscapTransform is not up-to-date, since the output file 'D:\Harmonyos\Rdb\entry\build\default\intermediates\syscap\default\rpcid.sc' does not exist.
[2026-04-19T19:25:46.016] [DEBUG] debug-file - Incremental task entry:default@SyscapTransform pre-execution cost: 2 ms .
[2026-04-19T19:25:46.016] [DEBUG] debug-file - entry : default@SyscapTransform cost memory 0.142852783203125
[2026-04-19T19:25:46.016] [DEBUG] debug-file - runTaskFromQueue task cost before running: 161 ms 
[2026-04-19T19:25:46.016] [INFO] debug-file - Finished :entry:default@SyscapTransform... after 3 ms 
[2026-04-19T19:25:46.017] [DEBUG] debug-file - Executing task :entry:default@ProcessProfile
[2026-04-19T19:25:46.018] [DEBUG] debug-file - Task 'entry:default@ProcessProfile' cost while wrapping incremental declarations: 1 ms 
[2026-04-19T19:25:46.019] [DEBUG] debug-file - Incremental task entry:default@ProcessProfile pre-execution cost: 1 ms .
[2026-04-19T19:25:46.019] [DEBUG] debug-file - entry : default@ProcessProfile cost memory 0.12046051025390625
[2026-04-19T19:25:46.019] [INFO] debug-file - UP-TO-DATE :entry:default@ProcessProfile...  
[2026-04-19T19:25:46.020] [DEBUG] debug-file - Executing task :entry:default@ProcessRouterMap
[2026-04-19T19:25:46.021] [DEBUG] debug-file - Incremental task entry:default@ProcessRouterMap pre-execution cost: 1 ms .
[2026-04-19T19:25:46.021] [DEBUG] debug-file - entry : default@ProcessRouterMap cost memory 0.13332366943359375
[2026-04-19T19:25:46.021] [INFO] debug-file - UP-TO-DATE :entry:default@ProcessRouterMap...  
[2026-04-19T19:25:46.022] [DEBUG] debug-file - Executing task :entry:default@ProcessShareConfig
[2026-04-19T19:25:46.023] [DEBUG] debug-file - Incremental task entry:default@ProcessShareConfig pre-execution cost: 1 ms .
[2026-04-19T19:25:46.023] [DEBUG] debug-file - entry : default@ProcessShareConfig cost memory 0.108856201171875
[2026-04-19T19:25:46.023] [INFO] debug-file - UP-TO-DATE :entry:default@ProcessShareConfig...  
[2026-04-19T19:25:46.025] [DEBUG] debug-file - Executing task :entry:default@ProcessStartupConfig
[2026-04-19T19:25:46.025] [DEBUG] debug-file - Task 'entry:default@ProcessStartupConfig' cost while wrapping incremental declarations: 1 ms 
[2026-04-19T19:25:46.026] [DEBUG] debug-file - entry:default@ProcessStartupConfig is not up-to-date, since the output file 'D:\Harmonyos\Rdb\entry\build\default\intermediates\startup\default\startup_config.json' does not exist.
[2026-04-19T19:25:46.026] [DEBUG] debug-file - Incremental task entry:default@ProcessStartupConfig pre-execution cost: 1 ms .
[2026-04-19T19:25:46.026] [DEBUG] debug-file - entry : default@ProcessStartupConfig cost memory 0.09537506103515625
[2026-04-19T19:25:46.027] [DEBUG] debug-file - runTaskFromQueue task cost before running: 172 ms 
[2026-04-19T19:25:46.027] [INFO] debug-file - Finished :entry:default@ProcessStartupConfig... after 3 ms 
[2026-04-19T19:25:46.028] [DEBUG] debug-file - Executing task :entry:default@BuildNativeWithNinja
[2026-04-19T19:25:46.028] [DEBUG] debug-file - entry : default@BuildNativeWithNinja cost memory 0.01940155029296875
[2026-04-19T19:25:46.029] [DEBUG] debug-file - runTaskFromQueue task cost before running: 174 ms 
[2026-04-19T19:25:46.029] [INFO] debug-file - Finished :entry:default@BuildNativeWithNinja... after 1 ms 
[2026-04-19T19:25:46.030] [DEBUG] debug-file - restool module names: entry; moduleName=entry, taskName=default@ProcessResource
[2026-04-19T19:25:46.031] [DEBUG] debug-file - Executing task :entry:default@ProcessResource
[2026-04-19T19:25:46.031] [DEBUG] debug-file - Task 'entry:default@ProcessResource' cost while wrapping incremental declarations: 1 ms 
[2026-04-19T19:25:46.032] [DEBUG] debug-file - Incremental task entry:default@ProcessResource pre-execution cost: 1 ms .
[2026-04-19T19:25:46.032] [DEBUG] debug-file - entry : default@ProcessResource cost memory 0.122406005859375
[2026-04-19T19:25:46.034] [INFO] debug-file - UP-TO-DATE :entry:default@ProcessResource...  
[2026-04-19T19:25:46.035] [DEBUG] debug-file - Executing task :entry:default@GenerateLoaderJson
[2026-04-19T19:25:46.035] [DEBUG] debug-file - Task 'entry:default@GenerateLoaderJson' cost while wrapping incremental declarations: 1 ms 
[2026-04-19T19:25:46.039] [DEBUG] debug-file - Incremental task entry:default@GenerateLoaderJson pre-execution cost: 3 ms .
[2026-04-19T19:25:46.039] [DEBUG] debug-file - entry : default@GenerateLoaderJson cost memory 0.49352264404296875
[2026-04-19T19:25:46.041] [INFO] debug-file - UP-TO-DATE :entry:default@GenerateLoaderJson...  
[2026-04-19T19:25:46.042] [DEBUG] debug-file - Executing task :entry:default@ProcessLibs
[2026-04-19T19:25:46.044] [DEBUG] debug-file - Incremental task entry:default@ProcessLibs pre-execution cost: 1 ms .
[2026-04-19T19:25:46.044] [DEBUG] debug-file - entry : default@ProcessLibs cost memory 0.1701507568359375
[2026-04-19T19:25:46.044] [INFO] debug-file - UP-TO-DATE :entry:default@ProcessLibs...  
[2026-04-19T19:25:46.045] [DEBUG] debug-file - restool module names: entry; moduleName=entry, taskName=default@CompileResource
[2026-04-19T19:25:46.045] [DEBUG] debug-file - Executing task :entry:default@CompileResource
[2026-04-19T19:25:46.061] [DEBUG] debug-file - Incremental task entry:default@CompileResource pre-execution cost: 15 ms .
[2026-04-19T19:25:46.061] [DEBUG] debug-file - entry : default@CompileResource cost memory -3.827728271484375
[2026-04-19T19:25:46.062] [INFO] debug-file - UP-TO-DATE :entry:default@CompileResource...  
[2026-04-19T19:25:46.063] [DEBUG] debug-file - Executing task :entry:default@DoNativeStrip
[2026-04-19T19:25:46.063] [DEBUG] debug-file - Task 'entry:default@DoNativeStrip' cost while wrapping incremental declarations: 1 ms 
[2026-04-19T19:25:46.063] [DEBUG] debug-file - Incremental task entry:default@DoNativeStrip pre-execution cost: 1 ms .
[2026-04-19T19:25:46.064] [DEBUG] debug-file - entry : default@DoNativeStrip cost memory 0.07166290283203125
[2026-04-19T19:25:46.064] [INFO] debug-file - UP-TO-DATE :entry:default@DoNativeStrip...  
[2026-04-19T19:25:46.064] [DEBUG] debug-file - Executing task :entry:default@CompileArkTS
[2026-04-19T19:25:46.065] [DEBUG] debug-file - obfuscationOptions: undefined
[2026-04-19T19:25:46.066] [DEBUG] debug-file - Task 'entry:default@CompileArkTS' cost while wrapping incremental declarations: 1 ms 
[2026-04-19T19:25:46.072] [DEBUG] debug-file - build config:
[2026-04-19T19:25:46.072] [DEBUG] debug-file - {
  moduleType: 'entry',
  perf: 0,
  targetName: '.default',
  packageManagerType: 'ohpm',
  localPropertiesPath: 'D:\\Harmonyos\\Rdb\\local.properties',
  isPreview: false,
  isOhosTest: false,
  isLocalTest: false,
  buildMode: 'Debug',
  hotReloadBuild: undefined,
  watchMode: 'false',
  aceProfilePath: 'D:\\Harmonyos\\Rdb\\entry\\build\\default\\intermediates\\res\\default\\resources\\base\\profile',
  etsLoaderPath: 'C:\\Program Files\\Huawei\\DevEco Studio\\sdk\\default\\openharmony\\ets\\build-tools\\ets-loader',
  modulePath: 'D:\\Harmonyos\\Rdb\\entry',
  testFrameworkPar: {
    testMode: undefined,
    coveragePathFilter: undefined,
    coverageMode: undefined
  },
  needCoverageInsert: false,
  debugLine: false,
  projectTopDir: 'D:\\Harmonyos\\Rdb',
  compileSdkVersion: 22,
  compatibleSdkVersion: 17,
  originCompatibleSdkVersion: '5.0.5(17)',
  compatibleSdkVersionStage: undefined,
  bundleName: 'c***b',
  etsLoaderVersion: '6.0.2.130',
  etsLoaderReleaseType: 'Release',
  aotCompileMode: 'type',
  apPath: 'D:\\Harmonyos\\Rdb\\entry\\modules.ap',
  entryModuleName: 'entry',
  entryModuleVersion: '1.0.0',
  entryPackageName: 'entry',
  allModuleNameHash: '199d9c189e05aafae23be9098c561ff961e0b37017b028c869204eaf5bb9b356',
  externalApiPaths: [
    'C:\\Program Files\\Huawei\\DevEco Studio\\sdk\\default\\hms\\ets'
  ],
  compilerTypes: [],
  isCrossplatform: false,
  hvigorPluginFile: undefined,
  compilePluginPath: undefined,
  buildGeneratedProfilePath: 'D:\\Harmonyos\\Rdb\\entry\\build\\default\\generated\\profile\\default',
  bundleType: 'app',
  arkTSVersion: undefined,
  apiVersion: 22,
  needCompleteSourcesMap: false,
  isFaMode: false,
  buildDir: 'D:\\Harmonyos\\Rdb\\entry\\build',
  deviceTypes: [ 'phone' ],
  pkgContextInfo: undefined,
  ohPackagePathMap: {},
  dependencyAliasMap: {},
  permission: { requestPermissions: [ [Object] ], definePermissions: undefined },
  useGetCurrentBundleName: false,
  projectArkOption: undefined,
  sourceMapDir: undefined,
  branchElimination: false,
  transformLib: undefined,
  tsImportSendable: false,
  resolveConflictMode: true,
  depName2RootPath: {},
  depName2DepInfo: {},
  rootPathSet: [ 'D:\\Harmonyos\\Rdb' ],
  useNativeResolver: true,
  shouldEmitJs: true,
  useTscResolve: false,
  singleFileEmit: false,
  userProjectConfig: {
    autoLazyImport: false,
    allowEmptyBundleName: false,
    reExportCheckMode: 'noCheck',
    executionMode: 'memory',
    usePathPlaceholder: false,
    writeRollupCache: true,
    isExpandImportEnabled: false,
    expandImportExclude: '',
    lazyImportExclude: '',
    lazyImportInclude: '',
    ignoreCrossplatformCheck: false,
    isHarDeduplicateEnabled: false,
    skipOhModulesLint: false,
    enableStrictCheckOHModule: false,
    disableSendableCheckRules: [],
    useDeclarationFileSignature: false,
    customizedOptions: undefined,
    integratedHsp: false,
    isPreloadSoEnabled: false
  },
  executionMode: 'memory',
  arkCompileCachePath: 'D:\\Harmonyos\\Rdb\\entry\\build\\default\\cache\\default\\default@CompileArkTS\\esmodule',
  autoLazyFilter: undefined,
  isHarDeduplicateEnabled: false,
  intermediateHarDuplicateDirPath: 'D:\\Harmonyos\\Rdb\\entry\\build\\default\\intermediates\\har_duplicate\\default',
  autoLazyImport: false,
  allowEmptyBundleName: false,
  reExportCheckMode: 'noCheck',
  usePathPlaceholder: false,
  writeRollupCache: true,
  isExpandImportEnabled: false,
  expandImportExclude: '',
  lazyImportExclude: '',
  lazyImportInclude: '',
  ignoreCrossplatformCheck: false,
  skipOhModulesLint: false,
  enableStrictCheckOHModule: false,
  disableSendableCheckRules: [],
  useDeclarationFileSignature: false,
  customizedOptions: undefined,
  integratedHsp: false,
  isPreloadSoEnabled: false,
  strictMode: undefined,
  useNormalizedOHMUrl: false,
  caseSensitiveCheck: false,
  aceModuleJsonPath: 'D:\\Harmonyos\\Rdb\\entry\\build\\default\\intermediates\\res\\default\\ark_module.json',
  appResource: 'D:\\Harmonyos\\Rdb\\entry\\build\\default\\intermediates\\res\\default\\ResourceTable.txt',
  rawFileResource: 'D:\\Harmonyos\\Rdb\\entry\\build\\default\\intermediates\\res\\default\\resources\\rawfile',
  resourceTableHash: 'bc30de88bcdc2d48b439b5331438f18f5e6581667fb0e08a149114abb4f3a1a7',
  runtimeOS: 'HarmonyOS',
  sdkInfo: 'false:22:6.0.2.130:Release',
  aceModuleRoot: 'D:\\Harmonyos\\Rdb\\entry\\src\\main\\ets',
  compileMode: 'esmodule',
  aceSuperVisualPath: 'D:\\Harmonyos\\Rdb\\entry\\src\\main\\supervisual',
  aceBuildJson: 'D:\\Harmonyos\\Rdb\\entry\\build\\default\\intermediates\\loader\\default\\loader.json',
  cachePath: 'D:\\Harmonyos\\Rdb\\entry\\build\\default\\cache\\default\\default@CompileArkTS\\esmodule\\debug',
  aceModuleBuild: 'D:\\Harmonyos\\Rdb\\entry\\build\\default\\intermediates\\loader_out\\default\\ets',
  supportChunks: true,
  declaredFilesPath: undefined,
  shouldCollectDirectImportees: false,
  isByteCodeHarOptimize: false,
  expandImportPath: undefined,
  pkgNameToPkgBriefInfo: {
    '@ohos/mpchart': {
      pkgRoot: 'D:\\Harmonyos\\Rdb\\oh_modules\\.ohpm\\@ohos+mpchart@3.0.27\\oh_modules\\@ohos\\mpchart',
      pkgName: '@ohos/mpchart',
      sourceRoots: [Array]
    },
    entry: {
      pkgRoot: 'D:\\Harmonyos\\Rdb\\entry',
      originalSourceRoots: undefined,
      sourceRoots: [Array],
      pkgName: 'entry'
    }
  },
  projectModel: {
    'D:\\Harmonyos\\Rdb\\entry\\src\\main': {
      moduleName: 'entry',
      modulePkgPath: 'D:\\Harmonyos\\Rdb\\entry',
      belongProjectPath: 'D:\\Harmonyos\\Rdb'
    },
    'D:\\Harmonyos\\Rdb\\entry': {
      moduleName: 'entry',
      modulePkgPath: 'D:\\Harmonyos\\Rdb\\entry',
      belongProjectPath: 'D:\\Harmonyos\\Rdb'
    },
    'D:\\Harmonyos\\Rdb': {
      moduleName: 'Rdb',
      modulePkgPath: 'D:\\Harmonyos\\Rdb',
      belongProjectPath: 'D:\\Harmonyos\\Rdb'
    }
  },
  pkgJsonFileHash: 'd56bf149d8241d4d0c1ae430fabb9fa7e929fed90b32548bd9094ede2f766d24',
  allModulePaths: [ 'D:\\Harmonyos\\Rdb\\entry' ],
  routerMap: {},
  obfuscationOptions: undefined,
  byteCodeHarToDependencyKeys: undefined,
  compileBlockPkg: [],
  mockParams: {
    decorator: '@MockSetup',
    packageName: '@ohos/hamock',
    etsSourceRootPath: 'src/main/ets',
    mockConfigPath: undefined,
    mockConfigKey2ModuleInfo: {},
    source2ModuleIdMap: {}
  },
  copyCodeResourceEnable: true,
  copyCodeResourceExcludes: [],
  copyCodeResourceIncludes: undefined,
  uiTransformOptimization: false,
  sdkPath: 'C:/Program Files/Huawei/DevEco Studio/sdk',
  needPreloadSoFileSet: {},
  preloadSoFilePath: 'D:\\Harmonyos\\Rdb\\entry\\build\\default\\intermediates\\preload\\default\\preload.json',
  useSourceHash: false,
  localModuleParamMap: {},
  otherPaths: {
    '@ohos/mpchart/*': [
      '..\\..\\..\\..\\oh_modules\\.ohpm\\@ohos+mpchart@3.0.27\\oh_modules\\@ohos\\mpchart\\src\\main\\*'
    ],
    'entry/*': [
      '..\\*',
      '..\\..\\..\\build\\default\\generated\\profile\\default\\*'
    ]
  },
  collectImportersConfig: undefined
}
[2026-04-19T19:25:46.072] [DEBUG] debug-file - Compile arkts with external api path: C:\Program Files\Huawei\DevEco Studio\sdk\default\hms\ets
[2026-04-19T19:25:46.072] [DEBUG] debug-file - default@CompileArkTS work[10] is submitted.
[2026-04-19T19:25:46.073] [DEBUG] debug-file - default@CompileArkTS work[10] is pushed to ready queue.
[2026-04-19T19:25:46.073] [DEBUG] debug-file - A work dispatched to worker[17] failed because unable to get work from ready queue.
[2026-04-19T19:25:46.073] [DEBUG] debug-file - A work dispatched to worker[16] failed because unable to get work from ready queue.
[2026-04-19T19:25:46.073] [DEBUG] debug-file - A work dispatched to worker[15] failed because unable to get work from ready queue.
[2026-04-19T19:25:46.073] [DEBUG] debug-file - A work dispatched to worker[14] failed because unable to get work from ready queue.
[2026-04-19T19:25:46.073] [DEBUG] debug-file - A work dispatched to worker[13] failed because unable to get work from ready queue.
[2026-04-19T19:25:46.073] [DEBUG] debug-file - A work dispatched to worker[12] failed because unable to get work from ready queue.
[2026-04-19T19:25:46.073] [DEBUG] debug-file - A work dispatched to worker[11] failed because unable to get work from ready queue.
[2026-04-19T19:25:46.073] [DEBUG] debug-file - A work dispatched to worker[10] failed because unable to get work from ready queue.
[2026-04-19T19:25:46.073] [DEBUG] debug-file - A work dispatched to worker[9] failed because unable to get work from ready queue.
[2026-04-19T19:25:46.073] [DEBUG] debug-file - A work dispatched to worker[8] failed because unable to get work from ready queue.
[2026-04-19T19:25:46.073] [DEBUG] debug-file - A work dispatched to worker[7] failed because unable to get work from ready queue.
[2026-04-19T19:25:46.073] [DEBUG] debug-file - A work dispatched to worker[6] failed because unable to get work from ready queue.
[2026-04-19T19:25:46.073] [DEBUG] debug-file - A work dispatched to worker[5] failed because unable to get work from ready queue.
[2026-04-19T19:25:46.073] [DEBUG] debug-file - default@CompileArkTS work[10] has been dispatched to worker[4].
[2026-04-19T19:25:46.073] [DEBUG] debug-file - default@CompileArkTS work[10] is dispatched.
[2026-04-19T19:25:46.073] [DEBUG] debug-file - CopyResources startTime: 323348017014300
[2026-04-19T19:25:46.074] [DEBUG] debug-file - default@CompileArkTS work[11] is submitted.
[2026-04-19T19:25:46.074] [DEBUG] debug-file - default@CompileArkTS work[11] is pushed to ready queue.
[2026-04-19T19:25:46.074] [DEBUG] debug-file - A work dispatched to worker[17] failed because unable to get work from ready queue.
[2026-04-19T19:25:46.074] [DEBUG] debug-file - Create  resident worker with id: 16.
[2026-04-19T19:25:46.075] [DEBUG] debug-file - default@CompileArkTS work[11] has been dispatched to worker[16].
[2026-04-19T19:25:46.075] [DEBUG] debug-file - default@CompileArkTS work[11] is dispatched.
[2026-04-19T19:25:46.075] [DEBUG] debug-file - entry : default@CompileArkTS cost memory 1.1776962280273438
[2026-04-19T19:25:46.076] [DEBUG] debug-file - Executing task :entry:default@BuildJS
[2026-04-19T19:25:46.077] [DEBUG] debug-file - Task 'entry:default@BuildJS' cost while wrapping incremental declarations: 1 ms 
[2026-04-19T19:25:46.078] [DEBUG] debug-file - entry : default@BuildJS cost memory 0.1448822021484375
[2026-04-19T19:25:46.078] [DEBUG] debug-file - runTaskFromQueue task cost before running: 223 ms 
[2026-04-19T19:25:46.078] [INFO] debug-file - Finished :entry:default@BuildJS... after 2 ms 
[2026-04-19T19:25:46.079] [DEBUG] debug-file - Executing task :entry:default@CacheNativeLibs
[2026-04-19T19:25:46.079] [DEBUG] debug-file - Task 'entry:default@CacheNativeLibs' cost while wrapping incremental declarations: 1 ms 
[2026-04-19T19:25:46.080] [DEBUG] debug-file - Incremental task entry:default@CacheNativeLibs pre-execution cost: 1 ms .
[2026-04-19T19:25:46.080] [DEBUG] debug-file - entry : default@CacheNativeLibs cost memory 0.08374786376953125
[2026-04-19T19:25:46.080] [INFO] debug-file - UP-TO-DATE :entry:default@CacheNativeLibs...  
[2026-04-19T19:25:46.965] [DEBUG] debug-file - worker[16] has one work done.
[2026-04-19T19:25:46.966] [DEBUG] debug-file - CopyResources is end, endTime: 323348909277300
[2026-04-19T19:25:46.966] [DEBUG] debug-file - default@CompileArkTS work[11] done.
[2026-04-19T19:25:46.966] [DEBUG] debug-file - A work dispatched to worker[16] failed because unable to get work from ready queue.
[2026-04-19T19:25:46.998] [DEBUG] debug-file - worker[4] has one work done.
[2026-04-19T19:25:46.998] [DEBUG] debug-file - Ark compile task finished.finished time is 323348941230600
[2026-04-19T19:25:47.000] [DEBUG] debug-file - default@CompileArkTS work[10] done.
[2026-04-19T19:25:47.000] [DEBUG] debug-file - A work dispatched to worker[4] failed because unable to get work from ready queue.
[2026-04-19T19:25:47.002] [INFO] debug-file - Finished :entry:default@CompileArkTS... after 934 ms 
[2026-04-19T19:25:47.003] [DEBUG] debug-file - Executing task :entry:default@GeneratePkgModuleJson
[2026-04-19T19:25:47.003] [DEBUG] debug-file - File: 'D:\Harmonyos\Rdb\entry\build\default\intermediates\preload\default\preload.json' from 'preloadSoJsonPath' is not exists, just ignore.
[2026-04-19T19:25:47.004] [DEBUG] debug-file - Error occurs while handling @Input 'shouldDeduplicateHar': The "data" argument must be of type string or an instance of Buffer, TypedArray, or DataView. Received undefined
[2026-04-19T19:25:47.004] [DEBUG] debug-file - Task 'entry:default@GeneratePkgModuleJson' cost while wrapping incremental declarations: 1 ms 
[2026-04-19T19:25:47.006] [DEBUG] debug-file - Incremental task entry:default@GeneratePkgModuleJson pre-execution cost: 2 ms .
[2026-04-19T19:25:47.006] [DEBUG] debug-file - entry : default@GeneratePkgModuleJson cost memory 0.12992095947265625
[2026-04-19T19:25:47.006] [INFO] debug-file - UP-TO-DATE :entry:default@GeneratePkgModuleJson...  
[2026-04-19T19:25:47.008] [DEBUG] debug-file - Executing task :entry:default@ProcessCompiledResources
[2026-04-19T19:25:47.008] [DEBUG] debug-file - File: 'D:\Harmonyos\Rdb\entry\build\default\intermediates\preload\default\preload.json' from 'preloadSoJsonPath' is not exists, just ignore.
[2026-04-19T19:25:47.009] [DEBUG] debug-file - Task 'entry:default@ProcessCompiledResources' cost while wrapping incremental declarations: 1 ms 
[2026-04-19T19:25:47.009] [DEBUG] debug-file - entry : default@ProcessCompiledResources cost memory 0.05515289306640625
[2026-04-19T19:25:47.010] [DEBUG] debug-file - runTaskFromQueue task cost before running: 1 s 155 ms 
[2026-04-19T19:25:47.010] [INFO] debug-file - Finished :entry:default@ProcessCompiledResources... after 2 ms 
[2026-04-19T19:25:47.013] [DEBUG] debug-file - Executing task :entry:default@PackageHap
[2026-04-19T19:25:47.018] [DEBUG] debug-file - entry:default@PackageHap is not up-to-date, since the input file 'D:\Harmonyos\Rdb\entry\build\default\intermediates\loader_out\default\ets' has been changed.
[2026-04-19T19:25:47.018] [DEBUG] debug-file - Incremental task entry:default@PackageHap pre-execution cost: 5 ms .
[2026-04-19T19:25:47.019] [DEBUG] debug-file - Use tool [C:\Program Files\Huawei\DevEco Studio\sdk\default\openharmony\toolchains\lib\app_packing_tool.jar]
 [
  'java',
  '-Dfile.encoding=GBK',
  '-jar',
  'C:\\Program Files\\Huawei\\DevEco Studio\\sdk\\default\\openharmony\\toolchains\\lib\\app_packing_tool.jar',
  '--mode',
  'hap',
  '--force',
  'true',
  '--lib-path',
  'D:\\Harmonyos\\Rdb\\entry\\build\\default\\intermediates\\stripped_native_libs\\default',
  '--json-path',
  'D:\\Harmonyos\\Rdb\\entry\\build\\default\\intermediates\\package\\default\\module.json',
  '--resources-path',
  'D:\\Harmonyos\\Rdb\\entry\\build\\default\\intermediates\\res\\default\\resources',
  '--index-path',
  'D:\\Harmonyos\\Rdb\\entry\\build\\default\\intermediates\\res\\default\\resources.index',
  '--pack-info-path',
  'D:\\Harmonyos\\Rdb\\entry\\build\\default\\outputs\\default\\pack.info',
  '--out-path',
  'D:\\Harmonyos\\Rdb\\entry\\build\\default\\outputs\\default\\entry-default-unsigned.hap',
  '--ets-path',
  'D:\\Harmonyos\\Rdb\\entry\\build\\default\\intermediates\\loader_out\\default\\ets'
]
[2026-04-19T19:25:47.076] [DEBUG] debug-file - java daemon socket received message:{"code":0,"message":"pack success"}
[2026-04-19T19:25:47.081] [DEBUG] debug-file - entry : default@PackageHap cost memory 0.7947921752929688
[2026-04-19T19:25:47.081] [DEBUG] debug-file - runTaskFromQueue task cost before running: 1 s 226 ms 
[2026-04-19T19:25:47.083] [INFO] debug-file - Finished :entry:default@PackageHap... after 69 ms 
[2026-04-19T19:25:47.086] [DEBUG] debug-file - Executing task :entry:default@PackingCheck
[2026-04-19T19:25:47.094] [DEBUG] debug-file - entry : default@PackingCheck cost memory 0.495452880859375
[2026-04-19T19:25:47.095] [DEBUG] debug-file - runTaskFromQueue task cost before running: 1 s 240 ms 
[2026-04-19T19:25:47.095] [INFO] debug-file - Finished :entry:default@PackingCheck... after 9 ms 
[2026-04-19T19:25:47.097] [DEBUG] debug-file - Executing task :entry:default@SignHap
[2026-04-19T19:25:47.098] [WARN] debug-file - Will skip sign 'hos_hap'. No signingConfigs profile is configured in current project.
             If needed, configure the signingConfigs in D:\Harmonyos\Rdb\build-profile.json5.
[2026-04-19T19:25:47.099] [DEBUG] debug-file - entry:default@SignHap is not up-to-date, since the input file 'D:\Harmonyos\Rdb\entry\build\default\outputs\default\entry-default-unsigned.hap' has been changed.
[2026-04-19T19:25:47.099] [DEBUG] debug-file - Incremental task entry:default@SignHap pre-execution cost: 1 ms .
[2026-04-19T19:25:47.100] [DEBUG] debug-file - entry : default@SignHap cost memory 0.08333587646484375
[2026-04-19T19:25:47.100] [DEBUG] debug-file - runTaskFromQueue task cost before running: 1 s 245 ms 
[2026-04-19T19:25:47.101] [INFO] debug-file - Finished :entry:default@SignHap... after 3 ms 
[2026-04-19T19:25:47.103] [DEBUG] debug-file - Executing task :entry:default@CollectDebugSymbol
[2026-04-19T19:25:47.105] [DEBUG] debug-file - entry : default@CollectDebugSymbol cost memory 0.07855224609375
[2026-04-19T19:25:47.105] [DEBUG] debug-file - runTaskFromQueue task cost before running: 1 s 250 ms 
[2026-04-19T19:25:47.105] [INFO] debug-file - Finished :entry:default@CollectDebugSymbol... after 2 ms 
[2026-04-19T19:25:47.106] [DEBUG] debug-file - Executing task :entry:assembleHap
[2026-04-19T19:25:47.106] [DEBUG] debug-file - entry : assembleHap cost memory 0.0122528076171875
[2026-04-19T19:25:47.106] [DEBUG] debug-file - runTaskFromQueue task cost before running: 1 s 251 ms 
[2026-04-19T19:25:47.106] [INFO] debug-file - Finished :entry:assembleHap... after 1 ms 
[2026-04-19T19:25:47.124] [INFO] debug-file - BUILD SUCCESSFUL in 1 s 268 ms 
[2026-04-19T19:25:47.124] [DEBUG] debug-file - There is no need to refresh cache, since the incremental task entry:default@PreBuild is up-to-date.
[2026-04-19T19:25:47.125] [DEBUG] debug-file - Update task entry:default@CreateModuleInfo output file:D:\Harmonyos\Rdb\entry\build\default\generated\profile\default\ModuleInfo.ts cache.
[2026-04-19T19:25:47.125] [DEBUG] debug-file - Incremental task entry:default@CreateModuleInfo post-execution cost:1 ms .
[2026-04-19T19:25:47.125] [DEBUG] debug-file - There is no need to refresh cache, since the incremental task entry:default@GenerateMetadata is up-to-date.
[2026-04-19T19:25:47.125] [DEBUG] debug-file - There is no need to refresh cache, since the incremental task entry:default@MergeProfile is up-to-date.
[2026-04-19T19:25:47.125] [DEBUG] debug-file - There is no need to refresh cache, since the incremental task entry:default@CreateBuildProfile is up-to-date.
[2026-04-19T19:25:47.125] [DEBUG] debug-file - Update task entry:default@GeneratePkgContextInfo output file:D:\Harmonyos\Rdb\entry\build\default\intermediates\loader\default\pkgContextInfo.json cache.
[2026-04-19T19:25:47.126] [DEBUG] debug-file - Incremental task entry:default@GeneratePkgContextInfo post-execution cost:1 ms .
[2026-04-19T19:25:47.126] [DEBUG] debug-file - Update task entry:default@ProcessIntegratedHsp output file:D:\Harmonyos\Rdb\build\cache\default\integrated_hsp\integratedHspCache.json cache.
[2026-04-19T19:25:47.126] [DEBUG] debug-file - Incremental task entry:default@ProcessIntegratedHsp post-execution cost:1 ms .
[2026-04-19T19:25:47.126] [DEBUG] debug-file - There is no need to refresh cache, since the incremental task entry:default@MakePackInfo is up-to-date.
[2026-04-19T19:25:47.126] [DEBUG] debug-file - Update task entry:default@SyscapTransform input file:C:\Program Files\Huawei\DevEco Studio\sdk\default\openharmony\toolchains\syscap_tool.exe cache by regenerate.
[2026-04-19T19:25:47.126] [DEBUG] debug-file - Update task entry:default@SyscapTransform input file:C:\Program Files\Huawei\DevEco Studio\sdk\default\openharmony\ets\api\device-define cache by regenerate.
[2026-04-19T19:25:47.127] [DEBUG] debug-file - Update task entry:default@SyscapTransform output file:D:\Harmonyos\Rdb\entry\build\default\intermediates\syscap\default\rpcid.sc cache.
[2026-04-19T19:25:47.128] [DEBUG] debug-file - Incremental task entry:default@SyscapTransform post-execution cost:2 ms .
[2026-04-19T19:25:47.128] [DEBUG] debug-file - There is no need to refresh cache, since the incremental task entry:default@ProcessProfile is up-to-date.
[2026-04-19T19:25:47.128] [DEBUG] debug-file - There is no need to refresh cache, since the incremental task entry:default@ProcessRouterMap is up-to-date.
[2026-04-19T19:25:47.128] [DEBUG] debug-file - There is no need to refresh cache, since the incremental task entry:default@ProcessShareConfig is up-to-date.
[2026-04-19T19:25:47.128] [DEBUG] debug-file - Update task entry:default@ProcessStartupConfig output file:D:\Harmonyos\Rdb\entry\build\default\intermediates\startup\default\startup_config.json cache.
[2026-04-19T19:25:47.128] [DEBUG] debug-file - Incremental task entry:default@ProcessStartupConfig post-execution cost:1 ms .
[2026-04-19T19:25:47.129] [DEBUG] debug-file - There is no need to refresh cache, since the incremental task entry:default@ProcessResource is up-to-date.
[2026-04-19T19:25:47.129] [DEBUG] debug-file - There is no need to refresh cache, since the incremental task entry:default@GenerateLoaderJson is up-to-date.
[2026-04-19T19:25:47.129] [DEBUG] debug-file - There is no need to refresh cache, since the incremental task entry:default@ProcessLibs is up-to-date.
[2026-04-19T19:25:47.129] [DEBUG] debug-file - There is no need to refresh cache, since the incremental task entry:default@CompileResource is up-to-date.
[2026-04-19T19:25:47.129] [DEBUG] debug-file - There is no need to refresh cache, since the incremental task entry:default@DoNativeStrip is up-to-date.
[2026-04-19T19:25:47.131] [DEBUG] debug-file - Update task entry:default@CompileArkTS input file:D:\Harmonyos\Rdb\entry\build\default\intermediates\loader\default cache by regenerate.
[2026-04-19T19:25:47.131] [DEBUG] debug-file - Update task entry:default@CompileArkTS input file:D:\Harmonyos\Rdb\oh_modules\.ohpm\@ohos+mpchart@3.0.27\oh_modules\@ohos\mpchart\index.ets cache by regenerate.
[2026-04-19T19:25:47.132] [DEBUG] debug-file - Update task entry:default@CompileArkTS input file:D:\Harmonyos\Rdb\oh_modules\.ohpm\@ohos+mpchart@3.0.27\oh_modules\@ohos\mpchart\src\main\ets cache by regenerate.
[2026-04-19T19:25:47.166] [DEBUG] debug-file - Update task entry:default@CompileArkTS input file:D:\Harmonyos\Rdb\entry\build\default\intermediates\res\default\resources\rawfile cache by regenerate.
[2026-04-19T19:25:47.170] [DEBUG] debug-file - Update task entry:default@CompileArkTS input file:D:\Harmonyos\Rdb\entry\build\default\intermediates\res\default\ResourceTable.txt cache by regenerate.
[2026-04-19T19:25:47.171] [DEBUG] debug-file - Update task entry:default@CompileArkTS input file:D:\Harmonyos\Rdb\entry\build\default\intermediates\res\default\ark_module.json cache by regenerate.
[2026-04-19T19:25:47.171] [DEBUG] debug-file - Update task entry:default@CompileArkTS input file:D:\Harmonyos\Rdb\entry\build\default\intermediates\res\default\resources\base\profile cache by regenerate.
[2026-04-19T19:25:47.172] [DEBUG] debug-file - Update task entry:default@CompileArkTS input file:D:\Harmonyos\Rdb\entry\src\main\ets cache by regenerate.
[2026-04-19T19:25:47.174] [DEBUG] debug-file - Update task entry:default@CompileArkTS input file:D:\Harmonyos\Rdb\entry\build\default\generated\profile\default\BuildProfile.ets cache by regenerate.
[2026-04-19T19:25:47.175] [DEBUG] debug-file - Update task entry:default@CompileArkTS output file:D:\Harmonyos\Rdb\entry\build\default\intermediates\loader_out\default\ets cache.
[2026-04-19T19:25:47.176] [DEBUG] debug-file - Incremental task entry:default@CompileArkTS post-execution cost:47 ms .
[2026-04-19T19:25:47.177] [DEBUG] debug-file - Update task entry:default@BuildJS input file:D:\Harmonyos\Rdb\entry\build\default\intermediates\loader\default cache by regenerate.
[2026-04-19T19:25:47.178] [DEBUG] debug-file - Update task entry:default@BuildJS input file:D:\Harmonyos\Rdb\oh_modules\.ohpm\@ohos+mpchart@3.0.27\oh_modules\@ohos\mpchart\index.ets cache by regenerate.
[2026-04-19T19:25:47.178] [DEBUG] debug-file - Update task entry:default@BuildJS input file:D:\Harmonyos\Rdb\entry\build\default\intermediates\res\default\resources\rawfile cache by regenerate.
[2026-04-19T19:25:47.180] [DEBUG] debug-file - Update task entry:default@BuildJS input file:D:\Harmonyos\Rdb\entry\build\default\intermediates\res\default\ResourceTable.txt cache by regenerate.
[2026-04-19T19:25:47.180] [DEBUG] debug-file - Update task entry:default@BuildJS input file:D:\Harmonyos\Rdb\entry\build\default\intermediates\res\default\ark_module.json cache by regenerate.
[2026-04-19T19:25:47.180] [DEBUG] debug-file - Update task entry:default@BuildJS input file:D:\Harmonyos\Rdb\entry\build\default\intermediates\res\default\resources\base\profile cache by regenerate.
[2026-04-19T19:25:47.181] [DEBUG] debug-file - Update task entry:default@BuildJS output file:D:\Harmonyos\Rdb\entry\build\default\intermediates\loader_out\default\js cache.
[2026-04-19T19:25:47.182] [DEBUG] debug-file - Incremental task entry:default@BuildJS post-execution cost:6 ms .
[2026-04-19T19:25:47.182] [DEBUG] debug-file - There is no need to refresh cache, since the incremental task entry:default@CacheNativeLibs is up-to-date.
[2026-04-19T19:25:47.182] [DEBUG] debug-file - There is no need to refresh cache, since the incremental task entry:default@GeneratePkgModuleJson is up-to-date.
[2026-04-19T19:25:47.182] [DEBUG] debug-file - Incremental task entry:default@ProcessCompiledResources post-execution cost:1 ms .
[2026-04-19T19:25:47.183] [DEBUG] debug-file - Update task entry:default@PackageHap input file:D:\Harmonyos\Rdb\entry\build\default\intermediates\stripped_native_libs\default cache by regenerate.
[2026-04-19T19:25:47.184] [DEBUG] debug-file - Update task entry:default@PackageHap input file:D:\Harmonyos\Rdb\entry\build\default\intermediates\res\default\module.json cache by regenerate.
[2026-04-19T19:25:47.184] [DEBUG] debug-file - Update task entry:default@PackageHap input file:D:\Harmonyos\Rdb\entry\build\default\intermediates\res\default\resources cache by regenerate.
[2026-04-19T19:25:47.188] [DEBUG] debug-file - Update task entry:default@PackageHap input file:D:\Harmonyos\Rdb\entry\build\default\intermediates\res\default\resources.index cache by regenerate.
[2026-04-19T19:25:47.188] [DEBUG] debug-file - Update task entry:default@PackageHap input file:D:\Harmonyos\Rdb\entry\build\default\outputs\default\pack.info cache by regenerate.
[2026-04-19T19:25:47.188] [DEBUG] debug-file - Update task entry:default@PackageHap input file:D:\Harmonyos\Rdb\entry\build\default\intermediates\loader_out\default\ets cache from map.
[2026-04-19T19:25:47.188] [DEBUG] debug-file - Update task entry:default@PackageHap input file:D:\Harmonyos\Rdb\entry\build\default\intermediates\loader_out\default\ets\sourceMaps.map cache by regenerate.
[2026-04-19T19:25:47.188] [DEBUG] debug-file - Update task entry:default@PackageHap input file:D:\Harmonyos\Rdb\entry\build\default\generated\profile\default\BuildProfile.ets cache by regenerate.
[2026-04-19T19:25:47.189] [DEBUG] debug-file - Update task entry:default@PackageHap output file:D:\Harmonyos\Rdb\entry\build\default\outputs\default\entry-default-unsigned.hap cache.
[2026-04-19T19:25:47.189] [DEBUG] debug-file - Update task entry:default@PackageHap output file:D:\Harmonyos\Rdb\entry\build\default\intermediates\source_map\default\sourceMaps.map cache.
[2026-04-19T19:25:47.189] [DEBUG] debug-file - Update task entry:default@PackageHap output file:D:\Harmonyos\Rdb\entry\build\default\outputs\default\mapping\sourceMaps.map cache.
[2026-04-19T19:25:47.190] [DEBUG] debug-file - Incremental task entry:default@PackageHap post-execution cost:8 ms .
[2026-04-19T19:25:47.190] [DEBUG] debug-file - Update task entry:default@SignHap input file:D:\Harmonyos\Rdb\entry\build\default\outputs\default\entry-default-unsigned.hap cache from map.
[2026-04-19T19:25:47.190] [DEBUG] debug-file - Update task entry:default@SignHap output file:D:\Harmonyos\Rdb\entry\build\default\outputs\default\entry-default-signed.hap cache.
[2026-04-19T19:25:47.191] [DEBUG] debug-file - Incremental task entry:default@SignHap post-execution cost:1 ms .
[2026-04-19T19:25:47.191] [DEBUG] debug-file - Update task entry:default@CollectDebugSymbol input file:D:\Harmonyos\Rdb\entry\build\default\intermediates\loader_out\default\ets\sourceMaps.map cache by regenerate.
[2026-04-19T19:25:47.191] [DEBUG] debug-file - Update task entry:default@CollectDebugSymbol input file:D:\Harmonyos\Rdb\entry\build\default\intermediates\libs\default cache by regenerate.
[2026-04-19T19:25:47.192] [DEBUG] debug-file - Update task entry:default@CollectDebugSymbol output file:D:\Harmonyos\Rdb\entry\build\default\outputs\default\symbol cache.
[2026-04-19T19:25:47.192] [DEBUG] debug-file - Incremental task entry:default@CollectDebugSymbol post-execution cost:2 ms .
[2026-04-19T19:25:47.226] [DEBUG] debug-file - Cleanup worker 16.
[2026-04-19T19:25:47.226] [DEBUG] debug-file - Worker 16 has been cleaned up.
[2026-04-19T19:25:47.226] [DEBUG] debug-file - Current idle worker size: 1.
[2026-04-19T19:25:47.226] [DEBUG] debug-file - Current resident worker size: 2.
[2026-04-19T19:25:47.227] [DEBUG] debug-file - hvigor build process will be closed.
[2026-04-19T19:25:47.228] [DEBUG] debug-file - java daemon socket close code:1000 reason:close by user
[2026-04-19T19:25:47.236] [DEBUG] debug-file - session manager: send message to worker process.
[2026-04-19T19:25:47.236] [DEBUG] debug-file - session manager: send message to worker process.
[2026-04-19T19:25:47.240] [DEBUG] debug-file - worker[16] exits with exit code 1.
[2026-04-19T19:25:47.242] [DEBUG] debug-file - watch worker: worker id should be larger than 0. Nothing will be sent to any worker thread.
[2026-04-19T19:25:47.243] [DEBUG] debug-file - watch worker: worker id should be larger than 0. Nothing will be sent to any worker thread.
[2026-04-19T19:32:40.510] [DEBUG] debug-file - session manager: set active socket. socketId=bqIZrphfFX0szS76AAAP
[2026-04-19T19:32:40.527] [DEBUG] debug-file - watch worker: worker id should be larger than 0. Nothing will be sent to any worker thread.
[2026-04-19T19:32:40.533] [DEBUG] debug-file - Workers' log level updated to INFO
[2026-04-19T19:32:40.540] [DEBUG] debug-file - Hvigor init with startParameters:{
  hvigorfileTypeCheck: false,
  parallelExecution: true,
  incrementalExecution: true,
  printStackTrace: false,
  daemon: true,
  analyze: 0,
  logLevel: Level { level: 20000, levelStr: 'INFO', colour: 'green' },
  optimizationStrategy: 'memory',
  hotCompile: undefined,
  hotReloadBuild: undefined,
  customizedParam: undefined
}
[2026-04-19T19:32:40.545] [DEBUG] debug-file - Cache service initialization finished in 5 ms 
[2026-04-19T19:32:40.547] [DEBUG] debug-file - hvigorfile, resolving D:\Harmonyos\Rdb\hvigorfile.ts
[2026-04-19T19:32:40.609] [DEBUG] debug-file - hvigorfile, require result:  {}
[2026-04-19T19:32:40.609] [DEBUG] debug-file - hvigorfile, binding system plugins {}
[2026-04-19T19:32:40.611] [DEBUG] debug-file - Starting plugin build process
[2026-04-19T19:32:40.611] [DEBUG] debug-file - App plugin prepare start...
[2026-04-19T19:32:40.611] [DEBUG] debug-file - App plugin prepare end...
[2026-04-19T19:32:40.611] [DEBUG] debug-file - App plugin creating...
[2026-04-19T19:32:40.625] [DEBUG] debug-file - App plugin register hook start...
[2026-04-19T19:32:40.625] [DEBUG] debug-file - App plugin register hook end...
[2026-04-19T19:32:40.625] [DEBUG] debug-file - Plugin build process completed
[2026-04-19T19:32:40.626] [DEBUG] debug-file - Start initialize project's product build option map with build mode debug.
[2026-04-19T19:32:40.626] [DEBUG] debug-file - Picking option from product 'default' with build mode 'debug'.
[2026-04-19T19:32:40.627] [DEBUG] debug-file - Product 'default' build option initialized
[2026-04-19T19:32:40.627] [DEBUG] debug-file - End initialize project's product build option map with build mode 'debug'.
[2026-04-19T19:32:40.628] [DEBUG] debug-file - Obtain build option for product 'default'in this build.
[2026-04-19T19:32:40.630] [DEBUG] debug-file - No signingConfig found, initRemoteHspCache failed.
[2026-04-19T19:32:40.634] [DEBUG] debug-file - Start recording SDK configuration permission data.
[2026-04-19T19:32:40.659] [DEBUG] debug-file - Sdk init in 28 ms 
[2026-04-19T19:32:40.665] [DEBUG] debug-file - Project task initialization takes 5 ms 
[2026-04-19T19:32:40.665] [DEBUG] debug-file - hvigorfile, resolve finished D:\Harmonyos\Rdb\hvigorfile.ts
[2026-04-19T19:32:40.666] [DEBUG] debug-file - hvigorfile, resolving D:\Harmonyos\Rdb\entry\hvigorfile.ts
[2026-04-19T19:32:40.669] [DEBUG] debug-file - hvigorfile, require result:  {}
[2026-04-19T19:32:40.669] [DEBUG] debug-file - hvigorfile, binding system plugins {}
[2026-04-19T19:32:40.669] [DEBUG] debug-file - Starting plugin build process
[2026-04-19T19:32:40.669] [DEBUG] debug-file - Hap plugin creating...
[2026-04-19T19:32:40.671] [DEBUG] debug-file - failed to load cangjie to dynamically generate schemas: Error: Cannot find module '@ohos/cangjie-build-support/index'
Require stack:
- C:\Program Files\Huawei\DevEco Studio\tools\hvigor\hvigor-ohos-plugin\src\plugin\hooks\cangjie-register.js
- C:\Program Files\Huawei\DevEco Studio\tools\hvigor\hvigor-ohos-plugin\src\plugin\strategy\stage-init-strategy.js
- C:\Program Files\Huawei\DevEco Studio\tools\hvigor\hvigor-ohos-plugin\src\plugin\builder\abstract-plugin-builder.js
- C:\Program Files\Huawei\DevEco Studio\tools\hvigor\hvigor-ohos-plugin\src\plugin\builder\app-plugin-builder.js
- C:\Program Files\Huawei\DevEco Studio\tools\hvigor\hvigor-ohos-plugin\src\plugin\factory\plugin-factory.js
- C:\Program Files\Huawei\DevEco Studio\tools\hvigor\hvigor-ohos-plugin\index.js
- D:\Harmonyos\Rdb\hvigorfile.ts
- C:\Program Files\Huawei\DevEco Studio\tools\hvigor\hvigor\src\base\internal\lifecycle\configuration.js
- C:\Program Files\Huawei\DevEco Studio\tools\hvigor\hvigor\src\base\boot\index.js
- C:\Program Files\Huawei\DevEco Studio\tools\hvigor\hvigor\src\base\daemon\cluster\worker-process-lifecycle.js
- C:\Program Files\Huawei\DevEco Studio\tools\hvigor\hvigor\src\base\daemon\process\daemon-process-boot-script.js
[2026-04-19T19:32:40.679] [DEBUG] debug-file - Start initialize module-target build option map, moduleName=entry, buildMode=release
[2026-04-19T19:32:40.679] [DEBUG] debug-file - Target 'default' config initialized
[2026-04-19T19:32:40.680] [DEBUG] debug-file - Module 'entry' target 'default' build option initialized
[2026-04-19T19:32:40.680] [DEBUG] debug-file - End initialize module-target build option map, moduleName=entry
[2026-04-19T19:32:40.680] [DEBUG] debug-file - Start initialize module-target build option map, moduleName=entry, buildMode=debug
[2026-04-19T19:32:40.681] [DEBUG] debug-file - Target 'default' config initialized
[2026-04-19T19:32:40.681] [DEBUG] debug-file - Module 'entry' target 'default' build option initialized
[2026-04-19T19:32:40.681] [DEBUG] debug-file - End initialize module-target build option map, moduleName=entry
[2026-04-19T19:32:40.681] [DEBUG] debug-file - Start initialize module-target build option map, moduleName=entry, buildMode=debug
[2026-04-19T19:32:40.681] [DEBUG] debug-file - Target 'default' config initialized
[2026-04-19T19:32:40.681] [DEBUG] debug-file - Module 'entry' target 'default' build option initialized
[2026-04-19T19:32:40.681] [DEBUG] debug-file - End initialize module-target build option map, moduleName=entry
[2026-04-19T19:32:40.682] [DEBUG] debug-file - Obtain build option for module 'entry' target 'default'in this build.
[2026-04-19T19:32:40.687] [DEBUG] debug-file - Module entry task initialization takes 4 ms 
[2026-04-19T19:32:40.687] [DEBUG] debug-file - Hap plugin register hook start...
[2026-04-19T19:32:40.687] [DEBUG] debug-file - Hap plugin register hook end...
[2026-04-19T19:32:40.687] [DEBUG] debug-file - Plugin build process completed
[2026-04-19T19:32:40.687] [DEBUG] debug-file - hvigorfile, resolve finished D:\Harmonyos\Rdb\entry\hvigorfile.ts
[2026-04-19T19:32:40.759] [DEBUG] debug-file - hvigorfile, resolve hvigorfile dependencies in 71 ms 
[2026-04-19T19:32:40.759] [DEBUG] debug-file - project has submodules:entry
[2026-04-19T19:32:40.761] [DEBUG] debug-file - start to load updatedOhPackageInfo to the disk
[2026-04-19T19:32:40.765] [DEBUG] debug-file - load to the disk finished
[2026-04-19T19:32:40.766] [DEBUG] debug-file - Start to initialize dependency information.
[2026-04-19T19:32:40.768] [DEBUG] debug-file - Module Rdb Collected Dependency: D:\Harmonyos\Rdb\oh_modules\.ohpm\@ohos+mpchart@3.0.27\oh_modules\@ohos\mpchart
[2026-04-19T19:32:40.768] [DEBUG] debug-file - Module Rdb's total dependency: 1
[2026-04-19T19:32:40.769] [DEBUG] debug-file - Start to initialize dependency information.
[2026-04-19T19:32:40.771] [DEBUG] debug-file - Module entry Collected Dependency: D:\Harmonyos\Rdb\oh_modules\.ohpm\@ohos+mpchart@3.0.27\oh_modules\@ohos\mpchart
[2026-04-19T19:32:40.771] [DEBUG] debug-file - Module entry's total dependency: 1
[2026-04-19T19:32:40.775] [DEBUG] debug-file - Configuration phase cost:231 ms 
[2026-04-19T19:32:40.777] [DEBUG] debug-file - Configuration task cost before running: 243 ms 
[2026-04-19T19:32:40.780] [DEBUG] debug-file - Executing task :entry:default@PreBuild
[2026-04-19T19:32:40.782] [DEBUG] debug-file - Task 'entry:default@PreBuild' cost while wrapping incremental declarations: 1 ms 
[2026-04-19T19:32:40.788] [DEBUG] debug-file - Incremental task entry:default@PreBuild pre-execution cost: 3 ms .
[2026-04-19T19:32:40.788] [DEBUG] debug-file - entry : default@PreBuild cost memory 0.29715728759765625
[2026-04-19T19:32:40.790] [INFO] debug-file - UP-TO-DATE :entry:default@PreBuild...  
[2026-04-19T19:32:40.791] [DEBUG] debug-file - Executing task :entry:default@CreateModuleInfo
[2026-04-19T19:32:40.792] [DEBUG] debug-file - Task 'entry:default@CreateModuleInfo' cost while wrapping incremental declarations: 1 ms 
[2026-04-19T19:32:40.793] [DEBUG] debug-file - entry : default@CreateModuleInfo cost memory 0.03910064697265625
[2026-04-19T19:32:40.793] [DEBUG] debug-file - runTaskFromQueue task cost before running: 259 ms 
[2026-04-19T19:32:40.793] [INFO] debug-file - Finished :entry:default@CreateModuleInfo... after 2 ms 
[2026-04-19T19:32:40.794] [DEBUG] debug-file - Executing task :entry:default@GenerateMetadata
[2026-04-19T19:32:40.795] [DEBUG] debug-file - Task 'entry:default@GenerateMetadata' cost while wrapping incremental declarations: 1 ms 
[2026-04-19T19:32:40.795] [DEBUG] debug-file - Incremental task entry:default@GenerateMetadata pre-execution cost: 1 ms .
[2026-04-19T19:32:40.795] [DEBUG] debug-file - entry : default@GenerateMetadata cost memory 0.12424468994140625
[2026-04-19T19:32:40.796] [INFO] debug-file - UP-TO-DATE :entry:default@GenerateMetadata...  
[2026-04-19T19:32:40.797] [DEBUG] debug-file - Executing task :entry:default@ConfigureCmake
[2026-04-19T19:32:40.797] [DEBUG] debug-file - entry : default@ConfigureCmake cost memory 0.01409912109375
[2026-04-19T19:32:40.797] [DEBUG] debug-file - runTaskFromQueue task cost before running: 264 ms 
[2026-04-19T19:32:40.797] [INFO] debug-file - Finished :entry:default@ConfigureCmake... after 1 ms 
[2026-04-19T19:32:40.799] [DEBUG] debug-file - Executing task :entry:default@MergeProfile
[2026-04-19T19:32:40.799] [DEBUG] debug-file - Task 'entry:default@MergeProfile' cost while wrapping incremental declarations: 1 ms 
[2026-04-19T19:32:40.801] [DEBUG] debug-file - Incremental task entry:default@MergeProfile pre-execution cost: 2 ms .
[2026-04-19T19:32:40.802] [DEBUG] debug-file - entry : default@MergeProfile cost memory 0.14134979248046875
[2026-04-19T19:32:40.802] [INFO] debug-file - UP-TO-DATE :entry:default@MergeProfile...  
[2026-04-19T19:32:40.804] [DEBUG] debug-file - Executing task :entry:default@CreateBuildProfile
[2026-04-19T19:32:40.805] [DEBUG] debug-file - Task 'entry:default@CreateBuildProfile' cost while wrapping incremental declarations: 1 ms 
[2026-04-19T19:32:40.806] [DEBUG] debug-file - Incremental task entry:default@CreateBuildProfile pre-execution cost: 2 ms .
[2026-04-19T19:32:40.807] [DEBUG] debug-file - entry : default@CreateBuildProfile cost memory 0.0872955322265625
[2026-04-19T19:32:40.807] [INFO] debug-file - UP-TO-DATE :entry:default@CreateBuildProfile...  
[2026-04-19T19:32:40.809] [DEBUG] debug-file - Executing task :entry:default@PreCheckSyscap
[2026-04-19T19:32:40.809] [DEBUG] debug-file - entry : default@PreCheckSyscap cost memory 0.01432037353515625
[2026-04-19T19:32:40.810] [DEBUG] debug-file - runTaskFromQueue task cost before running: 276 ms 
[2026-04-19T19:32:40.810] [INFO] debug-file - Finished :entry:default@PreCheckSyscap... after 1 ms 
[2026-04-19T19:32:40.812] [DEBUG] debug-file - Executing task :entry:default@GeneratePkgContextInfo
[2026-04-19T19:32:40.817] [DEBUG] debug-file - Task 'entry:default@GeneratePkgContextInfo' cost while wrapping incremental declarations: 1 ms 
[2026-04-19T19:32:40.818] [DEBUG] debug-file - entry : default@GeneratePkgContextInfo cost memory 0.5342178344726562
[2026-04-19T19:32:40.818] [DEBUG] debug-file - runTaskFromQueue task cost before running: 284 ms 
[2026-04-19T19:32:40.818] [INFO] debug-file - Finished :entry:default@GeneratePkgContextInfo... after 7 ms 
[2026-04-19T19:32:40.823] [DEBUG] debug-file - Executing task :entry:default@ProcessIntegratedHsp
[2026-04-19T19:32:40.824] [DEBUG] debug-file - entry:default@ProcessIntegratedHsp is not up-to-date, since the output file 'D:\Harmonyos\Rdb\build\cache\default\integrated_hsp\integratedHspCache.json' does not exist.
[2026-04-19T19:32:40.824] [DEBUG] debug-file - Incremental task entry:default@ProcessIntegratedHsp pre-execution cost: 1 ms .
[2026-04-19T19:32:40.824] [DEBUG] debug-file - entry : default@ProcessIntegratedHsp cost memory 0.0532379150390625
[2026-04-19T19:32:40.824] [DEBUG] debug-file - runTaskFromQueue task cost before running: 290 ms 
[2026-04-19T19:32:40.824] [INFO] debug-file - Finished :entry:default@ProcessIntegratedHsp... after 1 ms 
[2026-04-19T19:32:40.825] [DEBUG] debug-file - Executing task :entry:default@BuildNativeWithCmake
[2026-04-19T19:32:40.825] [DEBUG] debug-file - entry : default@BuildNativeWithCmake cost memory 0.01410675048828125
[2026-04-19T19:32:40.825] [DEBUG] debug-file - runTaskFromQueue task cost before running: 292 ms 
[2026-04-19T19:32:40.826] [INFO] debug-file - Finished :entry:default@BuildNativeWithCmake... after 1 ms 
[2026-04-19T19:32:40.827] [DEBUG] debug-file - Executing task :entry:default@MakePackInfo
[2026-04-19T19:32:40.829] [DEBUG] debug-file - Incremental task entry:default@MakePackInfo pre-execution cost: 2 ms .
[2026-04-19T19:32:40.829] [DEBUG] debug-file - entry : default@MakePackInfo cost memory 0.09926605224609375
[2026-04-19T19:32:40.829] [INFO] debug-file - UP-TO-DATE :entry:default@MakePackInfo...  
[2026-04-19T19:32:40.830] [DEBUG] debug-file - Executing task :entry:default@SyscapTransform
[2026-04-19T19:32:40.831] [DEBUG] debug-file - File: 'D:\Harmonyos\Rdb\entry\src\main\syscap.json' from 'sysCapJsonPath' is not exists, just ignore.
[2026-04-19T19:32:40.832] [DEBUG] debug-file - Task 'entry:default@SyscapTransform' cost while wrapping incremental declarations: 2 ms 
[2026-04-19T19:32:40.833] [DEBUG] debug-file - entry:default@SyscapTransform is not up-to-date, since the output file 'D:\Harmonyos\Rdb\entry\build\default\intermediates\syscap\default\rpcid.sc' does not exist.
[2026-04-19T19:32:40.833] [DEBUG] debug-file - Incremental task entry:default@SyscapTransform pre-execution cost: 2 ms .
[2026-04-19T19:32:40.833] [DEBUG] debug-file - entry : default@SyscapTransform cost memory 0.1475830078125
[2026-04-19T19:32:40.833] [DEBUG] debug-file - runTaskFromQueue task cost before running: 299 ms 
[2026-04-19T19:32:40.833] [INFO] debug-file - Finished :entry:default@SyscapTransform... after 3 ms 
[2026-04-19T19:32:40.836] [DEBUG] debug-file - Executing task :entry:default@ProcessProfile
[2026-04-19T19:32:40.837] [DEBUG] debug-file - Task 'entry:default@ProcessProfile' cost while wrapping incremental declarations: 1 ms 
[2026-04-19T19:32:40.839] [DEBUG] debug-file - Incremental task entry:default@ProcessProfile pre-execution cost: 2 ms .
[2026-04-19T19:32:40.839] [DEBUG] debug-file - entry : default@ProcessProfile cost memory 0.126068115234375
[2026-04-19T19:32:40.840] [INFO] debug-file - UP-TO-DATE :entry:default@ProcessProfile...  
[2026-04-19T19:32:40.842] [DEBUG] debug-file - Executing task :entry:default@ProcessRouterMap
[2026-04-19T19:32:40.844] [DEBUG] debug-file - Incremental task entry:default@ProcessRouterMap pre-execution cost: 1 ms .
[2026-04-19T19:32:40.844] [DEBUG] debug-file - entry : default@ProcessRouterMap cost memory 0.1341094970703125
[2026-04-19T19:32:40.845] [INFO] debug-file - UP-TO-DATE :entry:default@ProcessRouterMap...  
[2026-04-19T19:32:40.846] [DEBUG] debug-file - Executing task :entry:default@ProcessShareConfig
[2026-04-19T19:32:40.847] [DEBUG] debug-file - Incremental task entry:default@ProcessShareConfig pre-execution cost: 1 ms .
[2026-04-19T19:32:40.847] [DEBUG] debug-file - entry : default@ProcessShareConfig cost memory 0.1094970703125
[2026-04-19T19:32:40.848] [INFO] debug-file - UP-TO-DATE :entry:default@ProcessShareConfig...  
[2026-04-19T19:32:40.849] [DEBUG] debug-file - Executing task :entry:default@ProcessStartupConfig
[2026-04-19T19:32:40.849] [DEBUG] debug-file - Task 'entry:default@ProcessStartupConfig' cost while wrapping incremental declarations: 1 ms 
[2026-04-19T19:32:40.849] [DEBUG] debug-file - entry:default@ProcessStartupConfig is not up-to-date, since the output file 'D:\Harmonyos\Rdb\entry\build\default\intermediates\startup\default\startup_config.json' does not exist.
[2026-04-19T19:32:40.849] [DEBUG] debug-file - Incremental task entry:default@ProcessStartupConfig pre-execution cost: 1 ms .
[2026-04-19T19:32:40.850] [DEBUG] debug-file - entry : default@ProcessStartupConfig cost memory 0.09540557861328125
[2026-04-19T19:32:40.850] [DEBUG] debug-file - runTaskFromQueue task cost before running: 316 ms 
[2026-04-19T19:32:40.850] [INFO] debug-file - Finished :entry:default@ProcessStartupConfig... after 2 ms 
[2026-04-19T19:32:40.852] [DEBUG] debug-file - Executing task :entry:default@BuildNativeWithNinja
[2026-04-19T19:32:40.853] [DEBUG] debug-file - entry : default@BuildNativeWithNinja cost memory 0.01940155029296875
[2026-04-19T19:32:40.853] [DEBUG] debug-file - runTaskFromQueue task cost before running: 319 ms 
[2026-04-19T19:32:40.853] [INFO] debug-file - Finished :entry:default@BuildNativeWithNinja... after 1 ms 
[2026-04-19T19:32:40.854] [DEBUG] debug-file - restool module names: entry; moduleName=entry, taskName=default@ProcessResource
[2026-04-19T19:32:40.860] [DEBUG] debug-file - Executing task :entry:default@ProcessResource
[2026-04-19T19:32:40.860] [DEBUG] debug-file - Task 'entry:default@ProcessResource' cost while wrapping incremental declarations: 1 ms 
[2026-04-19T19:32:40.861] [DEBUG] debug-file - Incremental task entry:default@ProcessResource pre-execution cost: 1 ms .
[2026-04-19T19:32:40.862] [DEBUG] debug-file - entry : default@ProcessResource cost memory 0.12279510498046875
[2026-04-19T19:32:40.863] [INFO] debug-file - UP-TO-DATE :entry:default@ProcessResource...  
[2026-04-19T19:32:40.868] [DEBUG] debug-file - Executing task :entry:default@GenerateLoaderJson
[2026-04-19T19:32:40.870] [DEBUG] debug-file - Task 'entry:default@GenerateLoaderJson' cost while wrapping incremental declarations: 1 ms 
[2026-04-19T19:32:40.881] [DEBUG] debug-file - Incremental task entry:default@GenerateLoaderJson pre-execution cost: 6 ms .
[2026-04-19T19:32:40.881] [DEBUG] debug-file - entry : default@GenerateLoaderJson cost memory 0.49688720703125
[2026-04-19T19:32:40.892] [INFO] debug-file - UP-TO-DATE :entry:default@GenerateLoaderJson...  
[2026-04-19T19:32:40.894] [DEBUG] debug-file - Executing task :entry:default@ProcessLibs
[2026-04-19T19:32:40.898] [DEBUG] debug-file - Incremental task entry:default@ProcessLibs pre-execution cost: 1 ms .
[2026-04-19T19:32:40.898] [DEBUG] debug-file - entry : default@ProcessLibs cost memory 0.2401123046875
[2026-04-19T19:32:40.899] [INFO] debug-file - UP-TO-DATE :entry:default@ProcessLibs...  
[2026-04-19T19:32:40.900] [DEBUG] debug-file - restool module names: entry; moduleName=entry, taskName=default@CompileResource
[2026-04-19T19:32:40.901] [DEBUG] debug-file - Executing task :entry:default@CompileResource
[2026-04-19T19:32:40.912] [DEBUG] debug-file - Incremental task entry:default@CompileResource pre-execution cost: 10 ms .
[2026-04-19T19:32:40.912] [DEBUG] debug-file - entry : default@CompileResource cost memory 1.1614608764648438
[2026-04-19T19:32:40.913] [INFO] debug-file - UP-TO-DATE :entry:default@CompileResource...  
[2026-04-19T19:32:40.915] [DEBUG] debug-file - Executing task :entry:default@DoNativeStrip
[2026-04-19T19:32:40.915] [DEBUG] debug-file - Task 'entry:default@DoNativeStrip' cost while wrapping incremental declarations: 1 ms 
[2026-04-19T19:32:40.916] [DEBUG] debug-file - Incremental task entry:default@DoNativeStrip pre-execution cost: 1 ms .
[2026-04-19T19:32:40.916] [DEBUG] debug-file - entry : default@DoNativeStrip cost memory 0.07228851318359375
[2026-04-19T19:32:40.916] [INFO] debug-file - UP-TO-DATE :entry:default@DoNativeStrip...  
[2026-04-19T19:32:40.918] [DEBUG] debug-file - Executing task :entry:default@CompileArkTS
[2026-04-19T19:32:40.919] [DEBUG] debug-file - obfuscationOptions: undefined
[2026-04-19T19:32:40.922] [DEBUG] debug-file - Task 'entry:default@CompileArkTS' cost while wrapping incremental declarations: 1 ms 
[2026-04-19T19:32:40.939] [DEBUG] debug-file - entry:default@CompileArkTS is not up-to-date, since the input file 'D:\Harmonyos\Rdb\entry\src\main\ets' has been changed.
[2026-04-19T19:32:40.939] [DEBUG] debug-file - Incremental task entry:default@CompileArkTS pre-execution cost: 17 ms .
[2026-04-19T19:32:40.949] [DEBUG] debug-file - build config:
[2026-04-19T19:32:40.949] [DEBUG] debug-file - {
  moduleType: 'entry',
  perf: 0,
  targetName: '.default',
  packageManagerType: 'ohpm',
  localPropertiesPath: 'D:\\Harmonyos\\Rdb\\local.properties',
  isPreview: false,
  isOhosTest: false,
  isLocalTest: false,
  buildMode: 'Debug',
  hotReloadBuild: undefined,
  watchMode: 'false',
  aceProfilePath: 'D:\\Harmonyos\\Rdb\\entry\\build\\default\\intermediates\\res\\default\\resources\\base\\profile',
  etsLoaderPath: 'C:\\Program Files\\Huawei\\DevEco Studio\\sdk\\default\\openharmony\\ets\\build-tools\\ets-loader',
  modulePath: 'D:\\Harmonyos\\Rdb\\entry',
  testFrameworkPar: {
    testMode: undefined,
    coveragePathFilter: undefined,
    coverageMode: undefined
  },
  needCoverageInsert: false,
  debugLine: false,
  projectTopDir: 'D:\\Harmonyos\\Rdb',
  compileSdkVersion: 22,
  compatibleSdkVersion: 17,
  originCompatibleSdkVersion: '5.0.5(17)',
  compatibleSdkVersionStage: undefined,
  bundleName: 'c***b',
  etsLoaderVersion: '6.0.2.130',
  etsLoaderReleaseType: 'Release',
  aotCompileMode: 'type',
  apPath: 'D:\\Harmonyos\\Rdb\\entry\\modules.ap',
  entryModuleName: 'entry',
  entryModuleVersion: '1.0.0',
  entryPackageName: 'entry',
  allModuleNameHash: '199d9c189e05aafae23be9098c561ff961e0b37017b028c869204eaf5bb9b356',
  externalApiPaths: [
    'C:\\Program Files\\Huawei\\DevEco Studio\\sdk\\default\\hms\\ets'
  ],
  compilerTypes: [],
  isCrossplatform: false,
  hvigorPluginFile: undefined,
  compilePluginPath: undefined,
  buildGeneratedProfilePath: 'D:\\Harmonyos\\Rdb\\entry\\build\\default\\generated\\profile\\default',
  bundleType: 'app',
  arkTSVersion: undefined,
  apiVersion: 22,
  needCompleteSourcesMap: false,
  isFaMode: false,
  buildDir: 'D:\\Harmonyos\\Rdb\\entry\\build',
  deviceTypes: [ 'phone' ],
  pkgContextInfo: undefined,
  ohPackagePathMap: {},
  dependencyAliasMap: {},
  permission: { requestPermissions: [ [Object] ], definePermissions: undefined },
  useGetCurrentBundleName: false,
  projectArkOption: undefined,
  sourceMapDir: undefined,
  branchElimination: false,
  transformLib: undefined,
  tsImportSendable: false,
  resolveConflictMode: true,
  depName2RootPath: {},
  depName2DepInfo: {},
  rootPathSet: [ 'D:\\Harmonyos\\Rdb' ],
  useNativeResolver: true,
  shouldEmitJs: true,
  useTscResolve: false,
  singleFileEmit: false,
  userProjectConfig: {
    autoLazyImport: false,
    allowEmptyBundleName: false,
    reExportCheckMode: 'noCheck',
    executionMode: 'memory',
    usePathPlaceholder: false,
    writeRollupCache: true,
    isExpandImportEnabled: false,
    expandImportExclude: '',
    lazyImportExclude: '',
    lazyImportInclude: '',
    ignoreCrossplatformCheck: false,
    isHarDeduplicateEnabled: false,
    skipOhModulesLint: false,
    enableStrictCheckOHModule: false,
    disableSendableCheckRules: [],
    useDeclarationFileSignature: false,
    customizedOptions: undefined,
    integratedHsp: false,
    isPreloadSoEnabled: false
  },
  executionMode: 'memory',
  arkCompileCachePath: 'D:\\Harmonyos\\Rdb\\entry\\build\\default\\cache\\default\\default@CompileArkTS\\esmodule',
  autoLazyFilter: undefined,
  isHarDeduplicateEnabled: false,
  intermediateHarDuplicateDirPath: 'D:\\Harmonyos\\Rdb\\entry\\build\\default\\intermediates\\har_duplicate\\default',
  autoLazyImport: false,
  allowEmptyBundleName: false,
  reExportCheckMode: 'noCheck',
  usePathPlaceholder: false,
  writeRollupCache: true,
  isExpandImportEnabled: false,
  expandImportExclude: '',
  lazyImportExclude: '',
  lazyImportInclude: '',
  ignoreCrossplatformCheck: false,
  skipOhModulesLint: false,
  enableStrictCheckOHModule: false,
  disableSendableCheckRules: [],
  useDeclarationFileSignature: false,
  customizedOptions: undefined,
  integratedHsp: false,
  isPreloadSoEnabled: false,
  strictMode: undefined,
  useNormalizedOHMUrl: false,
  caseSensitiveCheck: false,
  aceModuleJsonPath: 'D:\\Harmonyos\\Rdb\\entry\\build\\default\\intermediates\\res\\default\\ark_module.json',
  appResource: 'D:\\Harmonyos\\Rdb\\entry\\build\\default\\intermediates\\res\\default\\ResourceTable.txt',
  rawFileResource: 'D:\\Harmonyos\\Rdb\\entry\\build\\default\\intermediates\\res\\default\\resources\\rawfile',
  resourceTableHash: 'bc30de88bcdc2d48b439b5331438f18f5e6581667fb0e08a149114abb4f3a1a7',
  runtimeOS: 'HarmonyOS',
  sdkInfo: 'false:22:6.0.2.130:Release',
  aceModuleRoot: 'D:\\Harmonyos\\Rdb\\entry\\src\\main\\ets',
  compileMode: 'esmodule',
  aceSuperVisualPath: 'D:\\Harmonyos\\Rdb\\entry\\src\\main\\supervisual',
  aceBuildJson: 'D:\\Harmonyos\\Rdb\\entry\\build\\default\\intermediates\\loader\\default\\loader.json',
  cachePath: 'D:\\Harmonyos\\Rdb\\entry\\build\\default\\cache\\default\\default@CompileArkTS\\esmodule\\debug',
  aceModuleBuild: 'D:\\Harmonyos\\Rdb\\entry\\build\\default\\intermediates\\loader_out\\default\\ets',
  supportChunks: true,
  declaredFilesPath: undefined,
  shouldCollectDirectImportees: false,
  isByteCodeHarOptimize: false,
  expandImportPath: undefined,
  pkgNameToPkgBriefInfo: {
    '@ohos/mpchart': {
      pkgRoot: 'D:\\Harmonyos\\Rdb\\oh_modules\\.ohpm\\@ohos+mpchart@3.0.27\\oh_modules\\@ohos\\mpchart',
      pkgName: '@ohos/mpchart',
      sourceRoots: [Array]
    },
    entry: {
      pkgRoot: 'D:\\Harmonyos\\Rdb\\entry',
      originalSourceRoots: undefined,
      sourceRoots: [Array],
      pkgName: 'entry'
    }
  },
  projectModel: {
    'D:\\Harmonyos\\Rdb\\entry\\src\\main': {
      moduleName: 'entry',
      modulePkgPath: 'D:\\Harmonyos\\Rdb\\entry',
      belongProjectPath: 'D:\\Harmonyos\\Rdb'
    },
    'D:\\Harmonyos\\Rdb\\entry': {
      moduleName: 'entry',
      modulePkgPath: 'D:\\Harmonyos\\Rdb\\entry',
      belongProjectPath: 'D:\\Harmonyos\\Rdb'
    },
    'D:\\Harmonyos\\Rdb': {
      moduleName: 'Rdb',
      modulePkgPath: 'D:\\Harmonyos\\Rdb',
      belongProjectPath: 'D:\\Harmonyos\\Rdb'
    }
  },
  pkgJsonFileHash: 'd56bf149d8241d4d0c1ae430fabb9fa7e929fed90b32548bd9094ede2f766d24',
  allModulePaths: [ 'D:\\Harmonyos\\Rdb\\entry' ],
  routerMap: {},
  obfuscationOptions: undefined,
  byteCodeHarToDependencyKeys: undefined,
  compileBlockPkg: [],
  mockParams: {
    decorator: '@MockSetup',
    packageName: '@ohos/hamock',
    etsSourceRootPath: 'src/main/ets',
    mockConfigPath: undefined,
    mockConfigKey2ModuleInfo: {},
    source2ModuleIdMap: {}
  },
  copyCodeResourceEnable: true,
  copyCodeResourceExcludes: [],
  copyCodeResourceIncludes: undefined,
  uiTransformOptimization: false,
  sdkPath: 'C:/Program Files/Huawei/DevEco Studio/sdk',
  needPreloadSoFileSet: {},
  preloadSoFilePath: 'D:\\Harmonyos\\Rdb\\entry\\build\\default\\intermediates\\preload\\default\\preload.json',
  useSourceHash: false,
  localModuleParamMap: {},
  otherPaths: {
    '@ohos/mpchart/*': [
      '..\\..\\..\\..\\oh_modules\\.ohpm\\@ohos+mpchart@3.0.27\\oh_modules\\@ohos\\mpchart\\src\\main\\*'
    ],
    'entry/*': [
      '..\\*',
      '..\\..\\..\\build\\default\\generated\\profile\\default\\*'
    ]
  },
  collectImportersConfig: undefined
}
[2026-04-19T19:32:40.950] [DEBUG] debug-file - Compile arkts with external api path: C:\Program Files\Huawei\DevEco Studio\sdk\default\hms\ets
[2026-04-19T19:32:40.951] [DEBUG] debug-file - default@CompileArkTS work[12] is submitted.
[2026-04-19T19:32:40.951] [DEBUG] debug-file - default@CompileArkTS work[12] is pushed to ready queue.
[2026-04-19T19:32:40.951] [DEBUG] debug-file - A work dispatched to worker[17] failed because unable to get work from ready queue.
[2026-04-19T19:32:40.951] [DEBUG] debug-file - A work dispatched to worker[16] failed because unable to get work from ready queue.
[2026-04-19T19:32:40.951] [DEBUG] debug-file - A work dispatched to worker[15] failed because unable to get work from ready queue.
[2026-04-19T19:32:40.951] [DEBUG] debug-file - A work dispatched to worker[14] failed because unable to get work from ready queue.
[2026-04-19T19:32:40.951] [DEBUG] debug-file - A work dispatched to worker[13] failed because unable to get work from ready queue.
[2026-04-19T19:32:40.951] [DEBUG] debug-file - A work dispatched to worker[12] failed because unable to get work from ready queue.
[2026-04-19T19:32:40.951] [DEBUG] debug-file - A work dispatched to worker[11] failed because unable to get work from ready queue.
[2026-04-19T19:32:40.951] [DEBUG] debug-file - A work dispatched to worker[10] failed because unable to get work from ready queue.
[2026-04-19T19:32:40.951] [DEBUG] debug-file - A work dispatched to worker[9] failed because unable to get work from ready queue.
[2026-04-19T19:32:40.951] [DEBUG] debug-file - A work dispatched to worker[8] failed because unable to get work from ready queue.
[2026-04-19T19:32:40.951] [DEBUG] debug-file - A work dispatched to worker[7] failed because unable to get work from ready queue.
[2026-04-19T19:32:40.951] [DEBUG] debug-file - A work dispatched to worker[6] failed because unable to get work from ready queue.
[2026-04-19T19:32:40.952] [DEBUG] debug-file - A work dispatched to worker[5] failed because unable to get work from ready queue.
[2026-04-19T19:32:40.952] [DEBUG] debug-file - default@CompileArkTS work[12] has been dispatched to worker[4].
[2026-04-19T19:32:40.952] [DEBUG] debug-file - default@CompileArkTS work[12] is dispatched.
[2026-04-19T19:32:40.952] [DEBUG] debug-file - CopyResources startTime: 323762890570900
[2026-04-19T19:32:40.952] [DEBUG] debug-file - default@CompileArkTS work[13] is submitted.
[2026-04-19T19:32:40.952] [DEBUG] debug-file - default@CompileArkTS work[13] is pushed to ready queue.
[2026-04-19T19:32:40.952] [DEBUG] debug-file - A work dispatched to worker[17] failed because unable to get work from ready queue.
[2026-04-19T19:32:40.952] [DEBUG] debug-file - Create  resident worker with id: 16.
[2026-04-19T19:32:40.954] [DEBUG] debug-file - default@CompileArkTS work[13] has been dispatched to worker[16].
[2026-04-19T19:32:40.954] [DEBUG] debug-file - default@CompileArkTS work[13] is dispatched.
[2026-04-19T19:32:40.954] [DEBUG] debug-file - entry : default@CompileArkTS cost memory 4.11798095703125
[2026-04-19T19:32:40.956] [DEBUG] debug-file - Executing task :entry:default@BuildJS
[2026-04-19T19:32:40.957] [DEBUG] debug-file - Task 'entry:default@BuildJS' cost while wrapping incremental declarations: 1 ms 
[2026-04-19T19:32:40.958] [DEBUG] debug-file - entry : default@BuildJS cost memory 0.14681243896484375
[2026-04-19T19:32:40.959] [DEBUG] debug-file - runTaskFromQueue task cost before running: 425 ms 
[2026-04-19T19:32:40.959] [INFO] debug-file - Finished :entry:default@BuildJS... after 3 ms 
[2026-04-19T19:32:40.960] [DEBUG] debug-file - Executing task :entry:default@CacheNativeLibs
[2026-04-19T19:32:40.961] [DEBUG] debug-file - Task 'entry:default@CacheNativeLibs' cost while wrapping incremental declarations: 1 ms 
[2026-04-19T19:32:40.962] [DEBUG] debug-file - Incremental task entry:default@CacheNativeLibs pre-execution cost: 1 ms .
[2026-04-19T19:32:40.962] [DEBUG] debug-file - entry : default@CacheNativeLibs cost memory 0.08666229248046875
[2026-04-19T19:32:40.962] [INFO] debug-file - UP-TO-DATE :entry:default@CacheNativeLibs...  
[2026-04-19T19:32:42.059] [DEBUG] debug-file - worker[16] has one work done.
[2026-04-19T19:32:42.060] [DEBUG] debug-file - CopyResources is end, endTime: 323763998046100
[2026-04-19T19:32:42.060] [DEBUG] debug-file - default@CompileArkTS work[13] done.
[2026-04-19T19:32:42.060] [DEBUG] debug-file - A work dispatched to worker[16] failed because unable to get work from ready queue.
[2026-04-19T19:32:42.183] [DEBUG] debug-file - Ark compile task finished.finished time is 323764121678500
[2026-04-19T19:32:42.183] [DEBUG] debug-file - worker[4] has one work done.
[2026-04-19T19:32:42.185] [DEBUG] debug-file - default@CompileArkTS work[12] done.
[2026-04-19T19:32:42.185] [DEBUG] debug-file - A work dispatched to worker[4] failed because unable to get work from ready queue.
[2026-04-19T19:32:42.186] [INFO] debug-file - Finished :entry:default@CompileArkTS... after 1 s 266 ms 
[2026-04-19T19:32:42.187] [DEBUG] debug-file - Executing task :entry:default@GeneratePkgModuleJson
[2026-04-19T19:32:42.187] [DEBUG] debug-file - File: 'D:\Harmonyos\Rdb\entry\build\default\intermediates\preload\default\preload.json' from 'preloadSoJsonPath' is not exists, just ignore.
[2026-04-19T19:32:42.188] [DEBUG] debug-file - Error occurs while handling @Input 'shouldDeduplicateHar': The "data" argument must be of type string or an instance of Buffer, TypedArray, or DataView. Received undefined
[2026-04-19T19:32:42.188] [DEBUG] debug-file - Task 'entry:default@GeneratePkgModuleJson' cost while wrapping incremental declarations: 1 ms 
[2026-04-19T19:32:42.188] [DEBUG] debug-file - Incremental task entry:default@GeneratePkgModuleJson pre-execution cost: 1 ms .
[2026-04-19T19:32:42.189] [DEBUG] debug-file - entry : default@GeneratePkgModuleJson cost memory 0.1036224365234375
[2026-04-19T19:32:42.189] [INFO] debug-file - UP-TO-DATE :entry:default@GeneratePkgModuleJson...  
[2026-04-19T19:32:42.191] [DEBUG] debug-file - Executing task :entry:default@ProcessCompiledResources
[2026-04-19T19:32:42.191] [DEBUG] debug-file - File: 'D:\Harmonyos\Rdb\entry\build\default\intermediates\preload\default\preload.json' from 'preloadSoJsonPath' is not exists, just ignore.
[2026-04-19T19:32:42.191] [DEBUG] debug-file - Task 'entry:default@ProcessCompiledResources' cost while wrapping incremental declarations: 1 ms 
[2026-04-19T19:32:42.192] [DEBUG] debug-file - entry : default@ProcessCompiledResources cost memory 0.06232452392578125
[2026-04-19T19:32:42.192] [DEBUG] debug-file - runTaskFromQueue task cost before running: 1 s 658 ms 
[2026-04-19T19:32:42.192] [INFO] debug-file - Finished :entry:default@ProcessCompiledResources... after 2 ms 
[2026-04-19T19:32:42.194] [DEBUG] debug-file - Executing task :entry:default@PackageHap
[2026-04-19T19:32:42.200] [DEBUG] debug-file - entry:default@PackageHap is not up-to-date, since the input file 'D:\Harmonyos\Rdb\entry\build\default\intermediates\loader_out\default\ets' has been changed.
[2026-04-19T19:32:42.200] [DEBUG] debug-file - Incremental task entry:default@PackageHap pre-execution cost: 5 ms .
[2026-04-19T19:32:42.201] [DEBUG] debug-file - Use tool [C:\Program Files\Huawei\DevEco Studio\sdk\default\openharmony\toolchains\lib\app_packing_tool.jar]
 [
  'java',
  '-Dfile.encoding=GBK',
  '-jar',
  'C:\\Program Files\\Huawei\\DevEco Studio\\sdk\\default\\openharmony\\toolchains\\lib\\app_packing_tool.jar',
  '--mode',
  'hap',
  '--force',
  'true',
  '--lib-path',
  'D:\\Harmonyos\\Rdb\\entry\\build\\default\\intermediates\\stripped_native_libs\\default',
  '--json-path',
  'D:\\Harmonyos\\Rdb\\entry\\build\\default\\intermediates\\package\\default\\module.json',
  '--resources-path',
  'D:\\Harmonyos\\Rdb\\entry\\build\\default\\intermediates\\res\\default\\resources',
  '--index-path',
  'D:\\Harmonyos\\Rdb\\entry\\build\\default\\intermediates\\res\\default\\resources.index',
  '--pack-info-path',
  'D:\\Harmonyos\\Rdb\\entry\\build\\default\\outputs\\default\\pack.info',
  '--out-path',
  'D:\\Harmonyos\\Rdb\\entry\\build\\default\\outputs\\default\\entry-default-unsigned.hap',
  '--ets-path',
  'D:\\Harmonyos\\Rdb\\entry\\build\\default\\intermediates\\loader_out\\default\\ets'
]
[2026-04-19T19:32:42.257] [DEBUG] debug-file - java daemon socket received message:{"code":0,"message":"pack success"}
[2026-04-19T19:32:42.260] [DEBUG] debug-file - entry : default@PackageHap cost memory 0.9043655395507812
[2026-04-19T19:32:42.260] [DEBUG] debug-file - runTaskFromQueue task cost before running: 1 s 727 ms 
[2026-04-19T19:32:42.261] [INFO] debug-file - Finished :entry:default@PackageHap... after 67 ms 
[2026-04-19T19:32:42.262] [DEBUG] debug-file - Executing task :entry:default@PackingCheck
[2026-04-19T19:32:42.269] [DEBUG] debug-file - entry : default@PackingCheck cost memory 0.45082855224609375
[2026-04-19T19:32:42.269] [DEBUG] debug-file - runTaskFromQueue task cost before running: 1 s 736 ms 
[2026-04-19T19:32:42.270] [INFO] debug-file - Finished :entry:default@PackingCheck... after 7 ms 
[2026-04-19T19:32:42.273] [DEBUG] debug-file - Executing task :entry:default@SignHap
[2026-04-19T19:32:42.273] [WARN] debug-file - Will skip sign 'hos_hap'. No signingConfigs profile is configured in current project.
             If needed, configure the signingConfigs in D:\Harmonyos\Rdb\build-profile.json5.
[2026-04-19T19:32:42.274] [DEBUG] debug-file - entry:default@SignHap is not up-to-date, since the input file 'D:\Harmonyos\Rdb\entry\build\default\outputs\default\entry-default-unsigned.hap' has been changed.
[2026-04-19T19:32:42.275] [DEBUG] debug-file - Incremental task entry:default@SignHap pre-execution cost: 1 ms .
[2026-04-19T19:32:42.275] [DEBUG] debug-file - entry : default@SignHap cost memory 0.08840179443359375
[2026-04-19T19:32:42.276] [DEBUG] debug-file - runTaskFromQueue task cost before running: 1 s 742 ms 
[2026-04-19T19:32:42.276] [INFO] debug-file - Finished :entry:default@SignHap... after 4 ms 
[2026-04-19T19:32:42.278] [DEBUG] debug-file - Executing task :entry:default@CollectDebugSymbol
[2026-04-19T19:32:42.279] [DEBUG] debug-file - entry : default@CollectDebugSymbol cost memory 0.0785675048828125
[2026-04-19T19:32:42.280] [DEBUG] debug-file - runTaskFromQueue task cost before running: 1 s 746 ms 
[2026-04-19T19:32:42.280] [INFO] debug-file - Finished :entry:default@CollectDebugSymbol... after 2 ms 
[2026-04-19T19:32:42.281] [DEBUG] debug-file - Executing task :entry:assembleHap
[2026-04-19T19:32:42.281] [DEBUG] debug-file - entry : assembleHap cost memory 0.0122528076171875
[2026-04-19T19:32:42.281] [DEBUG] debug-file - runTaskFromQueue task cost before running: 1 s 747 ms 
[2026-04-19T19:32:42.281] [INFO] debug-file - Finished :entry:assembleHap... after 1 ms 
[2026-04-19T19:32:42.298] [INFO] debug-file - BUILD SUCCESSFUL in 1 s 764 ms 
[2026-04-19T19:32:42.299] [DEBUG] debug-file - There is no need to refresh cache, since the incremental task entry:default@PreBuild is up-to-date.
[2026-04-19T19:32:42.299] [DEBUG] debug-file - Update task entry:default@CreateModuleInfo output file:D:\Harmonyos\Rdb\entry\build\default\generated\profile\default\ModuleInfo.ts cache.
[2026-04-19T19:32:42.299] [DEBUG] debug-file - Incremental task entry:default@CreateModuleInfo post-execution cost:1 ms .
[2026-04-19T19:32:42.299] [DEBUG] debug-file - There is no need to refresh cache, since the incremental task entry:default@GenerateMetadata is up-to-date.
[2026-04-19T19:32:42.299] [DEBUG] debug-file - There is no need to refresh cache, since the incremental task entry:default@MergeProfile is up-to-date.
[2026-04-19T19:32:42.299] [DEBUG] debug-file - There is no need to refresh cache, since the incremental task entry:default@CreateBuildProfile is up-to-date.
[2026-04-19T19:32:42.299] [DEBUG] debug-file - Update task entry:default@GeneratePkgContextInfo output file:D:\Harmonyos\Rdb\entry\build\default\intermediates\loader\default\pkgContextInfo.json cache.
[2026-04-19T19:32:42.300] [DEBUG] debug-file - Incremental task entry:default@GeneratePkgContextInfo post-execution cost:1 ms .
[2026-04-19T19:32:42.300] [DEBUG] debug-file - Update task entry:default@ProcessIntegratedHsp output file:D:\Harmonyos\Rdb\build\cache\default\integrated_hsp\integratedHspCache.json cache.
[2026-04-19T19:32:42.300] [DEBUG] debug-file - Incremental task entry:default@ProcessIntegratedHsp post-execution cost:1 ms .
[2026-04-19T19:32:42.300] [DEBUG] debug-file - There is no need to refresh cache, since the incremental task entry:default@MakePackInfo is up-to-date.
[2026-04-19T19:32:42.300] [DEBUG] debug-file - Update task entry:default@SyscapTransform input file:C:\Program Files\Huawei\DevEco Studio\sdk\default\openharmony\toolchains\syscap_tool.exe cache by regenerate.
[2026-04-19T19:32:42.300] [DEBUG] debug-file - Update task entry:default@SyscapTransform input file:C:\Program Files\Huawei\DevEco Studio\sdk\default\openharmony\ets\api\device-define cache by regenerate.
[2026-04-19T19:32:42.301] [DEBUG] debug-file - Update task entry:default@SyscapTransform output file:D:\Harmonyos\Rdb\entry\build\default\intermediates\syscap\default\rpcid.sc cache.
[2026-04-19T19:32:42.301] [DEBUG] debug-file - Incremental task entry:default@SyscapTransform post-execution cost:2 ms .
[2026-04-19T19:32:42.301] [DEBUG] debug-file - There is no need to refresh cache, since the incremental task entry:default@ProcessProfile is up-to-date.
[2026-04-19T19:32:42.301] [DEBUG] debug-file - There is no need to refresh cache, since the incremental task entry:default@ProcessRouterMap is up-to-date.
[2026-04-19T19:32:42.301] [DEBUG] debug-file - There is no need to refresh cache, since the incremental task entry:default@ProcessShareConfig is up-to-date.
[2026-04-19T19:32:42.302] [DEBUG] debug-file - Update task entry:default@ProcessStartupConfig output file:D:\Harmonyos\Rdb\entry\build\default\intermediates\startup\default\startup_config.json cache.
[2026-04-19T19:32:42.302] [DEBUG] debug-file - Incremental task entry:default@ProcessStartupConfig post-execution cost:1 ms .
[2026-04-19T19:32:42.302] [DEBUG] debug-file - There is no need to refresh cache, since the incremental task entry:default@ProcessResource is up-to-date.
[2026-04-19T19:32:42.302] [DEBUG] debug-file - There is no need to refresh cache, since the incremental task entry:default@GenerateLoaderJson is up-to-date.
[2026-04-19T19:32:42.302] [DEBUG] debug-file - There is no need to refresh cache, since the incremental task entry:default@ProcessLibs is up-to-date.
[2026-04-19T19:32:42.302] [DEBUG] debug-file - There is no need to refresh cache, since the incremental task entry:default@CompileResource is up-to-date.
[2026-04-19T19:32:42.302] [DEBUG] debug-file - There is no need to refresh cache, since the incremental task entry:default@DoNativeStrip is up-to-date.
[2026-04-19T19:32:42.304] [DEBUG] debug-file - Update task entry:default@CompileArkTS input file:D:\Harmonyos\Rdb\entry\build\default\intermediates\loader\default cache by regenerate.
[2026-04-19T19:32:42.304] [DEBUG] debug-file - Update task entry:default@CompileArkTS input file:D:\Harmonyos\Rdb\oh_modules\.ohpm\@ohos+mpchart@3.0.27\oh_modules\@ohos\mpchart\index.ets cache by regenerate.
[2026-04-19T19:32:42.304] [DEBUG] debug-file - Update task entry:default@CompileArkTS input file:D:\Harmonyos\Rdb\oh_modules\.ohpm\@ohos+mpchart@3.0.27\oh_modules\@ohos\mpchart\src\main\ets cache by regenerate.
[2026-04-19T19:32:42.336] [DEBUG] debug-file - Update task entry:default@CompileArkTS input file:D:\Harmonyos\Rdb\entry\build\default\intermediates\res\default\resources\rawfile cache by regenerate.
[2026-04-19T19:32:42.340] [DEBUG] debug-file - Update task entry:default@CompileArkTS input file:D:\Harmonyos\Rdb\entry\build\default\intermediates\res\default\ResourceTable.txt cache by regenerate.
[2026-04-19T19:32:42.340] [DEBUG] debug-file - Update task entry:default@CompileArkTS input file:D:\Harmonyos\Rdb\entry\build\default\intermediates\res\default\ark_module.json cache by regenerate.
[2026-04-19T19:32:42.340] [DEBUG] debug-file - Update task entry:default@CompileArkTS input file:D:\Harmonyos\Rdb\entry\build\default\intermediates\res\default\resources\base\profile cache by regenerate.
[2026-04-19T19:32:42.341] [DEBUG] debug-file - Update task entry:default@CompileArkTS input file:D:\Harmonyos\Rdb\entry\src\main\ets cache from map.
[2026-04-19T19:32:42.341] [DEBUG] debug-file - Update task entry:default@CompileArkTS input file:D:\Harmonyos\Rdb\entry\build\default\generated\profile\default\BuildProfile.ets cache by regenerate.
[2026-04-19T19:32:42.341] [DEBUG] debug-file - Update task entry:default@CompileArkTS output file:D:\Harmonyos\Rdb\entry\build\default\intermediates\loader_out\default\ets cache.
[2026-04-19T19:32:42.342] [DEBUG] debug-file - Incremental task entry:default@CompileArkTS post-execution cost:40 ms .
[2026-04-19T19:32:42.343] [DEBUG] debug-file - Update task entry:default@BuildJS input file:D:\Harmonyos\Rdb\entry\build\default\intermediates\loader\default cache by regenerate.
[2026-04-19T19:32:42.344] [DEBUG] debug-file - Update task entry:default@BuildJS input file:D:\Harmonyos\Rdb\oh_modules\.ohpm\@ohos+mpchart@3.0.27\oh_modules\@ohos\mpchart\index.ets cache by regenerate.
[2026-04-19T19:32:42.344] [DEBUG] debug-file - Update task entry:default@BuildJS input file:D:\Harmonyos\Rdb\entry\build\default\intermediates\res\default\resources\rawfile cache by regenerate.
[2026-04-19T19:32:42.350] [DEBUG] debug-file - Update task entry:default@BuildJS input file:D:\Harmonyos\Rdb\entry\build\default\intermediates\res\default\ResourceTable.txt cache by regenerate.
[2026-04-19T19:32:42.350] [DEBUG] debug-file - Update task entry:default@BuildJS input file:D:\Harmonyos\Rdb\entry\build\default\intermediates\res\default\ark_module.json cache by regenerate.
[2026-04-19T19:32:42.350] [DEBUG] debug-file - Update task entry:default@BuildJS input file:D:\Harmonyos\Rdb\entry\build\default\intermediates\res\default\resources\base\profile cache by regenerate.
[2026-04-19T19:32:42.351] [DEBUG] debug-file - Update task entry:default@BuildJS output file:D:\Harmonyos\Rdb\entry\build\default\intermediates\loader_out\default\js cache.
[2026-04-19T19:32:42.351] [DEBUG] debug-file - Incremental task entry:default@BuildJS post-execution cost:10 ms .
[2026-04-19T19:32:42.352] [DEBUG] debug-file - There is no need to refresh cache, since the incremental task entry:default@CacheNativeLibs is up-to-date.
[2026-04-19T19:32:42.352] [DEBUG] debug-file - There is no need to refresh cache, since the incremental task entry:default@GeneratePkgModuleJson is up-to-date.
[2026-04-19T19:32:42.352] [DEBUG] debug-file - Incremental task entry:default@ProcessCompiledResources post-execution cost:1 ms .
[2026-04-19T19:32:42.352] [DEBUG] debug-file - Update task entry:default@PackageHap input file:D:\Harmonyos\Rdb\entry\build\default\intermediates\stripped_native_libs\default cache by regenerate.
[2026-04-19T19:32:42.352] [DEBUG] debug-file - Update task entry:default@PackageHap input file:D:\Harmonyos\Rdb\entry\build\default\intermediates\res\default\module.json cache by regenerate.
[2026-04-19T19:32:42.353] [DEBUG] debug-file - Update task entry:default@PackageHap input file:D:\Harmonyos\Rdb\entry\build\default\intermediates\res\default\resources cache by regenerate.
[2026-04-19T19:32:42.358] [DEBUG] debug-file - Update task entry:default@PackageHap input file:D:\Harmonyos\Rdb\entry\build\default\intermediates\res\default\resources.index cache by regenerate.
[2026-04-19T19:32:42.359] [DEBUG] debug-file - Update task entry:default@PackageHap input file:D:\Harmonyos\Rdb\entry\build\default\outputs\default\pack.info cache by regenerate.
[2026-04-19T19:32:42.359] [DEBUG] debug-file - Update task entry:default@PackageHap input file:D:\Harmonyos\Rdb\entry\build\default\intermediates\loader_out\default\ets cache from map.
[2026-04-19T19:32:42.359] [DEBUG] debug-file - Update task entry:default@PackageHap input file:D:\Harmonyos\Rdb\entry\build\default\intermediates\loader_out\default\ets\sourceMaps.map cache by regenerate.
[2026-04-19T19:32:42.359] [DEBUG] debug-file - Update task entry:default@PackageHap input file:D:\Harmonyos\Rdb\entry\build\default\generated\profile\default\BuildProfile.ets cache by regenerate.
[2026-04-19T19:32:42.359] [DEBUG] debug-file - Update task entry:default@PackageHap output file:D:\Harmonyos\Rdb\entry\build\default\outputs\default\entry-default-unsigned.hap cache.
[2026-04-19T19:32:42.360] [DEBUG] debug-file - Update task entry:default@PackageHap output file:D:\Harmonyos\Rdb\entry\build\default\intermediates\source_map\default\sourceMaps.map cache.
[2026-04-19T19:32:42.360] [DEBUG] debug-file - Update task entry:default@PackageHap output file:D:\Harmonyos\Rdb\entry\build\default\outputs\default\mapping\sourceMaps.map cache.
[2026-04-19T19:32:42.361] [DEBUG] debug-file - Incremental task entry:default@PackageHap post-execution cost:9 ms .
[2026-04-19T19:32:42.361] [DEBUG] debug-file - Update task entry:default@SignHap input file:D:\Harmonyos\Rdb\entry\build\default\outputs\default\entry-default-unsigned.hap cache from map.
[2026-04-19T19:32:42.361] [DEBUG] debug-file - Update task entry:default@SignHap output file:D:\Harmonyos\Rdb\entry\build\default\outputs\default\entry-default-signed.hap cache.
[2026-04-19T19:32:42.362] [DEBUG] debug-file - Incremental task entry:default@SignHap post-execution cost:1 ms .
[2026-04-19T19:32:42.362] [DEBUG] debug-file - Update task entry:default@CollectDebugSymbol input file:D:\Harmonyos\Rdb\entry\build\default\intermediates\loader_out\default\ets\sourceMaps.map cache by regenerate.
[2026-04-19T19:32:42.363] [DEBUG] debug-file - Update task entry:default@CollectDebugSymbol input file:D:\Harmonyos\Rdb\entry\build\default\intermediates\libs\default cache by regenerate.
[2026-04-19T19:32:42.364] [DEBUG] debug-file - Update task entry:default@CollectDebugSymbol output file:D:\Harmonyos\Rdb\entry\build\default\outputs\default\symbol cache.
[2026-04-19T19:32:42.364] [DEBUG] debug-file - Incremental task entry:default@CollectDebugSymbol post-execution cost:3 ms .
[2026-04-19T19:32:42.404] [DEBUG] debug-file - Cleanup worker 16.
[2026-04-19T19:32:42.404] [DEBUG] debug-file - Worker 16 has been cleaned up.
[2026-04-19T19:32:42.404] [DEBUG] debug-file - Current idle worker size: 1.
[2026-04-19T19:32:42.405] [DEBUG] debug-file - Current resident worker size: 2.
[2026-04-19T19:32:42.406] [DEBUG] debug-file - hvigor build process will be closed.
[2026-04-19T19:32:42.407] [DEBUG] debug-file - java daemon socket close code:1000 reason:close by user
[2026-04-19T19:32:42.410] [DEBUG] debug-file - session manager: send message to worker process.
[2026-04-19T19:32:42.410] [DEBUG] debug-file - session manager: send message to worker process.
[2026-04-19T19:32:42.411] [DEBUG] debug-file - watch worker: worker id should be larger than 0. Nothing will be sent to any worker thread.
[2026-04-19T19:32:42.411] [DEBUG] debug-file - watch worker: worker id should be larger than 0. Nothing will be sent to any worker thread.
[2026-04-19T19:32:42.417] [DEBUG] debug-file - worker[16] exits with exit code 1.
[2026-04-19T19:37:14.329] [DEBUG] debug-file - session manager: set active socket. socketId=LrCSS4TonOhd3VppAAAR
[2026-04-19T19:37:14.346] [DEBUG] debug-file - watch worker: worker id should be larger than 0. Nothing will be sent to any worker thread.
[2026-04-19T19:37:14.350] [DEBUG] debug-file - Workers' log level updated to INFO
[2026-04-19T19:37:14.353] [DEBUG] debug-file - Hvigor init with startParameters:{
  hvigorfileTypeCheck: false,
  parallelExecution: true,
  incrementalExecution: true,
  printStackTrace: false,
  daemon: true,
  analyze: 0,
  logLevel: Level { level: 20000, levelStr: 'INFO', colour: 'green' },
  optimizationStrategy: 'memory',
  hotCompile: undefined,
  hotReloadBuild: undefined,
  customizedParam: undefined
}
[2026-04-19T19:37:14.357] [DEBUG] debug-file - Cache service initialization finished in 4 ms 
[2026-04-19T19:37:14.359] [DEBUG] debug-file - hvigorfile, resolving D:\Harmonyos\Rdb\hvigorfile.ts
[2026-04-19T19:37:14.366] [DEBUG] debug-file - hvigorfile, require result:  {}
[2026-04-19T19:37:14.367] [DEBUG] debug-file - hvigorfile, binding system plugins {}
[2026-04-19T19:37:14.367] [DEBUG] debug-file - Starting plugin build process
[2026-04-19T19:37:14.367] [DEBUG] debug-file - App plugin prepare start...
[2026-04-19T19:37:14.367] [DEBUG] debug-file - App plugin prepare end...
[2026-04-19T19:37:14.367] [DEBUG] debug-file - App plugin creating...
[2026-04-19T19:37:14.374] [DEBUG] debug-file - App plugin register hook start...
[2026-04-19T19:37:14.375] [DEBUG] debug-file - App plugin register hook end...
[2026-04-19T19:37:14.375] [DEBUG] debug-file - Plugin build process completed
[2026-04-19T19:37:14.375] [DEBUG] debug-file - Start initialize project's product build option map with build mode debug.
[2026-04-19T19:37:14.375] [DEBUG] debug-file - Picking option from product 'default' with build mode 'debug'.
[2026-04-19T19:37:14.375] [DEBUG] debug-file - Product 'default' build option initialized
[2026-04-19T19:37:14.375] [DEBUG] debug-file - End initialize project's product build option map with build mode 'debug'.
[2026-04-19T19:37:14.376] [DEBUG] debug-file - Obtain build option for product 'default'in this build.
[2026-04-19T19:37:14.377] [DEBUG] debug-file - No signingConfig found, initRemoteHspCache failed.
[2026-04-19T19:37:14.380] [DEBUG] debug-file - Start recording SDK configuration permission data.
[2026-04-19T19:37:14.406] [DEBUG] debug-file - Sdk init in 29 ms 
[2026-04-19T19:37:14.409] [DEBUG] debug-file - Project task initialization takes 3 ms 
[2026-04-19T19:37:14.409] [DEBUG] debug-file - hvigorfile, resolve finished D:\Harmonyos\Rdb\hvigorfile.ts
[2026-04-19T19:37:14.409] [DEBUG] debug-file - hvigorfile, resolving D:\Harmonyos\Rdb\entry\hvigorfile.ts
[2026-04-19T19:37:14.415] [DEBUG] debug-file - hvigorfile, require result:  {}
[2026-04-19T19:37:14.416] [DEBUG] debug-file - hvigorfile, binding system plugins {}
[2026-04-19T19:37:14.416] [DEBUG] debug-file - Starting plugin build process
[2026-04-19T19:37:14.416] [DEBUG] debug-file - Hap plugin creating...
[2026-04-19T19:37:14.417] [DEBUG] debug-file - failed to load cangjie to dynamically generate schemas: Error: Cannot find module '@ohos/cangjie-build-support/index'
Require stack:
- C:\Program Files\Huawei\DevEco Studio\tools\hvigor\hvigor-ohos-plugin\src\plugin\hooks\cangjie-register.js
- C:\Program Files\Huawei\DevEco Studio\tools\hvigor\hvigor-ohos-plugin\src\plugin\strategy\stage-init-strategy.js
- C:\Program Files\Huawei\DevEco Studio\tools\hvigor\hvigor-ohos-plugin\src\plugin\builder\abstract-plugin-builder.js
- C:\Program Files\Huawei\DevEco Studio\tools\hvigor\hvigor-ohos-plugin\src\plugin\builder\app-plugin-builder.js
- C:\Program Files\Huawei\DevEco Studio\tools\hvigor\hvigor-ohos-plugin\src\plugin\factory\plugin-factory.js
- C:\Program Files\Huawei\DevEco Studio\tools\hvigor\hvigor-ohos-plugin\index.js
- D:\Harmonyos\Rdb\hvigorfile.ts
- C:\Program Files\Huawei\DevEco Studio\tools\hvigor\hvigor\src\base\internal\lifecycle\configuration.js
- C:\Program Files\Huawei\DevEco Studio\tools\hvigor\hvigor\src\base\boot\index.js
- C:\Program Files\Huawei\DevEco Studio\tools\hvigor\hvigor\src\base\daemon\cluster\worker-process-lifecycle.js
- C:\Program Files\Huawei\DevEco Studio\tools\hvigor\hvigor\src\base\daemon\process\daemon-process-boot-script.js
[2026-04-19T19:37:14.421] [DEBUG] debug-file - Start initialize module-target build option map, moduleName=entry, buildMode=release
[2026-04-19T19:37:14.421] [DEBUG] debug-file - Target 'default' config initialized
[2026-04-19T19:37:14.421] [DEBUG] debug-file - Module 'entry' target 'default' build option initialized
[2026-04-19T19:37:14.421] [DEBUG] debug-file - End initialize module-target build option map, moduleName=entry
[2026-04-19T19:37:14.421] [DEBUG] debug-file - Start initialize module-target build option map, moduleName=entry, buildMode=debug
[2026-04-19T19:37:14.421] [DEBUG] debug-file - Target 'default' config initialized
[2026-04-19T19:37:14.422] [DEBUG] debug-file - Module 'entry' target 'default' build option initialized
[2026-04-19T19:37:14.422] [DEBUG] debug-file - End initialize module-target build option map, moduleName=entry
[2026-04-19T19:37:14.423] [DEBUG] debug-file - Start initialize module-target build option map, moduleName=entry, buildMode=debug
[2026-04-19T19:37:14.423] [DEBUG] debug-file - Target 'default' config initialized
[2026-04-19T19:37:14.423] [DEBUG] debug-file - Module 'entry' target 'default' build option initialized
[2026-04-19T19:37:14.423] [DEBUG] debug-file - End initialize module-target build option map, moduleName=entry
[2026-04-19T19:37:14.423] [DEBUG] debug-file - Obtain build option for module 'entry' target 'default'in this build.
[2026-04-19T19:37:14.425] [DEBUG] debug-file - Module entry task initialization takes 1 ms 
[2026-04-19T19:37:14.425] [DEBUG] debug-file - Hap plugin register hook start...
[2026-04-19T19:37:14.425] [DEBUG] debug-file - Hap plugin register hook end...
[2026-04-19T19:37:14.425] [DEBUG] debug-file - Plugin build process completed
[2026-04-19T19:37:14.426] [DEBUG] debug-file - hvigorfile, resolve finished D:\Harmonyos\Rdb\entry\hvigorfile.ts
[2026-04-19T19:37:14.493] [DEBUG] debug-file - hvigorfile, resolve hvigorfile dependencies in 67 ms 
[2026-04-19T19:37:14.493] [DEBUG] debug-file - project has submodules:entry
[2026-04-19T19:37:14.494] [DEBUG] debug-file - start to load updatedOhPackageInfo to the disk
[2026-04-19T19:37:14.497] [DEBUG] debug-file - load to the disk finished
[2026-04-19T19:37:14.498] [DEBUG] debug-file - Start to initialize dependency information.
[2026-04-19T19:37:14.499] [DEBUG] debug-file - Module Rdb Collected Dependency: D:\Harmonyos\Rdb\oh_modules\.ohpm\@ohos+mpchart@3.0.27\oh_modules\@ohos\mpchart
[2026-04-19T19:37:14.499] [DEBUG] debug-file - Module Rdb's total dependency: 1
[2026-04-19T19:37:14.500] [DEBUG] debug-file - Start to initialize dependency information.
[2026-04-19T19:37:14.501] [DEBUG] debug-file - Module entry Collected Dependency: D:\Harmonyos\Rdb\oh_modules\.ohpm\@ohos+mpchart@3.0.27\oh_modules\@ohos\mpchart
[2026-04-19T19:37:14.501] [DEBUG] debug-file - Module entry's total dependency: 1
[2026-04-19T19:37:14.502] [DEBUG] debug-file - Configuration phase cost:144 ms 
[2026-04-19T19:37:14.502] [DEBUG] debug-file - Configuration task cost before running: 152 ms 
[2026-04-19T19:37:14.505] [DEBUG] debug-file - Executing task :entry:default@PreBuild
[2026-04-19T19:37:14.506] [DEBUG] debug-file - Task 'entry:default@PreBuild' cost while wrapping incremental declarations: 1 ms 
[2026-04-19T19:37:14.511] [DEBUG] debug-file - Incremental task entry:default@PreBuild pre-execution cost: 4 ms .
[2026-04-19T19:37:14.511] [DEBUG] debug-file - entry : default@PreBuild cost memory 0.2854156494140625
[2026-04-19T19:37:14.513] [INFO] debug-file - UP-TO-DATE :entry:default@PreBuild...  
[2026-04-19T19:37:14.514] [DEBUG] debug-file - Executing task :entry:default@CreateModuleInfo
[2026-04-19T19:37:14.514] [DEBUG] debug-file - Task 'entry:default@CreateModuleInfo' cost while wrapping incremental declarations: 1 ms 
[2026-04-19T19:37:14.515] [DEBUG] debug-file - entry : default@CreateModuleInfo cost memory 0.04388427734375
[2026-04-19T19:37:14.515] [DEBUG] debug-file - runTaskFromQueue task cost before running: 165 ms 
[2026-04-19T19:37:14.515] [INFO] debug-file - Finished :entry:default@CreateModuleInfo... after 2 ms 
[2026-04-19T19:37:14.516] [DEBUG] debug-file - Executing task :entry:default@GenerateMetadata
[2026-04-19T19:37:14.517] [DEBUG] debug-file - Task 'entry:default@GenerateMetadata' cost while wrapping incremental declarations: 1 ms 
[2026-04-19T19:37:14.517] [DEBUG] debug-file - Incremental task entry:default@GenerateMetadata pre-execution cost: 1 ms .
[2026-04-19T19:37:14.518] [DEBUG] debug-file - entry : default@GenerateMetadata cost memory 0.0783843994140625
[2026-04-19T19:37:14.518] [INFO] debug-file - UP-TO-DATE :entry:default@GenerateMetadata...  
[2026-04-19T19:37:14.519] [DEBUG] debug-file - Executing task :entry:default@ConfigureCmake
[2026-04-19T19:37:14.519] [DEBUG] debug-file - entry : default@ConfigureCmake cost memory 0.01409912109375
[2026-04-19T19:37:14.519] [DEBUG] debug-file - runTaskFromQueue task cost before running: 169 ms 
[2026-04-19T19:37:14.519] [INFO] debug-file - Finished :entry:default@ConfigureCmake... after 1 ms 
[2026-04-19T19:37:14.520] [DEBUG] debug-file - Executing task :entry:default@MergeProfile
[2026-04-19T19:37:14.520] [DEBUG] debug-file - Task 'entry:default@MergeProfile' cost while wrapping incremental declarations: 1 ms 
[2026-04-19T19:37:14.522] [DEBUG] debug-file - Incremental task entry:default@MergeProfile pre-execution cost: 2 ms .
[2026-04-19T19:37:14.522] [DEBUG] debug-file - entry : default@MergeProfile cost memory 0.14134979248046875
[2026-04-19T19:37:14.522] [INFO] debug-file - UP-TO-DATE :entry:default@MergeProfile...  
[2026-04-19T19:37:14.523] [DEBUG] debug-file - Executing task :entry:default@CreateBuildProfile
[2026-04-19T19:37:14.524] [DEBUG] debug-file - Task 'entry:default@CreateBuildProfile' cost while wrapping incremental declarations: 1 ms 
[2026-04-19T19:37:14.525] [DEBUG] debug-file - Incremental task entry:default@CreateBuildProfile pre-execution cost: 1 ms .
[2026-04-19T19:37:14.525] [DEBUG] debug-file - entry : default@CreateBuildProfile cost memory 0.0838470458984375
[2026-04-19T19:37:14.525] [INFO] debug-file - UP-TO-DATE :entry:default@CreateBuildProfile...  
[2026-04-19T19:37:14.529] [DEBUG] debug-file - Executing task :entry:default@PreCheckSyscap
[2026-04-19T19:37:14.530] [DEBUG] debug-file - entry : default@PreCheckSyscap cost memory 0.01432037353515625
[2026-04-19T19:37:14.530] [DEBUG] debug-file - runTaskFromQueue task cost before running: 180 ms 
[2026-04-19T19:37:14.530] [INFO] debug-file - Finished :entry:default@PreCheckSyscap... after 1 ms 
[2026-04-19T19:37:14.531] [DEBUG] debug-file - Executing task :entry:default@GeneratePkgContextInfo
[2026-04-19T19:37:14.535] [DEBUG] debug-file - Task 'entry:default@GeneratePkgContextInfo' cost while wrapping incremental declarations: 1 ms 
[2026-04-19T19:37:14.535] [DEBUG] debug-file - entry : default@GeneratePkgContextInfo cost memory 0.2352752685546875
[2026-04-19T19:37:14.535] [DEBUG] debug-file - runTaskFromQueue task cost before running: 185 ms 
[2026-04-19T19:37:14.535] [INFO] debug-file - Finished :entry:default@GeneratePkgContextInfo... after 4 ms 
[2026-04-19T19:37:14.538] [DEBUG] debug-file - Executing task :entry:default@ProcessIntegratedHsp
[2026-04-19T19:37:14.538] [DEBUG] debug-file - entry:default@ProcessIntegratedHsp is not up-to-date, since the output file 'D:\Harmonyos\Rdb\build\cache\default\integrated_hsp\integratedHspCache.json' does not exist.
[2026-04-19T19:37:14.538] [DEBUG] debug-file - Incremental task entry:default@ProcessIntegratedHsp pre-execution cost: 1 ms .
[2026-04-19T19:37:14.538] [DEBUG] debug-file - entry : default@ProcessIntegratedHsp cost memory 0.0532379150390625
[2026-04-19T19:37:14.538] [DEBUG] debug-file - runTaskFromQueue task cost before running: 188 ms 
[2026-04-19T19:37:14.539] [INFO] debug-file - Finished :entry:default@ProcessIntegratedHsp... after 1 ms 
[2026-04-19T19:37:14.540] [DEBUG] debug-file - Executing task :entry:default@BuildNativeWithCmake
[2026-04-19T19:37:14.540] [DEBUG] debug-file - entry : default@BuildNativeWithCmake cost memory 0.01409912109375
[2026-04-19T19:37:14.540] [DEBUG] debug-file - runTaskFromQueue task cost before running: 190 ms 
[2026-04-19T19:37:14.540] [INFO] debug-file - Finished :entry:default@BuildNativeWithCmake... after 1 ms 
[2026-04-19T19:37:14.542] [DEBUG] debug-file - Executing task :entry:default@MakePackInfo
[2026-04-19T19:37:14.543] [DEBUG] debug-file - Incremental task entry:default@MakePackInfo pre-execution cost: 1 ms .
[2026-04-19T19:37:14.543] [DEBUG] debug-file - entry : default@MakePackInfo cost memory 0.09607696533203125
[2026-04-19T19:37:14.544] [INFO] debug-file - UP-TO-DATE :entry:default@MakePackInfo...  
[2026-04-19T19:37:14.545] [DEBUG] debug-file - Executing task :entry:default@SyscapTransform
[2026-04-19T19:37:14.545] [DEBUG] debug-file - File: 'D:\Harmonyos\Rdb\entry\src\main\syscap.json' from 'sysCapJsonPath' is not exists, just ignore.
[2026-04-19T19:37:14.545] [DEBUG] debug-file - Task 'entry:default@SyscapTransform' cost while wrapping incremental declarations: 1 ms 
[2026-04-19T19:37:14.546] [DEBUG] debug-file - entry:default@SyscapTransform is not up-to-date, since the output file 'D:\Harmonyos\Rdb\entry\build\default\intermediates\syscap\default\rpcid.sc' does not exist.
[2026-04-19T19:37:14.546] [DEBUG] debug-file - Incremental task entry:default@SyscapTransform pre-execution cost: 2 ms .
[2026-04-19T19:37:14.547] [DEBUG] debug-file - entry : default@SyscapTransform cost memory 0.14403533935546875
[2026-04-19T19:37:14.547] [DEBUG] debug-file - runTaskFromQueue task cost before running: 197 ms 
[2026-04-19T19:37:14.547] [INFO] debug-file - Finished :entry:default@SyscapTransform... after 3 ms 
[2026-04-19T19:37:14.548] [DEBUG] debug-file - Executing task :entry:default@ProcessProfile
[2026-04-19T19:37:14.549] [DEBUG] debug-file - Task 'entry:default@ProcessProfile' cost while wrapping incremental declarations: 1 ms 
[2026-04-19T19:37:14.550] [DEBUG] debug-file - Incremental task entry:default@ProcessProfile pre-execution cost: 1 ms .
[2026-04-19T19:37:14.550] [DEBUG] debug-file - entry : default@ProcessProfile cost memory 0.1209564208984375
[2026-04-19T19:37:14.550] [INFO] debug-file - UP-TO-DATE :entry:default@ProcessProfile...  
[2026-04-19T19:37:14.552] [DEBUG] debug-file - Executing task :entry:default@ProcessRouterMap
[2026-04-19T19:37:14.554] [DEBUG] debug-file - Incremental task entry:default@ProcessRouterMap pre-execution cost: 2 ms .
[2026-04-19T19:37:14.554] [DEBUG] debug-file - entry : default@ProcessRouterMap cost memory 0.13732147216796875
[2026-04-19T19:37:14.555] [INFO] debug-file - UP-TO-DATE :entry:default@ProcessRouterMap...  
[2026-04-19T19:37:14.556] [DEBUG] debug-file - Executing task :entry:default@ProcessShareConfig
[2026-04-19T19:37:14.557] [DEBUG] debug-file - Incremental task entry:default@ProcessShareConfig pre-execution cost: 1 ms .
[2026-04-19T19:37:14.557] [DEBUG] debug-file - entry : default@ProcessShareConfig cost memory 0.109283447265625
[2026-04-19T19:37:14.557] [INFO] debug-file - UP-TO-DATE :entry:default@ProcessShareConfig...  
[2026-04-19T19:37:14.558] [DEBUG] debug-file - Executing task :entry:default@ProcessStartupConfig
[2026-04-19T19:37:14.559] [DEBUG] debug-file - Task 'entry:default@ProcessStartupConfig' cost while wrapping incremental declarations: 1 ms 
[2026-04-19T19:37:14.559] [DEBUG] debug-file - entry:default@ProcessStartupConfig is not up-to-date, since the output file 'D:\Harmonyos\Rdb\entry\build\default\intermediates\startup\default\startup_config.json' does not exist.
[2026-04-19T19:37:14.559] [DEBUG] debug-file - Incremental task entry:default@ProcessStartupConfig pre-execution cost: 1 ms .
[2026-04-19T19:37:14.560] [DEBUG] debug-file - entry : default@ProcessStartupConfig cost memory 0.0949554443359375
[2026-04-19T19:37:14.560] [DEBUG] debug-file - runTaskFromQueue task cost before running: 210 ms 
[2026-04-19T19:37:14.560] [INFO] debug-file - Finished :entry:default@ProcessStartupConfig... after 2 ms 
[2026-04-19T19:37:14.561] [DEBUG] debug-file - Executing task :entry:default@BuildNativeWithNinja
[2026-04-19T19:37:14.561] [DEBUG] debug-file - entry : default@BuildNativeWithNinja cost memory 0.01929473876953125
[2026-04-19T19:37:14.561] [DEBUG] debug-file - runTaskFromQueue task cost before running: 211 ms 
[2026-04-19T19:37:14.562] [INFO] debug-file - Finished :entry:default@BuildNativeWithNinja... after 1 ms 
[2026-04-19T19:37:14.563] [DEBUG] debug-file - restool module names: entry; moduleName=entry, taskName=default@ProcessResource
[2026-04-19T19:37:14.565] [DEBUG] debug-file - Executing task :entry:default@ProcessResource
[2026-04-19T19:37:14.565] [DEBUG] debug-file - Task 'entry:default@ProcessResource' cost while wrapping incremental declarations: 1 ms 
[2026-04-19T19:37:14.566] [DEBUG] debug-file - Incremental task entry:default@ProcessResource pre-execution cost: 1 ms .
[2026-04-19T19:37:14.566] [DEBUG] debug-file - entry : default@ProcessResource cost memory 0.12212371826171875
[2026-04-19T19:37:14.568] [INFO] debug-file - UP-TO-DATE :entry:default@ProcessResource...  
[2026-04-19T19:37:14.569] [DEBUG] debug-file - Executing task :entry:default@GenerateLoaderJson
[2026-04-19T19:37:14.569] [DEBUG] debug-file - Task 'entry:default@GenerateLoaderJson' cost while wrapping incremental declarations: 1 ms 
[2026-04-19T19:37:14.574] [DEBUG] debug-file - Incremental task entry:default@GenerateLoaderJson pre-execution cost: 3 ms .
[2026-04-19T19:37:14.575] [DEBUG] debug-file - entry : default@GenerateLoaderJson cost memory 0.4935150146484375
[2026-04-19T19:37:14.578] [INFO] debug-file - UP-TO-DATE :entry:default@GenerateLoaderJson...  
[2026-04-19T19:37:14.579] [DEBUG] debug-file - Executing task :entry:default@ProcessLibs
[2026-04-19T19:37:14.581] [DEBUG] debug-file - Incremental task entry:default@ProcessLibs pre-execution cost: 1 ms .
[2026-04-19T19:37:14.581] [DEBUG] debug-file - entry : default@ProcessLibs cost memory 0.1773834228515625
[2026-04-19T19:37:14.581] [INFO] debug-file - UP-TO-DATE :entry:default@ProcessLibs...  
[2026-04-19T19:37:14.582] [DEBUG] debug-file - restool module names: entry; moduleName=entry, taskName=default@CompileResource
[2026-04-19T19:37:14.584] [DEBUG] debug-file - Executing task :entry:default@CompileResource
[2026-04-19T19:37:14.600] [DEBUG] debug-file - Incremental task entry:default@CompileResource pre-execution cost: 15 ms .
[2026-04-19T19:37:14.600] [DEBUG] debug-file - entry : default@CompileResource cost memory 1.15997314453125
[2026-04-19T19:37:14.602] [INFO] debug-file - UP-TO-DATE :entry:default@CompileResource...  
[2026-04-19T19:37:14.604] [DEBUG] debug-file - Executing task :entry:default@DoNativeStrip
[2026-04-19T19:37:14.604] [DEBUG] debug-file - Task 'entry:default@DoNativeStrip' cost while wrapping incremental declarations: 1 ms 
[2026-04-19T19:37:14.605] [DEBUG] debug-file - Incremental task entry:default@DoNativeStrip pre-execution cost: 1 ms .
[2026-04-19T19:37:14.606] [DEBUG] debug-file - entry : default@DoNativeStrip cost memory 0.07196807861328125
[2026-04-19T19:37:14.606] [INFO] debug-file - UP-TO-DATE :entry:default@DoNativeStrip...  
[2026-04-19T19:37:14.607] [DEBUG] debug-file - Executing task :entry:default@CompileArkTS
[2026-04-19T19:37:14.610] [DEBUG] debug-file - obfuscationOptions: undefined
[2026-04-19T19:37:14.612] [DEBUG] debug-file - Task 'entry:default@CompileArkTS' cost while wrapping incremental declarations: 1 ms 
[2026-04-19T19:37:14.629] [DEBUG] debug-file - entry:default@CompileArkTS is not up-to-date, since the input file 'D:\Harmonyos\Rdb\entry\src\main\ets' has been changed.
[2026-04-19T19:37:14.629] [DEBUG] debug-file - Incremental task entry:default@CompileArkTS pre-execution cost: 17 ms .
[2026-04-19T19:37:14.635] [DEBUG] debug-file - build config:
[2026-04-19T19:37:14.635] [DEBUG] debug-file - {
  moduleType: 'entry',
  perf: 0,
  targetName: '.default',
  packageManagerType: 'ohpm',
  localPropertiesPath: 'D:\\Harmonyos\\Rdb\\local.properties',
  isPreview: false,
  isOhosTest: false,
  isLocalTest: false,
  buildMode: 'Debug',
  hotReloadBuild: undefined,
  watchMode: 'false',
  aceProfilePath: 'D:\\Harmonyos\\Rdb\\entry\\build\\default\\intermediates\\res\\default\\resources\\base\\profile',
  etsLoaderPath: 'C:\\Program Files\\Huawei\\DevEco Studio\\sdk\\default\\openharmony\\ets\\build-tools\\ets-loader',
  modulePath: 'D:\\Harmonyos\\Rdb\\entry',
  testFrameworkPar: {
    testMode: undefined,
    coveragePathFilter: undefined,
    coverageMode: undefined
  },
  needCoverageInsert: false,
  debugLine: false,
  projectTopDir: 'D:\\Harmonyos\\Rdb',
  compileSdkVersion: 22,
  compatibleSdkVersion: 17,
  originCompatibleSdkVersion: '5.0.5(17)',
  compatibleSdkVersionStage: undefined,
  bundleName: 'c***b',
  etsLoaderVersion: '6.0.2.130',
  etsLoaderReleaseType: 'Release',
  aotCompileMode: 'type',
  apPath: 'D:\\Harmonyos\\Rdb\\entry\\modules.ap',
  entryModuleName: 'entry',
  entryModuleVersion: '1.0.0',
  entryPackageName: 'entry',
  allModuleNameHash: '199d9c189e05aafae23be9098c561ff961e0b37017b028c869204eaf5bb9b356',
  externalApiPaths: [
    'C:\\Program Files\\Huawei\\DevEco Studio\\sdk\\default\\hms\\ets'
  ],
  compilerTypes: [],
  isCrossplatform: false,
  hvigorPluginFile: undefined,
  compilePluginPath: undefined,
  buildGeneratedProfilePath: 'D:\\Harmonyos\\Rdb\\entry\\build\\default\\generated\\profile\\default',
  bundleType: 'app',
  arkTSVersion: undefined,
  apiVersion: 22,
  needCompleteSourcesMap: false,
  isFaMode: false,
  buildDir: 'D:\\Harmonyos\\Rdb\\entry\\build',
  deviceTypes: [ 'phone' ],
  pkgContextInfo: undefined,
  ohPackagePathMap: {},
  dependencyAliasMap: {},
  permission: { requestPermissions: [ [Object] ], definePermissions: undefined },
  useGetCurrentBundleName: false,
  projectArkOption: undefined,
  sourceMapDir: undefined,
  branchElimination: false,
  transformLib: undefined,
  tsImportSendable: false,
  resolveConflictMode: true,
  depName2RootPath: {},
  depName2DepInfo: {},
  rootPathSet: [ 'D:\\Harmonyos\\Rdb' ],
  useNativeResolver: true,
  shouldEmitJs: true,
  useTscResolve: false,
  singleFileEmit: false,
  userProjectConfig: {
    autoLazyImport: false,
    allowEmptyBundleName: false,
    reExportCheckMode: 'noCheck',
    executionMode: 'memory',
    usePathPlaceholder: false,
    writeRollupCache: true,
    isExpandImportEnabled: false,
    expandImportExclude: '',
    lazyImportExclude: '',
    lazyImportInclude: '',
    ignoreCrossplatformCheck: false,
    isHarDeduplicateEnabled: false,
    skipOhModulesLint: false,
    enableStrictCheckOHModule: false,
    disableSendableCheckRules: [],
    useDeclarationFileSignature: false,
    customizedOptions: undefined,
    integratedHsp: false,
    isPreloadSoEnabled: false
  },
  executionMode: 'memory',
  arkCompileCachePath: 'D:\\Harmonyos\\Rdb\\entry\\build\\default\\cache\\default\\default@CompileArkTS\\esmodule',
  autoLazyFilter: undefined,
  isHarDeduplicateEnabled: false,
  intermediateHarDuplicateDirPath: 'D:\\Harmonyos\\Rdb\\entry\\build\\default\\intermediates\\har_duplicate\\default',
  autoLazyImport: false,
  allowEmptyBundleName: false,
  reExportCheckMode: 'noCheck',
  usePathPlaceholder: false,
  writeRollupCache: true,
  isExpandImportEnabled: false,
  expandImportExclude: '',
  lazyImportExclude: '',
  lazyImportInclude: '',
  ignoreCrossplatformCheck: false,
  skipOhModulesLint: false,
  enableStrictCheckOHModule: false,
  disableSendableCheckRules: [],
  useDeclarationFileSignature: false,
  customizedOptions: undefined,
  integratedHsp: false,
  isPreloadSoEnabled: false,
  strictMode: undefined,
  useNormalizedOHMUrl: false,
  caseSensitiveCheck: false,
  aceModuleJsonPath: 'D:\\Harmonyos\\Rdb\\entry\\build\\default\\intermediates\\res\\default\\ark_module.json',
  appResource: 'D:\\Harmonyos\\Rdb\\entry\\build\\default\\intermediates\\res\\default\\ResourceTable.txt',
  rawFileResource: 'D:\\Harmonyos\\Rdb\\entry\\build\\default\\intermediates\\res\\default\\resources\\rawfile',
  resourceTableHash: 'bc30de88bcdc2d48b439b5331438f18f5e6581667fb0e08a149114abb4f3a1a7',
  runtimeOS: 'HarmonyOS',
  sdkInfo: 'false:22:6.0.2.130:Release',
  aceModuleRoot: 'D:\\Harmonyos\\Rdb\\entry\\src\\main\\ets',
  compileMode: 'esmodule',
  aceSuperVisualPath: 'D:\\Harmonyos\\Rdb\\entry\\src\\main\\supervisual',
  aceBuildJson: 'D:\\Harmonyos\\Rdb\\entry\\build\\default\\intermediates\\loader\\default\\loader.json',
  cachePath: 'D:\\Harmonyos\\Rdb\\entry\\build\\default\\cache\\default\\default@CompileArkTS\\esmodule\\debug',
  aceModuleBuild: 'D:\\Harmonyos\\Rdb\\entry\\build\\default\\intermediates\\loader_out\\default\\ets',
  supportChunks: true,
  declaredFilesPath: undefined,
  shouldCollectDirectImportees: false,
  isByteCodeHarOptimize: false,
  expandImportPath: undefined,
  pkgNameToPkgBriefInfo: {
    '@ohos/mpchart': {
      pkgRoot: 'D:\\Harmonyos\\Rdb\\oh_modules\\.ohpm\\@ohos+mpchart@3.0.27\\oh_modules\\@ohos\\mpchart',
      pkgName: '@ohos/mpchart',
      sourceRoots: [Array]
    },
    entry: {
      pkgRoot: 'D:\\Harmonyos\\Rdb\\entry',
      originalSourceRoots: undefined,
      sourceRoots: [Array],
      pkgName: 'entry'
    }
  },
  projectModel: {
    'D:\\Harmonyos\\Rdb\\entry\\src\\main': {
      moduleName: 'entry',
      modulePkgPath: 'D:\\Harmonyos\\Rdb\\entry',
      belongProjectPath: 'D:\\Harmonyos\\Rdb'
    },
    'D:\\Harmonyos\\Rdb\\entry': {
      moduleName: 'entry',
      modulePkgPath: 'D:\\Harmonyos\\Rdb\\entry',
      belongProjectPath: 'D:\\Harmonyos\\Rdb'
    },
    'D:\\Harmonyos\\Rdb': {
      moduleName: 'Rdb',
      modulePkgPath: 'D:\\Harmonyos\\Rdb',
      belongProjectPath: 'D:\\Harmonyos\\Rdb'
    }
  },
  pkgJsonFileHash: 'd56bf149d8241d4d0c1ae430fabb9fa7e929fed90b32548bd9094ede2f766d24',
  allModulePaths: [ 'D:\\Harmonyos\\Rdb\\entry' ],
  routerMap: {},
  obfuscationOptions: undefined,
  byteCodeHarToDependencyKeys: undefined,
  compileBlockPkg: [],
  mockParams: {
    decorator: '@MockSetup',
    packageName: '@ohos/hamock',
    etsSourceRootPath: 'src/main/ets',
    mockConfigPath: undefined,
    mockConfigKey2ModuleInfo: {},
    source2ModuleIdMap: {}
  },
  copyCodeResourceEnable: true,
  copyCodeResourceExcludes: [],
  copyCodeResourceIncludes: undefined,
  uiTransformOptimization: false,
  sdkPath: 'C:/Program Files/Huawei/DevEco Studio/sdk',
  needPreloadSoFileSet: {},
  preloadSoFilePath: 'D:\\Harmonyos\\Rdb\\entry\\build\\default\\intermediates\\preload\\default\\preload.json',
  useSourceHash: false,
  localModuleParamMap: {},
  otherPaths: {
    '@ohos/mpchart/*': [
      '..\\..\\..\\..\\oh_modules\\.ohpm\\@ohos+mpchart@3.0.27\\oh_modules\\@ohos\\mpchart\\src\\main\\*'
    ],
    'entry/*': [
      '..\\*',
      '..\\..\\..\\build\\default\\generated\\profile\\default\\*'
    ]
  },
  collectImportersConfig: undefined
}
[2026-04-19T19:37:14.636] [DEBUG] debug-file - Compile arkts with external api path: C:\Program Files\Huawei\DevEco Studio\sdk\default\hms\ets
[2026-04-19T19:37:14.636] [DEBUG] debug-file - default@CompileArkTS work[14] is submitted.
[2026-04-19T19:37:14.636] [DEBUG] debug-file - default@CompileArkTS work[14] is pushed to ready queue.
[2026-04-19T19:37:14.636] [DEBUG] debug-file - A work dispatched to worker[17] failed because unable to get work from ready queue.
[2026-04-19T19:37:14.636] [DEBUG] debug-file - A work dispatched to worker[16] failed because unable to get work from ready queue.
[2026-04-19T19:37:14.636] [DEBUG] debug-file - A work dispatched to worker[15] failed because unable to get work from ready queue.
[2026-04-19T19:37:14.636] [DEBUG] debug-file - A work dispatched to worker[14] failed because unable to get work from ready queue.
[2026-04-19T19:37:14.636] [DEBUG] debug-file - A work dispatched to worker[13] failed because unable to get work from ready queue.
[2026-04-19T19:37:14.636] [DEBUG] debug-file - A work dispatched to worker[12] failed because unable to get work from ready queue.
[2026-04-19T19:37:14.636] [DEBUG] debug-file - A work dispatched to worker[11] failed because unable to get work from ready queue.
[2026-04-19T19:37:14.636] [DEBUG] debug-file - A work dispatched to worker[10] failed because unable to get work from ready queue.
[2026-04-19T19:37:14.636] [DEBUG] debug-file - A work dispatched to worker[9] failed because unable to get work from ready queue.
[2026-04-19T19:37:14.637] [DEBUG] debug-file - A work dispatched to worker[8] failed because unable to get work from ready queue.
[2026-04-19T19:37:14.637] [DEBUG] debug-file - A work dispatched to worker[7] failed because unable to get work from ready queue.
[2026-04-19T19:37:14.637] [DEBUG] debug-file - A work dispatched to worker[6] failed because unable to get work from ready queue.
[2026-04-19T19:37:14.637] [DEBUG] debug-file - A work dispatched to worker[5] failed because unable to get work from ready queue.
[2026-04-19T19:37:14.637] [DEBUG] debug-file - default@CompileArkTS work[14] has been dispatched to worker[4].
[2026-04-19T19:37:14.637] [DEBUG] debug-file - default@CompileArkTS work[14] is dispatched.
[2026-04-19T19:37:14.637] [DEBUG] debug-file - CopyResources startTime: 324036572551700
[2026-04-19T19:37:14.637] [DEBUG] debug-file - default@CompileArkTS work[15] is submitted.
[2026-04-19T19:37:14.637] [DEBUG] debug-file - default@CompileArkTS work[15] is pushed to ready queue.
[2026-04-19T19:37:14.637] [DEBUG] debug-file - A work dispatched to worker[17] failed because unable to get work from ready queue.
[2026-04-19T19:37:14.637] [DEBUG] debug-file - Create  resident worker with id: 16.
[2026-04-19T19:37:14.638] [DEBUG] debug-file - default@CompileArkTS work[15] has been dispatched to worker[16].
[2026-04-19T19:37:14.638] [DEBUG] debug-file - default@CompileArkTS work[15] is dispatched.
[2026-04-19T19:37:14.638] [DEBUG] debug-file - entry : default@CompileArkTS cost memory -1.3258285522460938
[2026-04-19T19:37:14.640] [DEBUG] debug-file - Executing task :entry:default@BuildJS
[2026-04-19T19:37:14.640] [DEBUG] debug-file - Task 'entry:default@BuildJS' cost while wrapping incremental declarations: 1 ms 
[2026-04-19T19:37:14.642] [DEBUG] debug-file - entry : default@BuildJS cost memory 0.14458465576171875
[2026-04-19T19:37:14.642] [DEBUG] debug-file - runTaskFromQueue task cost before running: 292 ms 
[2026-04-19T19:37:14.642] [INFO] debug-file - Finished :entry:default@BuildJS... after 3 ms 
[2026-04-19T19:37:14.644] [DEBUG] debug-file - Executing task :entry:default@CacheNativeLibs
[2026-04-19T19:37:14.644] [DEBUG] debug-file - Task 'entry:default@CacheNativeLibs' cost while wrapping incremental declarations: 1 ms 
[2026-04-19T19:37:14.645] [DEBUG] debug-file - Incremental task entry:default@CacheNativeLibs pre-execution cost: 2 ms .
[2026-04-19T19:37:14.646] [DEBUG] debug-file - entry : default@CacheNativeLibs cost memory 0.08737945556640625
[2026-04-19T19:37:14.646] [INFO] debug-file - UP-TO-DATE :entry:default@CacheNativeLibs...  
[2026-04-19T19:37:15.564] [DEBUG] debug-file - Ark compile task finished.finished time is 324037500071500
[2026-04-19T19:37:15.565] [DEBUG] debug-file - worker[4] has one work done.
[2026-04-19T19:37:15.566] [DEBUG] debug-file - default@CompileArkTS work[14] done.
[2026-04-19T19:37:15.566] [DEBUG] debug-file - A work dispatched to worker[4] failed because unable to get work from ready queue.
[2026-04-19T19:37:15.836] [DEBUG] debug-file - worker[16] has one work done.
[2026-04-19T19:37:15.837] [DEBUG] debug-file - CopyResources is end, endTime: 324037772334400
[2026-04-19T19:37:15.837] [DEBUG] debug-file - default@CompileArkTS work[15] done.
[2026-04-19T19:37:15.837] [DEBUG] debug-file - A work dispatched to worker[16] failed because unable to get work from ready queue.
[2026-04-19T19:37:15.839] [INFO] debug-file - Finished :entry:default@CompileArkTS... after 977 ms 
[2026-04-19T19:37:15.841] [DEBUG] debug-file - Executing task :entry:default@GeneratePkgModuleJson
[2026-04-19T19:37:15.841] [DEBUG] debug-file - File: 'D:\Harmonyos\Rdb\entry\build\default\intermediates\preload\default\preload.json' from 'preloadSoJsonPath' is not exists, just ignore.
[2026-04-19T19:37:15.842] [DEBUG] debug-file - Error occurs while handling @Input 'shouldDeduplicateHar': The "data" argument must be of type string or an instance of Buffer, TypedArray, or DataView. Received undefined
[2026-04-19T19:37:15.842] [DEBUG] debug-file - Task 'entry:default@GeneratePkgModuleJson' cost while wrapping incremental declarations: 1 ms 
[2026-04-19T19:37:15.843] [DEBUG] debug-file - Incremental task entry:default@GeneratePkgModuleJson pre-execution cost: 1 ms .
[2026-04-19T19:37:15.843] [DEBUG] debug-file - entry : default@GeneratePkgModuleJson cost memory 0.1653289794921875
[2026-04-19T19:37:15.843] [INFO] debug-file - UP-TO-DATE :entry:default@GeneratePkgModuleJson...  
[2026-04-19T19:37:15.844] [DEBUG] debug-file - Executing task :entry:default@ProcessCompiledResources
[2026-04-19T19:37:15.844] [DEBUG] debug-file - File: 'D:\Harmonyos\Rdb\entry\build\default\intermediates\preload\default\preload.json' from 'preloadSoJsonPath' is not exists, just ignore.
[2026-04-19T19:37:15.845] [DEBUG] debug-file - Task 'entry:default@ProcessCompiledResources' cost while wrapping incremental declarations: 1 ms 
[2026-04-19T19:37:15.845] [DEBUG] debug-file - entry : default@ProcessCompiledResources cost memory 0.05730438232421875
[2026-04-19T19:37:15.845] [DEBUG] debug-file - runTaskFromQueue task cost before running: 1 s 495 ms 
[2026-04-19T19:37:15.845] [INFO] debug-file - Finished :entry:default@ProcessCompiledResources... after 2 ms 
[2026-04-19T19:37:15.848] [DEBUG] debug-file - Executing task :entry:default@PackageHap
[2026-04-19T19:37:15.851] [DEBUG] debug-file - entry:default@PackageHap is not up-to-date, since the input file 'D:\Harmonyos\Rdb\entry\build\default\intermediates\loader_out\default\ets' has been changed.
[2026-04-19T19:37:15.851] [DEBUG] debug-file - Incremental task entry:default@PackageHap pre-execution cost: 4 ms .
[2026-04-19T19:37:15.852] [DEBUG] debug-file - Use tool [C:\Program Files\Huawei\DevEco Studio\sdk\default\openharmony\toolchains\lib\app_packing_tool.jar]
 [
  'java',
  '-Dfile.encoding=GBK',
  '-jar',
  'C:\\Program Files\\Huawei\\DevEco Studio\\sdk\\default\\openharmony\\toolchains\\lib\\app_packing_tool.jar',
  '--mode',
  'hap',
  '--force',
  'true',
  '--lib-path',
  'D:\\Harmonyos\\Rdb\\entry\\build\\default\\intermediates\\stripped_native_libs\\default',
  '--json-path',
  'D:\\Harmonyos\\Rdb\\entry\\build\\default\\intermediates\\package\\default\\module.json',
  '--resources-path',
  'D:\\Harmonyos\\Rdb\\entry\\build\\default\\intermediates\\res\\default\\resources',
  '--index-path',
  'D:\\Harmonyos\\Rdb\\entry\\build\\default\\intermediates\\res\\default\\resources.index',
  '--pack-info-path',
  'D:\\Harmonyos\\Rdb\\entry\\build\\default\\outputs\\default\\pack.info',
  '--out-path',
  'D:\\Harmonyos\\Rdb\\entry\\build\\default\\outputs\\default\\entry-default-unsigned.hap',
  '--ets-path',
  'D:\\Harmonyos\\Rdb\\entry\\build\\default\\intermediates\\loader_out\\default\\ets'
]
[2026-04-19T19:37:15.907] [DEBUG] debug-file - java daemon socket received message:{"code":0,"message":"pack success"}
[2026-04-19T19:37:15.911] [DEBUG] debug-file - entry : default@PackageHap cost memory 0.8107452392578125
[2026-04-19T19:37:15.911] [DEBUG] debug-file - runTaskFromQueue task cost before running: 1 s 561 ms 
[2026-04-19T19:37:15.912] [INFO] debug-file - Finished :entry:default@PackageHap... after 64 ms 
[2026-04-19T19:37:15.914] [DEBUG] debug-file - Executing task :entry:default@PackingCheck
[2026-04-19T19:37:15.921] [DEBUG] debug-file - entry : default@PackingCheck cost memory 0.49945068359375
[2026-04-19T19:37:15.921] [DEBUG] debug-file - runTaskFromQueue task cost before running: 1 s 571 ms 
[2026-04-19T19:37:15.922] [INFO] debug-file - Finished :entry:default@PackingCheck... after 8 ms 
[2026-04-19T19:37:15.923] [DEBUG] debug-file - Executing task :entry:default@SignHap
[2026-04-19T19:37:15.923] [WARN] debug-file - Will skip sign 'hos_hap'. No signingConfigs profile is configured in current project.
             If needed, configure the signingConfigs in D:\Harmonyos\Rdb\build-profile.json5.
[2026-04-19T19:37:15.925] [DEBUG] debug-file - entry:default@SignHap is not up-to-date, since the input file 'D:\Harmonyos\Rdb\entry\build\default\outputs\default\entry-default-unsigned.hap' has been changed.
[2026-04-19T19:37:15.925] [DEBUG] debug-file - Incremental task entry:default@SignHap pre-execution cost: 1 ms .
[2026-04-19T19:37:15.925] [DEBUG] debug-file - entry : default@SignHap cost memory 0.083099365234375
[2026-04-19T19:37:15.925] [DEBUG] debug-file - runTaskFromQueue task cost before running: 1 s 575 ms 
[2026-04-19T19:37:15.926] [INFO] debug-file - Finished :entry:default@SignHap... after 3 ms 
[2026-04-19T19:37:15.927] [DEBUG] debug-file - Executing task :entry:default@CollectDebugSymbol
[2026-04-19T19:37:15.929] [DEBUG] debug-file - entry : default@CollectDebugSymbol cost memory 0.0784759521484375
[2026-04-19T19:37:15.929] [DEBUG] debug-file - runTaskFromQueue task cost before running: 1 s 579 ms 
[2026-04-19T19:37:15.929] [INFO] debug-file - Finished :entry:default@CollectDebugSymbol... after 2 ms 
[2026-04-19T19:37:15.930] [DEBUG] debug-file - Executing task :entry:assembleHap
[2026-04-19T19:37:15.930] [DEBUG] debug-file - entry : assembleHap cost memory 0.01214599609375
[2026-04-19T19:37:15.930] [DEBUG] debug-file - runTaskFromQueue task cost before running: 1 s 580 ms 
[2026-04-19T19:37:15.930] [INFO] debug-file - Finished :entry:assembleHap... after 1 ms 
[2026-04-19T19:37:15.948] [INFO] debug-file - BUILD SUCCESSFUL in 1 s 598 ms 
[2026-04-19T19:37:15.948] [DEBUG] debug-file - There is no need to refresh cache, since the incremental task entry:default@PreBuild is up-to-date.
[2026-04-19T19:37:15.948] [DEBUG] debug-file - Update task entry:default@CreateModuleInfo output file:D:\Harmonyos\Rdb\entry\build\default\generated\profile\default\ModuleInfo.ts cache.
[2026-04-19T19:37:15.949] [DEBUG] debug-file - Incremental task entry:default@CreateModuleInfo post-execution cost:1 ms .
[2026-04-19T19:37:15.949] [DEBUG] debug-file - There is no need to refresh cache, since the incremental task entry:default@GenerateMetadata is up-to-date.
[2026-04-19T19:37:15.949] [DEBUG] debug-file - There is no need to refresh cache, since the incremental task entry:default@MergeProfile is up-to-date.
[2026-04-19T19:37:15.949] [DEBUG] debug-file - There is no need to refresh cache, since the incremental task entry:default@CreateBuildProfile is up-to-date.
[2026-04-19T19:37:15.949] [DEBUG] debug-file - Update task entry:default@GeneratePkgContextInfo output file:D:\Harmonyos\Rdb\entry\build\default\intermediates\loader\default\pkgContextInfo.json cache.
[2026-04-19T19:37:15.950] [DEBUG] debug-file - Incremental task entry:default@GeneratePkgContextInfo post-execution cost:1 ms .
[2026-04-19T19:37:15.950] [DEBUG] debug-file - Update task entry:default@ProcessIntegratedHsp output file:D:\Harmonyos\Rdb\build\cache\default\integrated_hsp\integratedHspCache.json cache.
[2026-04-19T19:37:15.950] [DEBUG] debug-file - Incremental task entry:default@ProcessIntegratedHsp post-execution cost:1 ms .
[2026-04-19T19:37:15.950] [DEBUG] debug-file - There is no need to refresh cache, since the incremental task entry:default@MakePackInfo is up-to-date.
[2026-04-19T19:37:15.950] [DEBUG] debug-file - Update task entry:default@SyscapTransform input file:C:\Program Files\Huawei\DevEco Studio\sdk\default\openharmony\toolchains\syscap_tool.exe cache by regenerate.
[2026-04-19T19:37:15.950] [DEBUG] debug-file - Update task entry:default@SyscapTransform input file:C:\Program Files\Huawei\DevEco Studio\sdk\default\openharmony\ets\api\device-define cache by regenerate.
[2026-04-19T19:37:15.951] [DEBUG] debug-file - Update task entry:default@SyscapTransform output file:D:\Harmonyos\Rdb\entry\build\default\intermediates\syscap\default\rpcid.sc cache.
[2026-04-19T19:37:15.951] [DEBUG] debug-file - Incremental task entry:default@SyscapTransform post-execution cost:2 ms .
[2026-04-19T19:37:15.952] [DEBUG] debug-file - There is no need to refresh cache, since the incremental task entry:default@ProcessProfile is up-to-date.
[2026-04-19T19:37:15.952] [DEBUG] debug-file - There is no need to refresh cache, since the incremental task entry:default@ProcessRouterMap is up-to-date.
[2026-04-19T19:37:15.952] [DEBUG] debug-file - There is no need to refresh cache, since the incremental task entry:default@ProcessShareConfig is up-to-date.
[2026-04-19T19:37:15.952] [DEBUG] debug-file - Update task entry:default@ProcessStartupConfig output file:D:\Harmonyos\Rdb\entry\build\default\intermediates\startup\default\startup_config.json cache.
[2026-04-19T19:37:15.952] [DEBUG] debug-file - Incremental task entry:default@ProcessStartupConfig post-execution cost:1 ms .
[2026-04-19T19:37:15.952] [DEBUG] debug-file - There is no need to refresh cache, since the incremental task entry:default@ProcessResource is up-to-date.
[2026-04-19T19:37:15.952] [DEBUG] debug-file - There is no need to refresh cache, since the incremental task entry:default@GenerateLoaderJson is up-to-date.
[2026-04-19T19:37:15.952] [DEBUG] debug-file - There is no need to refresh cache, since the incremental task entry:default@ProcessLibs is up-to-date.
[2026-04-19T19:37:15.952] [DEBUG] debug-file - There is no need to refresh cache, since the incremental task entry:default@CompileResource is up-to-date.
[2026-04-19T19:37:15.952] [DEBUG] debug-file - There is no need to refresh cache, since the incremental task entry:default@DoNativeStrip is up-to-date.
[2026-04-19T19:37:15.953] [DEBUG] debug-file - Update task entry:default@CompileArkTS input file:D:\Harmonyos\Rdb\entry\build\default\intermediates\loader\default cache by regenerate.
[2026-04-19T19:37:15.953] [DEBUG] debug-file - Update task entry:default@CompileArkTS input file:D:\Harmonyos\Rdb\oh_modules\.ohpm\@ohos+mpchart@3.0.27\oh_modules\@ohos\mpchart\index.ets cache by regenerate.
[2026-04-19T19:37:15.953] [DEBUG] debug-file - Update task entry:default@CompileArkTS input file:D:\Harmonyos\Rdb\oh_modules\.ohpm\@ohos+mpchart@3.0.27\oh_modules\@ohos\mpchart\src\main\ets cache by regenerate.
[2026-04-19T19:37:15.980] [DEBUG] debug-file - Update task entry:default@CompileArkTS input file:D:\Harmonyos\Rdb\entry\build\default\intermediates\res\default\resources\rawfile cache by regenerate.
[2026-04-19T19:37:15.984] [DEBUG] debug-file - Update task entry:default@CompileArkTS input file:D:\Harmonyos\Rdb\entry\build\default\intermediates\res\default\ResourceTable.txt cache by regenerate.
[2026-04-19T19:37:15.984] [DEBUG] debug-file - Update task entry:default@CompileArkTS input file:D:\Harmonyos\Rdb\entry\build\default\intermediates\res\default\ark_module.json cache by regenerate.
[2026-04-19T19:37:15.984] [DEBUG] debug-file - Update task entry:default@CompileArkTS input file:D:\Harmonyos\Rdb\entry\build\default\intermediates\res\default\resources\base\profile cache by regenerate.
[2026-04-19T19:37:15.985] [DEBUG] debug-file - Update task entry:default@CompileArkTS input file:D:\Harmonyos\Rdb\entry\src\main\ets cache from map.
[2026-04-19T19:37:15.985] [DEBUG] debug-file - Update task entry:default@CompileArkTS input file:D:\Harmonyos\Rdb\entry\build\default\generated\profile\default\BuildProfile.ets cache by regenerate.
[2026-04-19T19:37:15.985] [DEBUG] debug-file - Update task entry:default@CompileArkTS output file:D:\Harmonyos\Rdb\entry\build\default\intermediates\loader_out\default\ets cache.
[2026-04-19T19:37:15.986] [DEBUG] debug-file - Incremental task entry:default@CompileArkTS post-execution cost:34 ms .
[2026-04-19T19:37:15.987] [DEBUG] debug-file - Update task entry:default@BuildJS input file:D:\Harmonyos\Rdb\entry\build\default\intermediates\loader\default cache by regenerate.
[2026-04-19T19:37:15.988] [DEBUG] debug-file - Update task entry:default@BuildJS input file:D:\Harmonyos\Rdb\oh_modules\.ohpm\@ohos+mpchart@3.0.27\oh_modules\@ohos\mpchart\index.ets cache by regenerate.
[2026-04-19T19:37:15.988] [DEBUG] debug-file - Update task entry:default@BuildJS input file:D:\Harmonyos\Rdb\entry\build\default\intermediates\res\default\resources\rawfile cache by regenerate.
[2026-04-19T19:37:15.990] [DEBUG] debug-file - Update task entry:default@BuildJS input file:D:\Harmonyos\Rdb\entry\build\default\intermediates\res\default\ResourceTable.txt cache by regenerate.
[2026-04-19T19:37:15.990] [DEBUG] debug-file - Update task entry:default@BuildJS input file:D:\Harmonyos\Rdb\entry\build\default\intermediates\res\default\ark_module.json cache by regenerate.
[2026-04-19T19:37:15.990] [DEBUG] debug-file - Update task entry:default@BuildJS input file:D:\Harmonyos\Rdb\entry\build\default\intermediates\res\default\resources\base\profile cache by regenerate.
[2026-04-19T19:37:15.991] [DEBUG] debug-file - Update task entry:default@BuildJS output file:D:\Harmonyos\Rdb\entry\build\default\intermediates\loader_out\default\js cache.
[2026-04-19T19:37:15.991] [DEBUG] debug-file - Incremental task entry:default@BuildJS post-execution cost:6 ms .
[2026-04-19T19:37:15.991] [DEBUG] debug-file - There is no need to refresh cache, since the incremental task entry:default@CacheNativeLibs is up-to-date.
[2026-04-19T19:37:15.991] [DEBUG] debug-file - There is no need to refresh cache, since the incremental task entry:default@GeneratePkgModuleJson is up-to-date.
[2026-04-19T19:37:15.991] [DEBUG] debug-file - Incremental task entry:default@ProcessCompiledResources post-execution cost:1 ms .
[2026-04-19T19:37:15.992] [DEBUG] debug-file - Update task entry:default@PackageHap input file:D:\Harmonyos\Rdb\entry\build\default\intermediates\stripped_native_libs\default cache by regenerate.
[2026-04-19T19:37:15.992] [DEBUG] debug-file - Update task entry:default@PackageHap input file:D:\Harmonyos\Rdb\entry\build\default\intermediates\res\default\module.json cache by regenerate.
[2026-04-19T19:37:15.992] [DEBUG] debug-file - Update task entry:default@PackageHap input file:D:\Harmonyos\Rdb\entry\build\default\intermediates\res\default\resources cache by regenerate.
[2026-04-19T19:37:15.997] [DEBUG] debug-file - Update task entry:default@PackageHap input file:D:\Harmonyos\Rdb\entry\build\default\intermediates\res\default\resources.index cache by regenerate.
[2026-04-19T19:37:15.998] [DEBUG] debug-file - Update task entry:default@PackageHap input file:D:\Harmonyos\Rdb\entry\build\default\outputs\default\pack.info cache by regenerate.
[2026-04-19T19:37:15.998] [DEBUG] debug-file - Update task entry:default@PackageHap input file:D:\Harmonyos\Rdb\entry\build\default\intermediates\loader_out\default\ets cache from map.
[2026-04-19T19:37:15.998] [DEBUG] debug-file - Update task entry:default@PackageHap input file:D:\Harmonyos\Rdb\entry\build\default\intermediates\loader_out\default\ets\sourceMaps.map cache by regenerate.
[2026-04-19T19:37:15.998] [DEBUG] debug-file - Update task entry:default@PackageHap input file:D:\Harmonyos\Rdb\entry\build\default\generated\profile\default\BuildProfile.ets cache by regenerate.
[2026-04-19T19:37:15.999] [DEBUG] debug-file - Update task entry:default@PackageHap output file:D:\Harmonyos\Rdb\entry\build\default\outputs\default\entry-default-unsigned.hap cache.
[2026-04-19T19:37:15.999] [DEBUG] debug-file - Update task entry:default@PackageHap output file:D:\Harmonyos\Rdb\entry\build\default\intermediates\source_map\default\sourceMaps.map cache.
[2026-04-19T19:37:16.000] [DEBUG] debug-file - Update task entry:default@PackageHap output file:D:\Harmonyos\Rdb\entry\build\default\outputs\default\mapping\sourceMaps.map cache.
[2026-04-19T19:37:16.000] [DEBUG] debug-file - Incremental task entry:default@PackageHap post-execution cost:9 ms .
[2026-04-19T19:37:16.000] [DEBUG] debug-file - Update task entry:default@SignHap input file:D:\Harmonyos\Rdb\entry\build\default\outputs\default\entry-default-unsigned.hap cache from map.
[2026-04-19T19:37:16.001] [DEBUG] debug-file - Update task entry:default@SignHap output file:D:\Harmonyos\Rdb\entry\build\default\outputs\default\entry-default-signed.hap cache.
[2026-04-19T19:37:16.001] [DEBUG] debug-file - Incremental task entry:default@SignHap post-execution cost:1 ms .
[2026-04-19T19:37:16.001] [DEBUG] debug-file - Update task entry:default@CollectDebugSymbol input file:D:\Harmonyos\Rdb\entry\build\default\intermediates\loader_out\default\ets\sourceMaps.map cache by regenerate.
[2026-04-19T19:37:16.002] [DEBUG] debug-file - Update task entry:default@CollectDebugSymbol input file:D:\Harmonyos\Rdb\entry\build\default\intermediates\libs\default cache by regenerate.
[2026-04-19T19:37:16.002] [DEBUG] debug-file - Update task entry:default@CollectDebugSymbol output file:D:\Harmonyos\Rdb\entry\build\default\outputs\default\symbol cache.
[2026-04-19T19:37:16.002] [DEBUG] debug-file - Incremental task entry:default@CollectDebugSymbol post-execution cost:2 ms .
[2026-04-19T19:37:16.033] [DEBUG] debug-file - Cleanup worker 16.
[2026-04-19T19:37:16.033] [DEBUG] debug-file - Worker 16 has been cleaned up.
[2026-04-19T19:37:16.033] [DEBUG] debug-file - Current idle worker size: 1.
[2026-04-19T19:37:16.033] [DEBUG] debug-file - Current resident worker size: 2.
[2026-04-19T19:37:16.034] [DEBUG] debug-file - hvigor build process will be closed.
[2026-04-19T19:37:16.035] [DEBUG] debug-file - java daemon socket close code:1000 reason:close by user
[2026-04-19T19:37:16.041] [DEBUG] debug-file - session manager: send message to worker process.
[2026-04-19T19:37:16.042] [DEBUG] debug-file - session manager: send message to worker process.
[2026-04-19T19:37:16.042] [DEBUG] debug-file - watch worker: worker id should be larger than 0. Nothing will be sent to any worker thread.
[2026-04-19T19:37:16.042] [DEBUG] debug-file - watch worker: worker id should be larger than 0. Nothing will be sent to any worker thread.
[2026-04-19T19:37:16.047] [DEBUG] debug-file - worker[16] exits with exit code 1.
[2026-04-19T19:40:56.916] [DEBUG] debug-file - session manager: set active socket. socketId=2zx8oaugYZ4vcUFdAAAT
[2026-04-19T19:40:56.936] [DEBUG] debug-file - watch worker: worker id should be larger than 0. Nothing will be sent to any worker thread.
[2026-04-19T19:40:56.940] [DEBUG] debug-file - Workers' log level updated to INFO
[2026-04-19T19:40:56.942] [DEBUG] debug-file - Hvigor init with startParameters:{
  hvigorfileTypeCheck: false,
  parallelExecution: true,
  incrementalExecution: true,
  printStackTrace: false,
  daemon: true,
  analyze: 0,
  logLevel: Level { level: 20000, levelStr: 'INFO', colour: 'green' },
  optimizationStrategy: 'memory',
  hotCompile: undefined,
  hotReloadBuild: undefined,
  customizedParam: undefined
}
[2026-04-19T19:40:56.946] [DEBUG] debug-file - Cache service initialization finished in 4 ms 
[2026-04-19T19:40:56.947] [DEBUG] debug-file - hvigorfile, resolving D:\Harmonyos\Rdb\hvigorfile.ts
[2026-04-19T19:40:56.955] [DEBUG] debug-file - hvigorfile, require result:  {}
[2026-04-19T19:40:56.955] [DEBUG] debug-file - hvigorfile, binding system plugins {}
[2026-04-19T19:40:56.955] [DEBUG] debug-file - Starting plugin build process
[2026-04-19T19:40:56.955] [DEBUG] debug-file - App plugin prepare start...
[2026-04-19T19:40:56.956] [DEBUG] debug-file - App plugin prepare end...
[2026-04-19T19:40:56.956] [DEBUG] debug-file - App plugin creating...
[2026-04-19T19:40:56.959] [DEBUG] debug-file - App plugin register hook start...
[2026-04-19T19:40:56.960] [DEBUG] debug-file - App plugin register hook end...
[2026-04-19T19:40:56.960] [DEBUG] debug-file - Plugin build process completed
[2026-04-19T19:40:56.960] [DEBUG] debug-file - Start initialize project's product build option map with build mode debug.
[2026-04-19T19:40:56.961] [DEBUG] debug-file - Picking option from product 'default' with build mode 'debug'.
[2026-04-19T19:40:56.961] [DEBUG] debug-file - Product 'default' build option initialized
[2026-04-19T19:40:56.961] [DEBUG] debug-file - End initialize project's product build option map with build mode 'debug'.
[2026-04-19T19:40:56.961] [DEBUG] debug-file - Obtain build option for product 'default'in this build.
[2026-04-19T19:40:56.962] [DEBUG] debug-file - No signingConfig found, initRemoteHspCache failed.
[2026-04-19T19:40:56.964] [DEBUG] debug-file - Start recording SDK configuration permission data.
[2026-04-19T19:40:56.985] [DEBUG] debug-file - Sdk init in 23 ms 
[2026-04-19T19:40:56.989] [DEBUG] debug-file - Project task initialization takes 3 ms 
[2026-04-19T19:40:56.989] [DEBUG] debug-file - hvigorfile, resolve finished D:\Harmonyos\Rdb\hvigorfile.ts
[2026-04-19T19:40:56.989] [DEBUG] debug-file - hvigorfile, resolving D:\Harmonyos\Rdb\entry\hvigorfile.ts
[2026-04-19T19:40:56.992] [DEBUG] debug-file - hvigorfile, require result:  {}
[2026-04-19T19:40:56.992] [DEBUG] debug-file - hvigorfile, binding system plugins {}
[2026-04-19T19:40:56.992] [DEBUG] debug-file - Starting plugin build process
[2026-04-19T19:40:56.993] [DEBUG] debug-file - Hap plugin creating...
[2026-04-19T19:40:56.993] [DEBUG] debug-file - failed to load cangjie to dynamically generate schemas: Error: Cannot find module '@ohos/cangjie-build-support/index'
Require stack:
- C:\Program Files\Huawei\DevEco Studio\tools\hvigor\hvigor-ohos-plugin\src\plugin\hooks\cangjie-register.js
- C:\Program Files\Huawei\DevEco Studio\tools\hvigor\hvigor-ohos-plugin\src\plugin\strategy\stage-init-strategy.js
- C:\Program Files\Huawei\DevEco Studio\tools\hvigor\hvigor-ohos-plugin\src\plugin\builder\abstract-plugin-builder.js
- C:\Program Files\Huawei\DevEco Studio\tools\hvigor\hvigor-ohos-plugin\src\plugin\builder\app-plugin-builder.js
- C:\Program Files\Huawei\DevEco Studio\tools\hvigor\hvigor-ohos-plugin\src\plugin\factory\plugin-factory.js
- C:\Program Files\Huawei\DevEco Studio\tools\hvigor\hvigor-ohos-plugin\index.js
- D:\Harmonyos\Rdb\hvigorfile.ts
- C:\Program Files\Huawei\DevEco Studio\tools\hvigor\hvigor\src\base\internal\lifecycle\configuration.js
- C:\Program Files\Huawei\DevEco Studio\tools\hvigor\hvigor\src\base\boot\index.js
- C:\Program Files\Huawei\DevEco Studio\tools\hvigor\hvigor\src\base\daemon\cluster\worker-process-lifecycle.js
- C:\Program Files\Huawei\DevEco Studio\tools\hvigor\hvigor\src\base\daemon\process\daemon-process-boot-script.js
[2026-04-19T19:40:56.994] [DEBUG] debug-file - Start initialize module-target build option map, moduleName=entry, buildMode=release
[2026-04-19T19:40:56.995] [DEBUG] debug-file - Target 'default' config initialized
[2026-04-19T19:40:56.995] [DEBUG] debug-file - Module 'entry' target 'default' build option initialized
[2026-04-19T19:40:56.995] [DEBUG] debug-file - End initialize module-target build option map, moduleName=entry
[2026-04-19T19:40:56.995] [DEBUG] debug-file - Start initialize module-target build option map, moduleName=entry, buildMode=debug
[2026-04-19T19:40:56.995] [DEBUG] debug-file - Target 'default' config initialized
[2026-04-19T19:40:56.995] [DEBUG] debug-file - Module 'entry' target 'default' build option initialized
[2026-04-19T19:40:56.995] [DEBUG] debug-file - End initialize module-target build option map, moduleName=entry
[2026-04-19T19:40:56.995] [DEBUG] debug-file - Start initialize module-target build option map, moduleName=entry, buildMode=debug
[2026-04-19T19:40:56.995] [DEBUG] debug-file - Target 'default' config initialized
[2026-04-19T19:40:56.995] [DEBUG] debug-file - Module 'entry' target 'default' build option initialized
[2026-04-19T19:40:56.995] [DEBUG] debug-file - End initialize module-target build option map, moduleName=entry
[2026-04-19T19:40:56.995] [DEBUG] debug-file - Obtain build option for module 'entry' target 'default'in this build.
[2026-04-19T19:40:56.997] [DEBUG] debug-file - Module entry task initialization takes 2 ms 
[2026-04-19T19:40:56.997] [DEBUG] debug-file - Hap plugin register hook start...
[2026-04-19T19:40:56.997] [DEBUG] debug-file - Hap plugin register hook end...
[2026-04-19T19:40:56.997] [DEBUG] debug-file - Plugin build process completed
[2026-04-19T19:40:56.997] [DEBUG] debug-file - hvigorfile, resolve finished D:\Harmonyos\Rdb\entry\hvigorfile.ts
[2026-04-19T19:40:57.083] [DEBUG] debug-file - hvigorfile, resolve hvigorfile dependencies in 87 ms 
[2026-04-19T19:40:57.084] [DEBUG] debug-file - project has submodules:entry
[2026-04-19T19:40:57.086] [DEBUG] debug-file - start to load updatedOhPackageInfo to the disk
[2026-04-19T19:40:57.090] [DEBUG] debug-file - load to the disk finished
[2026-04-19T19:40:57.090] [DEBUG] debug-file - Start to initialize dependency information.
[2026-04-19T19:40:57.093] [DEBUG] debug-file - Module Rdb Collected Dependency: D:\Harmonyos\Rdb\oh_modules\.ohpm\@ohos+mpchart@3.0.27\oh_modules\@ohos\mpchart
[2026-04-19T19:40:57.093] [DEBUG] debug-file - Module Rdb's total dependency: 1
[2026-04-19T19:40:57.093] [DEBUG] debug-file - Start to initialize dependency information.
[2026-04-19T19:40:57.095] [DEBUG] debug-file - Module entry Collected Dependency: D:\Harmonyos\Rdb\oh_modules\.ohpm\@ohos+mpchart@3.0.27\oh_modules\@ohos\mpchart
[2026-04-19T19:40:57.096] [DEBUG] debug-file - Module entry's total dependency: 1
[2026-04-19T19:40:57.097] [DEBUG] debug-file - Configuration phase cost:151 ms 
[2026-04-19T19:40:57.098] [DEBUG] debug-file - Configuration task cost before running: 159 ms 
[2026-04-19T19:40:57.101] [DEBUG] debug-file - Executing task :entry:default@PreBuild
[2026-04-19T19:40:57.103] [DEBUG] debug-file - Task 'entry:default@PreBuild' cost while wrapping incremental declarations: 1 ms 
[2026-04-19T19:40:57.107] [DEBUG] debug-file - Incremental task entry:default@PreBuild pre-execution cost: 3 ms .
[2026-04-19T19:40:57.107] [DEBUG] debug-file - entry : default@PreBuild cost memory 0.33400726318359375
[2026-04-19T19:40:57.109] [INFO] debug-file - UP-TO-DATE :entry:default@PreBuild...  
[2026-04-19T19:40:57.110] [DEBUG] debug-file - Executing task :entry:default@CreateModuleInfo
[2026-04-19T19:40:57.111] [DEBUG] debug-file - Task 'entry:default@CreateModuleInfo' cost while wrapping incremental declarations: 1 ms 
[2026-04-19T19:40:57.112] [DEBUG] debug-file - entry : default@CreateModuleInfo cost memory 0.03905487060546875
[2026-04-19T19:40:57.112] [DEBUG] debug-file - runTaskFromQueue task cost before running: 173 ms 
[2026-04-19T19:40:57.113] [INFO] debug-file - Finished :entry:default@CreateModuleInfo... after 3 ms 
[2026-04-19T19:40:57.115] [DEBUG] debug-file - Executing task :entry:default@GenerateMetadata
[2026-04-19T19:40:57.115] [DEBUG] debug-file - Task 'entry:default@GenerateMetadata' cost while wrapping incremental declarations: 1 ms 
[2026-04-19T19:40:57.117] [DEBUG] debug-file - Incremental task entry:default@GenerateMetadata pre-execution cost: 1 ms .
[2026-04-19T19:40:57.117] [DEBUG] debug-file - entry : default@GenerateMetadata cost memory 0.07796478271484375
[2026-04-19T19:40:57.117] [INFO] debug-file - UP-TO-DATE :entry:default@GenerateMetadata...  
[2026-04-19T19:40:57.119] [DEBUG] debug-file - Executing task :entry:default@ConfigureCmake
[2026-04-19T19:40:57.119] [DEBUG] debug-file - entry : default@ConfigureCmake cost memory 0.013946533203125
[2026-04-19T19:40:57.119] [DEBUG] debug-file - runTaskFromQueue task cost before running: 180 ms 
[2026-04-19T19:40:57.119] [INFO] debug-file - Finished :entry:default@ConfigureCmake... after 1 ms 
[2026-04-19T19:40:57.120] [DEBUG] debug-file - Executing task :entry:default@MergeProfile
[2026-04-19T19:40:57.120] [DEBUG] debug-file - Task 'entry:default@MergeProfile' cost while wrapping incremental declarations: 1 ms 
[2026-04-19T19:40:57.122] [DEBUG] debug-file - Incremental task entry:default@MergeProfile pre-execution cost: 2 ms .
[2026-04-19T19:40:57.122] [DEBUG] debug-file - entry : default@MergeProfile cost memory 0.14089202880859375
[2026-04-19T19:40:57.123] [INFO] debug-file - UP-TO-DATE :entry:default@MergeProfile...  
[2026-04-19T19:40:57.124] [DEBUG] debug-file - Executing task :entry:default@CreateBuildProfile
[2026-04-19T19:40:57.124] [DEBUG] debug-file - Task 'entry:default@CreateBuildProfile' cost while wrapping incremental declarations: 1 ms 
[2026-04-19T19:40:57.125] [DEBUG] debug-file - Incremental task entry:default@CreateBuildProfile pre-execution cost: 1 ms .
[2026-04-19T19:40:57.125] [DEBUG] debug-file - entry : default@CreateBuildProfile cost memory 0.0837249755859375
[2026-04-19T19:40:57.125] [INFO] debug-file - UP-TO-DATE :entry:default@CreateBuildProfile...  
[2026-04-19T19:40:57.126] [DEBUG] debug-file - Executing task :entry:default@PreCheckSyscap
[2026-04-19T19:40:57.126] [DEBUG] debug-file - entry : default@PreCheckSyscap cost memory 0.01416778564453125
[2026-04-19T19:40:57.126] [DEBUG] debug-file - runTaskFromQueue task cost before running: 187 ms 
[2026-04-19T19:40:57.126] [INFO] debug-file - Finished :entry:default@PreCheckSyscap... after 1 ms 
[2026-04-19T19:40:57.128] [DEBUG] debug-file - Executing task :entry:default@GeneratePkgContextInfo
[2026-04-19T19:40:57.131] [DEBUG] debug-file - Task 'entry:default@GeneratePkgContextInfo' cost while wrapping incremental declarations: 1 ms 
[2026-04-19T19:40:57.132] [DEBUG] debug-file - entry : default@GeneratePkgContextInfo cost memory 0.288482666015625
[2026-04-19T19:40:57.132] [DEBUG] debug-file - runTaskFromQueue task cost before running: 193 ms 
[2026-04-19T19:40:57.132] [INFO] debug-file - Finished :entry:default@GeneratePkgContextInfo... after 5 ms 
[2026-04-19T19:40:57.137] [DEBUG] debug-file - Executing task :entry:default@ProcessIntegratedHsp
[2026-04-19T19:40:57.137] [DEBUG] debug-file - entry:default@ProcessIntegratedHsp is not up-to-date, since the output file 'D:\Harmonyos\Rdb\build\cache\default\integrated_hsp\integratedHspCache.json' does not exist.
[2026-04-19T19:40:57.137] [DEBUG] debug-file - Incremental task entry:default@ProcessIntegratedHsp pre-execution cost: 1 ms .
[2026-04-19T19:40:57.138] [DEBUG] debug-file - entry : default@ProcessIntegratedHsp cost memory 0.053070068359375
[2026-04-19T19:40:57.138] [DEBUG] debug-file - runTaskFromQueue task cost before running: 198 ms 
[2026-04-19T19:40:57.138] [INFO] debug-file - Finished :entry:default@ProcessIntegratedHsp... after 1 ms 
[2026-04-19T19:40:57.139] [DEBUG] debug-file - Executing task :entry:default@BuildNativeWithCmake
[2026-04-19T19:40:57.140] [DEBUG] debug-file - entry : default@BuildNativeWithCmake cost memory 0.013946533203125
[2026-04-19T19:40:57.140] [DEBUG] debug-file - runTaskFromQueue task cost before running: 200 ms 
[2026-04-19T19:40:57.140] [INFO] debug-file - Finished :entry:default@BuildNativeWithCmake... after 1 ms 
[2026-04-19T19:40:57.141] [DEBUG] debug-file - Executing task :entry:default@MakePackInfo
[2026-04-19T19:40:57.143] [DEBUG] debug-file - Incremental task entry:default@MakePackInfo pre-execution cost: 2 ms .
[2026-04-19T19:40:57.143] [DEBUG] debug-file - entry : default@MakePackInfo cost memory 0.0989837646484375
[2026-04-19T19:40:57.144] [INFO] debug-file - UP-TO-DATE :entry:default@MakePackInfo...  
[2026-04-19T19:40:57.145] [DEBUG] debug-file - Executing task :entry:default@SyscapTransform
[2026-04-19T19:40:57.146] [DEBUG] debug-file - File: 'D:\Harmonyos\Rdb\entry\src\main\syscap.json' from 'sysCapJsonPath' is not exists, just ignore.
[2026-04-19T19:40:57.147] [DEBUG] debug-file - Task 'entry:default@SyscapTransform' cost while wrapping incremental declarations: 2 ms 
[2026-04-19T19:40:57.149] [DEBUG] debug-file - entry:default@SyscapTransform is not up-to-date, since the output file 'D:\Harmonyos\Rdb\entry\build\default\intermediates\syscap\default\rpcid.sc' does not exist.
[2026-04-19T19:40:57.149] [DEBUG] debug-file - Incremental task entry:default@SyscapTransform pre-execution cost: 2 ms .
[2026-04-19T19:40:57.149] [DEBUG] debug-file - entry : default@SyscapTransform cost memory 0.146820068359375
[2026-04-19T19:40:57.150] [DEBUG] debug-file - runTaskFromQueue task cost before running: 210 ms 
[2026-04-19T19:40:57.150] [INFO] debug-file - Finished :entry:default@SyscapTransform... after 5 ms 
[2026-04-19T19:40:57.152] [DEBUG] debug-file - Executing task :entry:default@ProcessProfile
[2026-04-19T19:40:57.153] [DEBUG] debug-file - Task 'entry:default@ProcessProfile' cost while wrapping incremental declarations: 1 ms 
[2026-04-19T19:40:57.155] [DEBUG] debug-file - Incremental task entry:default@ProcessProfile pre-execution cost: 1 ms .
[2026-04-19T19:40:57.155] [DEBUG] debug-file - entry : default@ProcessProfile cost memory 0.12241363525390625
[2026-04-19T19:40:57.155] [INFO] debug-file - UP-TO-DATE :entry:default@ProcessProfile...  
[2026-04-19T19:40:57.156] [DEBUG] debug-file - Executing task :entry:default@ProcessRouterMap
[2026-04-19T19:40:57.158] [DEBUG] debug-file - Incremental task entry:default@ProcessRouterMap pre-execution cost: 2 ms .
[2026-04-19T19:40:57.158] [DEBUG] debug-file - entry : default@ProcessRouterMap cost memory 0.1370697021484375
[2026-04-19T19:40:57.159] [INFO] debug-file - UP-TO-DATE :entry:default@ProcessRouterMap...  
[2026-04-19T19:40:57.160] [DEBUG] debug-file - Executing task :entry:default@ProcessShareConfig
[2026-04-19T19:40:57.162] [DEBUG] debug-file - Incremental task entry:default@ProcessShareConfig pre-execution cost: 2 ms .
[2026-04-19T19:40:57.162] [DEBUG] debug-file - entry : default@ProcessShareConfig cost memory 0.11214447021484375
[2026-04-19T19:40:57.163] [INFO] debug-file - UP-TO-DATE :entry:default@ProcessShareConfig...  
[2026-04-19T19:40:57.164] [DEBUG] debug-file - Executing task :entry:default@ProcessStartupConfig
[2026-04-19T19:40:57.165] [DEBUG] debug-file - Task 'entry:default@ProcessStartupConfig' cost while wrapping incremental declarations: 1 ms 
[2026-04-19T19:40:57.165] [DEBUG] debug-file - entry:default@ProcessStartupConfig is not up-to-date, since the output file 'D:\Harmonyos\Rdb\entry\build\default\intermediates\startup\default\startup_config.json' does not exist.
[2026-04-19T19:40:57.166] [DEBUG] debug-file - Incremental task entry:default@ProcessStartupConfig pre-execution cost: 1 ms .
[2026-04-19T19:40:57.166] [DEBUG] debug-file - entry : default@ProcessStartupConfig cost memory 0.09479522705078125
[2026-04-19T19:40:57.166] [DEBUG] debug-file - runTaskFromQueue task cost before running: 227 ms 
[2026-04-19T19:40:57.167] [INFO] debug-file - Finished :entry:default@ProcessStartupConfig... after 2 ms 
[2026-04-19T19:40:57.168] [DEBUG] debug-file - Executing task :entry:default@BuildNativeWithNinja
[2026-04-19T19:40:57.168] [DEBUG] debug-file - entry : default@BuildNativeWithNinja cost memory 0.01924896240234375
[2026-04-19T19:40:57.168] [DEBUG] debug-file - runTaskFromQueue task cost before running: 229 ms 
[2026-04-19T19:40:57.169] [INFO] debug-file - Finished :entry:default@BuildNativeWithNinja... after 1 ms 
[2026-04-19T19:40:57.171] [DEBUG] debug-file - restool module names: entry; moduleName=entry, taskName=default@ProcessResource
[2026-04-19T19:40:57.173] [DEBUG] debug-file - Executing task :entry:default@ProcessResource
[2026-04-19T19:40:57.173] [DEBUG] debug-file - Task 'entry:default@ProcessResource' cost while wrapping incremental declarations: 1 ms 
[2026-04-19T19:40:57.174] [DEBUG] debug-file - Incremental task entry:default@ProcessResource pre-execution cost: 1 ms .
[2026-04-19T19:40:57.177] [DEBUG] debug-file - entry : default@ProcessResource cost memory -4.3806304931640625
[2026-04-19T19:40:57.180] [INFO] debug-file - UP-TO-DATE :entry:default@ProcessResource...  
[2026-04-19T19:40:57.182] [DEBUG] debug-file - Executing task :entry:default@GenerateLoaderJson
[2026-04-19T19:40:57.182] [DEBUG] debug-file - Task 'entry:default@GenerateLoaderJson' cost while wrapping incremental declarations: 1 ms 
[2026-04-19T19:40:57.191] [DEBUG] debug-file - Incremental task entry:default@GenerateLoaderJson pre-execution cost: 6 ms .
[2026-04-19T19:40:57.191] [DEBUG] debug-file - entry : default@GenerateLoaderJson cost memory 0.5003738403320312
[2026-04-19T19:40:57.195] [INFO] debug-file - UP-TO-DATE :entry:default@GenerateLoaderJson...  
[2026-04-19T19:40:57.196] [DEBUG] debug-file - Executing task :entry:default@ProcessLibs
[2026-04-19T19:40:57.199] [DEBUG] debug-file - Incremental task entry:default@ProcessLibs pre-execution cost: 2 ms .
[2026-04-19T19:40:57.200] [DEBUG] debug-file - entry : default@ProcessLibs cost memory 0.175628662109375
[2026-04-19T19:40:57.200] [INFO] debug-file - UP-TO-DATE :entry:default@ProcessLibs...  
[2026-04-19T19:40:57.201] [DEBUG] debug-file - restool module names: entry; moduleName=entry, taskName=default@CompileResource
[2026-04-19T19:40:57.203] [DEBUG] debug-file - Executing task :entry:default@CompileResource
[2026-04-19T19:40:57.225] [DEBUG] debug-file - Incremental task entry:default@CompileResource pre-execution cost: 21 ms .
[2026-04-19T19:40:57.225] [DEBUG] debug-file - entry : default@CompileResource cost memory -3.9699325561523438
[2026-04-19T19:40:57.227] [INFO] debug-file - UP-TO-DATE :entry:default@CompileResource...  
[2026-04-19T19:40:57.228] [DEBUG] debug-file - Executing task :entry:default@DoNativeStrip
[2026-04-19T19:40:57.229] [DEBUG] debug-file - Task 'entry:default@DoNativeStrip' cost while wrapping incremental declarations: 1 ms 
[2026-04-19T19:40:57.230] [DEBUG] debug-file - Incremental task entry:default@DoNativeStrip pre-execution cost: 2 ms .
[2026-04-19T19:40:57.231] [DEBUG] debug-file - entry : default@DoNativeStrip cost memory 0.07712554931640625
[2026-04-19T19:40:57.231] [INFO] debug-file - UP-TO-DATE :entry:default@DoNativeStrip...  
[2026-04-19T19:40:57.233] [DEBUG] debug-file - Executing task :entry:default@CompileArkTS
[2026-04-19T19:40:57.233] [DEBUG] debug-file - obfuscationOptions: undefined
[2026-04-19T19:40:57.238] [DEBUG] debug-file - Task 'entry:default@CompileArkTS' cost while wrapping incremental declarations: 1 ms 
[2026-04-19T19:40:57.261] [DEBUG] debug-file - entry:default@CompileArkTS is not up-to-date, since the input file 'D:\Harmonyos\Rdb\entry\src\main\ets' has been changed.
[2026-04-19T19:40:57.261] [DEBUG] debug-file - Incremental task entry:default@CompileArkTS pre-execution cost: 22 ms .
[2026-04-19T19:40:57.272] [DEBUG] debug-file - build config:
[2026-04-19T19:40:57.272] [DEBUG] debug-file - {
  moduleType: 'entry',
  perf: 0,
  targetName: '.default',
  packageManagerType: 'ohpm',
  localPropertiesPath: 'D:\\Harmonyos\\Rdb\\local.properties',
  isPreview: false,
  isOhosTest: false,
  isLocalTest: false,
  buildMode: 'Debug',
  hotReloadBuild: undefined,
  watchMode: 'false',
  aceProfilePath: 'D:\\Harmonyos\\Rdb\\entry\\build\\default\\intermediates\\res\\default\\resources\\base\\profile',
  etsLoaderPath: 'C:\\Program Files\\Huawei\\DevEco Studio\\sdk\\default\\openharmony\\ets\\build-tools\\ets-loader',
  modulePath: 'D:\\Harmonyos\\Rdb\\entry',
  testFrameworkPar: {
    testMode: undefined,
    coveragePathFilter: undefined,
    coverageMode: undefined
  },
  needCoverageInsert: false,
  debugLine: false,
  projectTopDir: 'D:\\Harmonyos\\Rdb',
  compileSdkVersion: 22,
  compatibleSdkVersion: 17,
  originCompatibleSdkVersion: '5.0.5(17)',
  compatibleSdkVersionStage: undefined,
  bundleName: 'c***b',
  etsLoaderVersion: '6.0.2.130',
  etsLoaderReleaseType: 'Release',
  aotCompileMode: 'type',
  apPath: 'D:\\Harmonyos\\Rdb\\entry\\modules.ap',
  entryModuleName: 'entry',
  entryModuleVersion: '1.0.0',
  entryPackageName: 'entry',
  allModuleNameHash: '199d9c189e05aafae23be9098c561ff961e0b37017b028c869204eaf5bb9b356',
  externalApiPaths: [
    'C:\\Program Files\\Huawei\\DevEco Studio\\sdk\\default\\hms\\ets'
  ],
  compilerTypes: [],
  isCrossplatform: false,
  hvigorPluginFile: undefined,
  compilePluginPath: undefined,
  buildGeneratedProfilePath: 'D:\\Harmonyos\\Rdb\\entry\\build\\default\\generated\\profile\\default',
  bundleType: 'app',
  arkTSVersion: undefined,
  apiVersion: 22,
  needCompleteSourcesMap: false,
  isFaMode: false,
  buildDir: 'D:\\Harmonyos\\Rdb\\entry\\build',
  deviceTypes: [ 'phone' ],
  pkgContextInfo: undefined,
  ohPackagePathMap: {},
  dependencyAliasMap: {},
  permission: { requestPermissions: [ [Object] ], definePermissions: undefined },
  useGetCurrentBundleName: false,
  projectArkOption: undefined,
  sourceMapDir: undefined,
  branchElimination: false,
  transformLib: undefined,
  tsImportSendable: false,
  resolveConflictMode: true,
  depName2RootPath: {},
  depName2DepInfo: {},
  rootPathSet: [ 'D:\\Harmonyos\\Rdb' ],
  useNativeResolver: true,
  shouldEmitJs: true,
  useTscResolve: false,
  singleFileEmit: false,
  userProjectConfig: {
    autoLazyImport: false,
    allowEmptyBundleName: false,
    reExportCheckMode: 'noCheck',
    executionMode: 'memory',
    usePathPlaceholder: false,
    writeRollupCache: true,
    isExpandImportEnabled: false,
    expandImportExclude: '',
    lazyImportExclude: '',
    lazyImportInclude: '',
    ignoreCrossplatformCheck: false,
    isHarDeduplicateEnabled: false,
    skipOhModulesLint: false,
    enableStrictCheckOHModule: false,
    disableSendableCheckRules: [],
    useDeclarationFileSignature: false,
    customizedOptions: undefined,
    integratedHsp: false,
    isPreloadSoEnabled: false
  },
  executionMode: 'memory',
  arkCompileCachePath: 'D:\\Harmonyos\\Rdb\\entry\\build\\default\\cache\\default\\default@CompileArkTS\\esmodule',
  autoLazyFilter: undefined,
  isHarDeduplicateEnabled: false,
  intermediateHarDuplicateDirPath: 'D:\\Harmonyos\\Rdb\\entry\\build\\default\\intermediates\\har_duplicate\\default',
  autoLazyImport: false,
  allowEmptyBundleName: false,
  reExportCheckMode: 'noCheck',
  usePathPlaceholder: false,
  writeRollupCache: true,
  isExpandImportEnabled: false,
  expandImportExclude: '',
  lazyImportExclude: '',
  lazyImportInclude: '',
  ignoreCrossplatformCheck: false,
  skipOhModulesLint: false,
  enableStrictCheckOHModule: false,
  disableSendableCheckRules: [],
  useDeclarationFileSignature: false,
  customizedOptions: undefined,
  integratedHsp: false,
  isPreloadSoEnabled: false,
  strictMode: undefined,
  useNormalizedOHMUrl: false,
  caseSensitiveCheck: false,
  aceModuleJsonPath: 'D:\\Harmonyos\\Rdb\\entry\\build\\default\\intermediates\\res\\default\\ark_module.json',
  appResource: 'D:\\Harmonyos\\Rdb\\entry\\build\\default\\intermediates\\res\\default\\ResourceTable.txt',
  rawFileResource: 'D:\\Harmonyos\\Rdb\\entry\\build\\default\\intermediates\\res\\default\\resources\\rawfile',
  resourceTableHash: 'bc30de88bcdc2d48b439b5331438f18f5e6581667fb0e08a149114abb4f3a1a7',
  runtimeOS: 'HarmonyOS',
  sdkInfo: 'false:22:6.0.2.130:Release',
  aceModuleRoot: 'D:\\Harmonyos\\Rdb\\entry\\src\\main\\ets',
  compileMode: 'esmodule',
  aceSuperVisualPath: 'D:\\Harmonyos\\Rdb\\entry\\src\\main\\supervisual',
  aceBuildJson: 'D:\\Harmonyos\\Rdb\\entry\\build\\default\\intermediates\\loader\\default\\loader.json',
  cachePath: 'D:\\Harmonyos\\Rdb\\entry\\build\\default\\cache\\default\\default@CompileArkTS\\esmodule\\debug',
  aceModuleBuild: 'D:\\Harmonyos\\Rdb\\entry\\build\\default\\intermediates\\loader_out\\default\\ets',
  supportChunks: true,
  declaredFilesPath: undefined,
  shouldCollectDirectImportees: false,
  isByteCodeHarOptimize: false,
  expandImportPath: undefined,
  pkgNameToPkgBriefInfo: {
    '@ohos/mpchart': {
      pkgRoot: 'D:\\Harmonyos\\Rdb\\oh_modules\\.ohpm\\@ohos+mpchart@3.0.27\\oh_modules\\@ohos\\mpchart',
      pkgName: '@ohos/mpchart',
      sourceRoots: [Array]
    },
    entry: {
      pkgRoot: 'D:\\Harmonyos\\Rdb\\entry',
      originalSourceRoots: undefined,
      sourceRoots: [Array],
      pkgName: 'entry'
    }
  },
  projectModel: {
    'D:\\Harmonyos\\Rdb\\entry\\src\\main': {
      moduleName: 'entry',
      modulePkgPath: 'D:\\Harmonyos\\Rdb\\entry',
      belongProjectPath: 'D:\\Harmonyos\\Rdb'
    },
    'D:\\Harmonyos\\Rdb\\entry': {
      moduleName: 'entry',
      modulePkgPath: 'D:\\Harmonyos\\Rdb\\entry',
      belongProjectPath: 'D:\\Harmonyos\\Rdb'
    },
    'D:\\Harmonyos\\Rdb': {
      moduleName: 'Rdb',
      modulePkgPath: 'D:\\Harmonyos\\Rdb',
      belongProjectPath: 'D:\\Harmonyos\\Rdb'
    }
  },
  pkgJsonFileHash: 'd56bf149d8241d4d0c1ae430fabb9fa7e929fed90b32548bd9094ede2f766d24',
  allModulePaths: [ 'D:\\Harmonyos\\Rdb\\entry' ],
  routerMap: {},
  obfuscationOptions: undefined,
  byteCodeHarToDependencyKeys: undefined,
  compileBlockPkg: [],
  mockParams: {
    decorator: '@MockSetup',
    packageName: '@ohos/hamock',
    etsSourceRootPath: 'src/main/ets',
    mockConfigPath: undefined,
    mockConfigKey2ModuleInfo: {},
    source2ModuleIdMap: {}
  },
  copyCodeResourceEnable: true,
  copyCodeResourceExcludes: [],
  copyCodeResourceIncludes: undefined,
  uiTransformOptimization: false,
  sdkPath: 'C:/Program Files/Huawei/DevEco Studio/sdk',
  needPreloadSoFileSet: {},
  preloadSoFilePath: 'D:\\Harmonyos\\Rdb\\entry\\build\\default\\intermediates\\preload\\default\\preload.json',
  useSourceHash: false,
  localModuleParamMap: {},
  otherPaths: {
    '@ohos/mpchart/*': [
      '..\\..\\..\\..\\oh_modules\\.ohpm\\@ohos+mpchart@3.0.27\\oh_modules\\@ohos\\mpchart\\src\\main\\*'
    ],
    'entry/*': [
      '..\\*',
      '..\\..\\..\\build\\default\\generated\\profile\\default\\*'
    ]
  },
  collectImportersConfig: undefined
}
[2026-04-19T19:40:57.273] [DEBUG] debug-file - Compile arkts with external api path: C:\Program Files\Huawei\DevEco Studio\sdk\default\hms\ets
[2026-04-19T19:40:57.274] [DEBUG] debug-file - default@CompileArkTS work[16] is submitted.
[2026-04-19T19:40:57.274] [DEBUG] debug-file - default@CompileArkTS work[16] is pushed to ready queue.
[2026-04-19T19:40:57.274] [DEBUG] debug-file - A work dispatched to worker[17] failed because unable to get work from ready queue.
[2026-04-19T19:40:57.274] [DEBUG] debug-file - A work dispatched to worker[16] failed because unable to get work from ready queue.
[2026-04-19T19:40:57.274] [DEBUG] debug-file - A work dispatched to worker[15] failed because unable to get work from ready queue.
[2026-04-19T19:40:57.274] [DEBUG] debug-file - A work dispatched to worker[14] failed because unable to get work from ready queue.
[2026-04-19T19:40:57.274] [DEBUG] debug-file - A work dispatched to worker[13] failed because unable to get work from ready queue.
[2026-04-19T19:40:57.274] [DEBUG] debug-file - A work dispatched to worker[12] failed because unable to get work from ready queue.
[2026-04-19T19:40:57.274] [DEBUG] debug-file - A work dispatched to worker[11] failed because unable to get work from ready queue.
[2026-04-19T19:40:57.274] [DEBUG] debug-file - A work dispatched to worker[10] failed because unable to get work from ready queue.
[2026-04-19T19:40:57.274] [DEBUG] debug-file - A work dispatched to worker[9] failed because unable to get work from ready queue.
[2026-04-19T19:40:57.275] [DEBUG] debug-file - A work dispatched to worker[8] failed because unable to get work from ready queue.
[2026-04-19T19:40:57.275] [DEBUG] debug-file - A work dispatched to worker[7] failed because unable to get work from ready queue.
[2026-04-19T19:40:57.275] [DEBUG] debug-file - A work dispatched to worker[6] failed because unable to get work from ready queue.
[2026-04-19T19:40:57.275] [DEBUG] debug-file - A work dispatched to worker[5] failed because unable to get work from ready queue.
[2026-04-19T19:40:57.275] [DEBUG] debug-file - default@CompileArkTS work[16] has been dispatched to worker[4].
[2026-04-19T19:40:57.276] [DEBUG] debug-file - default@CompileArkTS work[16] is dispatched.
[2026-04-19T19:40:57.276] [DEBUG] debug-file - CopyResources startTime: 324259208868400
[2026-04-19T19:40:57.276] [DEBUG] debug-file - default@CompileArkTS work[17] is submitted.
[2026-04-19T19:40:57.276] [DEBUG] debug-file - default@CompileArkTS work[17] is pushed to ready queue.
[2026-04-19T19:40:57.276] [DEBUG] debug-file - A work dispatched to worker[17] failed because unable to get work from ready queue.
[2026-04-19T19:40:57.276] [DEBUG] debug-file - Create  resident worker with id: 16.
[2026-04-19T19:40:57.279] [DEBUG] debug-file - default@CompileArkTS work[17] has been dispatched to worker[16].
[2026-04-19T19:40:57.279] [DEBUG] debug-file - default@CompileArkTS work[17] is dispatched.
[2026-04-19T19:40:57.279] [DEBUG] debug-file - entry : default@CompileArkTS cost memory 4.056190490722656
[2026-04-19T19:40:57.281] [DEBUG] debug-file - Executing task :entry:default@BuildJS
[2026-04-19T19:40:57.281] [DEBUG] debug-file - Task 'entry:default@BuildJS' cost while wrapping incremental declarations: 1 ms 
[2026-04-19T19:40:57.284] [DEBUG] debug-file - entry : default@BuildJS cost memory 0.1878662109375
[2026-04-19T19:40:57.284] [DEBUG] debug-file - runTaskFromQueue task cost before running: 344 ms 
[2026-04-19T19:40:57.284] [INFO] debug-file - Finished :entry:default@BuildJS... after 3 ms 
[2026-04-19T19:40:57.287] [DEBUG] debug-file - Executing task :entry:default@CacheNativeLibs
[2026-04-19T19:40:57.288] [DEBUG] debug-file - Task 'entry:default@CacheNativeLibs' cost while wrapping incremental declarations: 1 ms 
[2026-04-19T19:40:57.289] [DEBUG] debug-file - Incremental task entry:default@CacheNativeLibs pre-execution cost: 1 ms .
[2026-04-19T19:40:57.289] [DEBUG] debug-file - entry : default@CacheNativeLibs cost memory 0.08405303955078125
[2026-04-19T19:40:57.289] [INFO] debug-file - UP-TO-DATE :entry:default@CacheNativeLibs...  
[2026-04-19T19:40:58.489] [DEBUG] debug-file - Ark compile task finished.finished time is 324260422027900
[2026-04-19T19:40:58.489] [DEBUG] debug-file - worker[4] has one work done.
[2026-04-19T19:40:58.491] [DEBUG] debug-file - default@CompileArkTS work[16] done.
[2026-04-19T19:40:58.491] [DEBUG] debug-file - A work dispatched to worker[4] failed because unable to get work from ready queue.
[2026-04-19T19:40:58.508] [DEBUG] debug-file - worker[16] has one work done.
[2026-04-19T19:40:58.509] [DEBUG] debug-file - CopyResources is end, endTime: 324260441722800
[2026-04-19T19:40:58.509] [DEBUG] debug-file - default@CompileArkTS work[17] done.
[2026-04-19T19:40:58.509] [DEBUG] debug-file - A work dispatched to worker[16] failed because unable to get work from ready queue.
[2026-04-19T19:40:58.511] [INFO] debug-file - Finished :entry:default@CompileArkTS... after 1 s 271 ms 
[2026-04-19T19:40:58.513] [DEBUG] debug-file - Executing task :entry:default@GeneratePkgModuleJson
[2026-04-19T19:40:58.513] [DEBUG] debug-file - File: 'D:\Harmonyos\Rdb\entry\build\default\intermediates\preload\default\preload.json' from 'preloadSoJsonPath' is not exists, just ignore.
[2026-04-19T19:40:58.513] [DEBUG] debug-file - Error occurs while handling @Input 'shouldDeduplicateHar': The "data" argument must be of type string or an instance of Buffer, TypedArray, or DataView. Received undefined
[2026-04-19T19:40:58.514] [DEBUG] debug-file - Task 'entry:default@GeneratePkgModuleJson' cost while wrapping incremental declarations: 1 ms 
[2026-04-19T19:40:58.514] [DEBUG] debug-file - Incremental task entry:default@GeneratePkgModuleJson pre-execution cost: 1 ms .
[2026-04-19T19:40:58.514] [DEBUG] debug-file - entry : default@GeneratePkgModuleJson cost memory 0.09667205810546875
[2026-04-19T19:40:58.514] [INFO] debug-file - UP-TO-DATE :entry:default@GeneratePkgModuleJson...  
[2026-04-19T19:40:58.515] [DEBUG] debug-file - Executing task :entry:default@ProcessCompiledResources
[2026-04-19T19:40:58.515] [DEBUG] debug-file - File: 'D:\Harmonyos\Rdb\entry\build\default\intermediates\preload\default\preload.json' from 'preloadSoJsonPath' is not exists, just ignore.
[2026-04-19T19:40:58.515] [DEBUG] debug-file - Task 'entry:default@ProcessCompiledResources' cost while wrapping incremental declarations: 1 ms 
[2026-04-19T19:40:58.516] [DEBUG] debug-file - entry : default@ProcessCompiledResources cost memory 0.05469512939453125
[2026-04-19T19:40:58.516] [DEBUG] debug-file - runTaskFromQueue task cost before running: 1 s 576 ms 
[2026-04-19T19:40:58.516] [INFO] debug-file - Finished :entry:default@ProcessCompiledResources... after 1 ms 
[2026-04-19T19:40:58.518] [DEBUG] debug-file - Executing task :entry:default@PackageHap
[2026-04-19T19:40:58.523] [DEBUG] debug-file - entry:default@PackageHap is not up-to-date, since the input file 'D:\Harmonyos\Rdb\entry\build\default\intermediates\loader_out\default\ets' has been changed.
[2026-04-19T19:40:58.523] [DEBUG] debug-file - Incremental task entry:default@PackageHap pre-execution cost: 5 ms .
[2026-04-19T19:40:58.524] [DEBUG] debug-file - Use tool [C:\Program Files\Huawei\DevEco Studio\sdk\default\openharmony\toolchains\lib\app_packing_tool.jar]
 [
  'java',
  '-Dfile.encoding=GBK',
  '-jar',
  'C:\\Program Files\\Huawei\\DevEco Studio\\sdk\\default\\openharmony\\toolchains\\lib\\app_packing_tool.jar',
  '--mode',
  'hap',
  '--force',
  'true',
  '--lib-path',
  'D:\\Harmonyos\\Rdb\\entry\\build\\default\\intermediates\\stripped_native_libs\\default',
  '--json-path',
  'D:\\Harmonyos\\Rdb\\entry\\build\\default\\intermediates\\package\\default\\module.json',
  '--resources-path',
  'D:\\Harmonyos\\Rdb\\entry\\build\\default\\intermediates\\res\\default\\resources',
  '--index-path',
  'D:\\Harmonyos\\Rdb\\entry\\build\\default\\intermediates\\res\\default\\resources.index',
  '--pack-info-path',
  'D:\\Harmonyos\\Rdb\\entry\\build\\default\\outputs\\default\\pack.info',
  '--out-path',
  'D:\\Harmonyos\\Rdb\\entry\\build\\default\\outputs\\default\\entry-default-unsigned.hap',
  '--ets-path',
  'D:\\Harmonyos\\Rdb\\entry\\build\\default\\intermediates\\loader_out\\default\\ets'
]
[2026-04-19T19:40:58.580] [DEBUG] debug-file - java daemon socket received message:{"code":0,"message":"pack success"}
[2026-04-19T19:40:58.583] [DEBUG] debug-file - entry : default@PackageHap cost memory 0.7742919921875
[2026-04-19T19:40:58.584] [DEBUG] debug-file - runTaskFromQueue task cost before running: 1 s 644 ms 
[2026-04-19T19:40:58.585] [INFO] debug-file - Finished :entry:default@PackageHap... after 66 ms 
[2026-04-19T19:40:58.586] [DEBUG] debug-file - Executing task :entry:default@PackingCheck
[2026-04-19T19:40:58.593] [DEBUG] debug-file - entry : default@PackingCheck cost memory 0.4462127685546875
[2026-04-19T19:40:58.593] [DEBUG] debug-file - runTaskFromQueue task cost before running: 1 s 654 ms 
[2026-04-19T19:40:58.594] [INFO] debug-file - Finished :entry:default@PackingCheck... after 7 ms 
[2026-04-19T19:40:58.596] [DEBUG] debug-file - Executing task :entry:default@SignHap
[2026-04-19T19:40:58.596] [WARN] debug-file - Will skip sign 'hos_hap'. No signingConfigs profile is configured in current project.
             If needed, configure the signingConfigs in D:\Harmonyos\Rdb\build-profile.json5.
[2026-04-19T19:40:58.597] [DEBUG] debug-file - entry:default@SignHap is not up-to-date, since the input file 'D:\Harmonyos\Rdb\entry\build\default\outputs\default\entry-default-unsigned.hap' has been changed.
[2026-04-19T19:40:58.597] [DEBUG] debug-file - Incremental task entry:default@SignHap pre-execution cost: 1 ms .
[2026-04-19T19:40:58.598] [DEBUG] debug-file - entry : default@SignHap cost memory 0.082916259765625
[2026-04-19T19:40:58.598] [DEBUG] debug-file - runTaskFromQueue task cost before running: 1 s 658 ms 
[2026-04-19T19:40:58.598] [INFO] debug-file - Finished :entry:default@SignHap... after 3 ms 
[2026-04-19T19:40:58.600] [DEBUG] debug-file - Executing task :entry:default@CollectDebugSymbol
[2026-04-19T19:40:58.601] [DEBUG] debug-file - entry : default@CollectDebugSymbol cost memory 0.081390380859375
[2026-04-19T19:40:58.601] [DEBUG] debug-file - runTaskFromQueue task cost before running: 1 s 662 ms 
[2026-04-19T19:40:58.601] [INFO] debug-file - Finished :entry:default@CollectDebugSymbol... after 2 ms 
[2026-04-19T19:40:58.602] [DEBUG] debug-file - Executing task :entry:assembleHap
[2026-04-19T19:40:58.602] [DEBUG] debug-file - entry : assembleHap cost memory 0.0121002197265625
[2026-04-19T19:40:58.602] [DEBUG] debug-file - runTaskFromQueue task cost before running: 1 s 663 ms 
[2026-04-19T19:40:58.602] [INFO] debug-file - Finished :entry:assembleHap... after 1 ms 
[2026-04-19T19:40:58.620] [INFO] debug-file - BUILD SUCCESSFUL in 1 s 680 ms 
[2026-04-19T19:40:58.621] [DEBUG] debug-file - There is no need to refresh cache, since the incremental task entry:default@PreBuild is up-to-date.
[2026-04-19T19:40:58.621] [DEBUG] debug-file - Update task entry:default@CreateModuleInfo output file:D:\Harmonyos\Rdb\entry\build\default\generated\profile\default\ModuleInfo.ts cache.
[2026-04-19T19:40:58.621] [DEBUG] debug-file - Incremental task entry:default@CreateModuleInfo post-execution cost:1 ms .
[2026-04-19T19:40:58.621] [DEBUG] debug-file - There is no need to refresh cache, since the incremental task entry:default@GenerateMetadata is up-to-date.
[2026-04-19T19:40:58.622] [DEBUG] debug-file - There is no need to refresh cache, since the incremental task entry:default@MergeProfile is up-to-date.
[2026-04-19T19:40:58.622] [DEBUG] debug-file - There is no need to refresh cache, since the incremental task entry:default@CreateBuildProfile is up-to-date.
[2026-04-19T19:40:58.622] [DEBUG] debug-file - Update task entry:default@GeneratePkgContextInfo output file:D:\Harmonyos\Rdb\entry\build\default\intermediates\loader\default\pkgContextInfo.json cache.
[2026-04-19T19:40:58.622] [DEBUG] debug-file - Incremental task entry:default@GeneratePkgContextInfo post-execution cost:1 ms .
[2026-04-19T19:40:58.622] [DEBUG] debug-file - Update task entry:default@ProcessIntegratedHsp output file:D:\Harmonyos\Rdb\build\cache\default\integrated_hsp\integratedHspCache.json cache.
[2026-04-19T19:40:58.622] [DEBUG] debug-file - Incremental task entry:default@ProcessIntegratedHsp post-execution cost:1 ms .
[2026-04-19T19:40:58.622] [DEBUG] debug-file - There is no need to refresh cache, since the incremental task entry:default@MakePackInfo is up-to-date.
[2026-04-19T19:40:58.623] [DEBUG] debug-file - Update task entry:default@SyscapTransform input file:C:\Program Files\Huawei\DevEco Studio\sdk\default\openharmony\toolchains\syscap_tool.exe cache by regenerate.
[2026-04-19T19:40:58.623] [DEBUG] debug-file - Update task entry:default@SyscapTransform input file:C:\Program Files\Huawei\DevEco Studio\sdk\default\openharmony\ets\api\device-define cache by regenerate.
[2026-04-19T19:40:58.625] [DEBUG] debug-file - Update task entry:default@SyscapTransform output file:D:\Harmonyos\Rdb\entry\build\default\intermediates\syscap\default\rpcid.sc cache.
[2026-04-19T19:40:58.626] [DEBUG] debug-file - Incremental task entry:default@SyscapTransform post-execution cost:4 ms .
[2026-04-19T19:40:58.627] [DEBUG] debug-file - There is no need to refresh cache, since the incremental task entry:default@ProcessProfile is up-to-date.
[2026-04-19T19:40:58.627] [DEBUG] debug-file - There is no need to refresh cache, since the incremental task entry:default@ProcessRouterMap is up-to-date.
[2026-04-19T19:40:58.627] [DEBUG] debug-file - There is no need to refresh cache, since the incremental task entry:default@ProcessShareConfig is up-to-date.
[2026-04-19T19:40:58.627] [DEBUG] debug-file - Update task entry:default@ProcessStartupConfig output file:D:\Harmonyos\Rdb\entry\build\default\intermediates\startup\default\startup_config.json cache.
[2026-04-19T19:40:58.628] [DEBUG] debug-file - Incremental task entry:default@ProcessStartupConfig post-execution cost:1 ms .
[2026-04-19T19:40:58.628] [DEBUG] debug-file - There is no need to refresh cache, since the incremental task entry:default@ProcessResource is up-to-date.
[2026-04-19T19:40:58.628] [DEBUG] debug-file - There is no need to refresh cache, since the incremental task entry:default@GenerateLoaderJson is up-to-date.
[2026-04-19T19:40:58.628] [DEBUG] debug-file - There is no need to refresh cache, since the incremental task entry:default@ProcessLibs is up-to-date.
[2026-04-19T19:40:58.628] [DEBUG] debug-file - There is no need to refresh cache, since the incremental task entry:default@CompileResource is up-to-date.
[2026-04-19T19:40:58.628] [DEBUG] debug-file - There is no need to refresh cache, since the incremental task entry:default@DoNativeStrip is up-to-date.
[2026-04-19T19:40:58.630] [DEBUG] debug-file - Update task entry:default@CompileArkTS input file:D:\Harmonyos\Rdb\entry\build\default\intermediates\loader\default cache by regenerate.
[2026-04-19T19:40:58.630] [DEBUG] debug-file - Update task entry:default@CompileArkTS input file:D:\Harmonyos\Rdb\oh_modules\.ohpm\@ohos+mpchart@3.0.27\oh_modules\@ohos\mpchart\index.ets cache by regenerate.
[2026-04-19T19:40:58.631] [DEBUG] debug-file - Update task entry:default@CompileArkTS input file:D:\Harmonyos\Rdb\oh_modules\.ohpm\@ohos+mpchart@3.0.27\oh_modules\@ohos\mpchart\src\main\ets cache by regenerate.
[2026-04-19T19:40:58.658] [DEBUG] debug-file - Update task entry:default@CompileArkTS input file:D:\Harmonyos\Rdb\entry\build\default\intermediates\res\default\resources\rawfile cache by regenerate.
[2026-04-19T19:40:58.662] [DEBUG] debug-file - Update task entry:default@CompileArkTS input file:D:\Harmonyos\Rdb\entry\build\default\intermediates\res\default\ResourceTable.txt cache by regenerate.
[2026-04-19T19:40:58.662] [DEBUG] debug-file - Update task entry:default@CompileArkTS input file:D:\Harmonyos\Rdb\entry\build\default\intermediates\res\default\ark_module.json cache by regenerate.
[2026-04-19T19:40:58.662] [DEBUG] debug-file - Update task entry:default@CompileArkTS input file:D:\Harmonyos\Rdb\entry\build\default\intermediates\res\default\resources\base\profile cache by regenerate.
[2026-04-19T19:40:58.662] [DEBUG] debug-file - Update task entry:default@CompileArkTS input file:D:\Harmonyos\Rdb\entry\src\main\ets cache from map.
[2026-04-19T19:40:58.663] [DEBUG] debug-file - Update task entry:default@CompileArkTS input file:D:\Harmonyos\Rdb\entry\build\default\generated\profile\default\BuildProfile.ets cache by regenerate.
[2026-04-19T19:40:58.663] [DEBUG] debug-file - Update task entry:default@CompileArkTS output file:D:\Harmonyos\Rdb\entry\build\default\intermediates\loader_out\default\ets cache.
[2026-04-19T19:40:58.663] [DEBUG] debug-file - Incremental task entry:default@CompileArkTS post-execution cost:35 ms .
[2026-04-19T19:40:58.664] [DEBUG] debug-file - Update task entry:default@BuildJS input file:D:\Harmonyos\Rdb\entry\build\default\intermediates\loader\default cache by regenerate.
[2026-04-19T19:40:58.664] [DEBUG] debug-file - Update task entry:default@BuildJS input file:D:\Harmonyos\Rdb\oh_modules\.ohpm\@ohos+mpchart@3.0.27\oh_modules\@ohos\mpchart\index.ets cache by regenerate.
[2026-04-19T19:40:58.664] [DEBUG] debug-file - Update task entry:default@BuildJS input file:D:\Harmonyos\Rdb\entry\build\default\intermediates\res\default\resources\rawfile cache by regenerate.
[2026-04-19T19:40:58.665] [DEBUG] debug-file - Update task entry:default@BuildJS input file:D:\Harmonyos\Rdb\entry\build\default\intermediates\res\default\ResourceTable.txt cache by regenerate.
[2026-04-19T19:40:58.665] [DEBUG] debug-file - Update task entry:default@BuildJS input file:D:\Harmonyos\Rdb\entry\build\default\intermediates\res\default\ark_module.json cache by regenerate.
[2026-04-19T19:40:58.665] [DEBUG] debug-file - Update task entry:default@BuildJS input file:D:\Harmonyos\Rdb\entry\build\default\intermediates\res\default\resources\base\profile cache by regenerate.
[2026-04-19T19:40:58.666] [DEBUG] debug-file - Update task entry:default@BuildJS output file:D:\Harmonyos\Rdb\entry\build\default\intermediates\loader_out\default\js cache.
[2026-04-19T19:40:58.666] [DEBUG] debug-file - Incremental task entry:default@BuildJS post-execution cost:3 ms .
[2026-04-19T19:40:58.666] [DEBUG] debug-file - There is no need to refresh cache, since the incremental task entry:default@CacheNativeLibs is up-to-date.
[2026-04-19T19:40:58.666] [DEBUG] debug-file - There is no need to refresh cache, since the incremental task entry:default@GeneratePkgModuleJson is up-to-date.
[2026-04-19T19:40:58.666] [DEBUG] debug-file - Incremental task entry:default@ProcessCompiledResources post-execution cost:1 ms .
[2026-04-19T19:40:58.666] [DEBUG] debug-file - Update task entry:default@PackageHap input file:D:\Harmonyos\Rdb\entry\build\default\intermediates\stripped_native_libs\default cache by regenerate.
[2026-04-19T19:40:58.666] [DEBUG] debug-file - Update task entry:default@PackageHap input file:D:\Harmonyos\Rdb\entry\build\default\intermediates\res\default\module.json cache by regenerate.
[2026-04-19T19:40:58.666] [DEBUG] debug-file - Update task entry:default@PackageHap input file:D:\Harmonyos\Rdb\entry\build\default\intermediates\res\default\resources cache by regenerate.
[2026-04-19T19:40:58.668] [DEBUG] debug-file - Update task entry:default@PackageHap input file:D:\Harmonyos\Rdb\entry\build\default\intermediates\res\default\resources.index cache by regenerate.
[2026-04-19T19:40:58.668] [DEBUG] debug-file - Update task entry:default@PackageHap input file:D:\Harmonyos\Rdb\entry\build\default\outputs\default\pack.info cache by regenerate.
[2026-04-19T19:40:58.669] [DEBUG] debug-file - Update task entry:default@PackageHap input file:D:\Harmonyos\Rdb\entry\build\default\intermediates\loader_out\default\ets cache from map.
[2026-04-19T19:40:58.669] [DEBUG] debug-file - Update task entry:default@PackageHap input file:D:\Harmonyos\Rdb\entry\build\default\intermediates\loader_out\default\ets\sourceMaps.map cache by regenerate.
[2026-04-19T19:40:58.669] [DEBUG] debug-file - Update task entry:default@PackageHap input file:D:\Harmonyos\Rdb\entry\build\default\generated\profile\default\BuildProfile.ets cache by regenerate.
[2026-04-19T19:40:58.669] [DEBUG] debug-file - Update task entry:default@PackageHap output file:D:\Harmonyos\Rdb\entry\build\default\outputs\default\entry-default-unsigned.hap cache.
[2026-04-19T19:40:58.669] [DEBUG] debug-file - Update task entry:default@PackageHap output file:D:\Harmonyos\Rdb\entry\build\default\intermediates\source_map\default\sourceMaps.map cache.
[2026-04-19T19:40:58.669] [DEBUG] debug-file - Update task entry:default@PackageHap output file:D:\Harmonyos\Rdb\entry\build\default\outputs\default\mapping\sourceMaps.map cache.
[2026-04-19T19:40:58.669] [DEBUG] debug-file - Incremental task entry:default@PackageHap post-execution cost:4 ms .
[2026-04-19T19:40:58.670] [DEBUG] debug-file - Update task entry:default@SignHap input file:D:\Harmonyos\Rdb\entry\build\default\outputs\default\entry-default-unsigned.hap cache from map.
[2026-04-19T19:40:58.670] [DEBUG] debug-file - Update task entry:default@SignHap output file:D:\Harmonyos\Rdb\entry\build\default\outputs\default\entry-default-signed.hap cache.
[2026-04-19T19:40:58.670] [DEBUG] debug-file - Incremental task entry:default@SignHap post-execution cost:1 ms .
[2026-04-19T19:40:58.671] [DEBUG] debug-file - Update task entry:default@CollectDebugSymbol input file:D:\Harmonyos\Rdb\entry\build\default\intermediates\loader_out\default\ets\sourceMaps.map cache by regenerate.
[2026-04-19T19:40:58.671] [DEBUG] debug-file - Update task entry:default@CollectDebugSymbol input file:D:\Harmonyos\Rdb\entry\build\default\intermediates\libs\default cache by regenerate.
[2026-04-19T19:40:58.671] [DEBUG] debug-file - Update task entry:default@CollectDebugSymbol output file:D:\Harmonyos\Rdb\entry\build\default\outputs\default\symbol cache.
[2026-04-19T19:40:58.672] [DEBUG] debug-file - Incremental task entry:default@CollectDebugSymbol post-execution cost:3 ms .
[2026-04-19T19:40:58.703] [DEBUG] debug-file - Cleanup worker 16.
[2026-04-19T19:40:58.703] [DEBUG] debug-file - Worker 16 has been cleaned up.
[2026-04-19T19:40:58.703] [DEBUG] debug-file - Current idle worker size: 1.
[2026-04-19T19:40:58.703] [DEBUG] debug-file - Current resident worker size: 2.
[2026-04-19T19:40:58.704] [DEBUG] debug-file - hvigor build process will be closed.
[2026-04-19T19:40:58.704] [DEBUG] debug-file - java daemon socket close code:1000 reason:close by user
[2026-04-19T19:40:58.710] [DEBUG] debug-file - session manager: send message to worker process.
[2026-04-19T19:40:58.711] [DEBUG] debug-file - session manager: send message to worker process.
[2026-04-19T19:40:58.712] [DEBUG] debug-file - watch worker: worker id should be larger than 0. Nothing will be sent to any worker thread.
[2026-04-19T19:40:58.713] [DEBUG] debug-file - watch worker: worker id should be larger than 0. Nothing will be sent to any worker thread.
[2026-04-19T19:40:58.715] [DEBUG] debug-file - worker[16] exits with exit code 1.
[2026-04-19T19:45:37.126] [DEBUG] debug-file - session manager: set active socket. socketId=KARd4ifsgG6XM93TAAAV
[2026-04-19T19:45:37.145] [DEBUG] debug-file - watch worker: worker id should be larger than 0. Nothing will be sent to any worker thread.
[2026-04-19T19:45:37.148] [DEBUG] debug-file - Workers' log level updated to INFO
[2026-04-19T19:45:37.152] [DEBUG] debug-file - Hvigor init with startParameters:{
  hvigorfileTypeCheck: false,
  parallelExecution: true,
  incrementalExecution: true,
  printStackTrace: false,
  daemon: true,
  analyze: 0,
  logLevel: Level { level: 20000, levelStr: 'INFO', colour: 'green' },
  optimizationStrategy: 'memory',
  hotCompile: undefined,
  hotReloadBuild: undefined,
  customizedParam: undefined
}
[2026-04-19T19:45:37.158] [DEBUG] debug-file - Cache service initialization finished in 7 ms 
[2026-04-19T19:45:37.160] [DEBUG] debug-file - hvigorfile, resolving D:\Harmonyos\Rdb\hvigorfile.ts
[2026-04-19T19:45:37.168] [DEBUG] debug-file - hvigorfile, require result:  {}
[2026-04-19T19:45:37.169] [DEBUG] debug-file - hvigorfile, binding system plugins {}
[2026-04-19T19:45:37.169] [DEBUG] debug-file - Starting plugin build process
[2026-04-19T19:45:37.169] [DEBUG] debug-file - App plugin prepare start...
[2026-04-19T19:45:37.169] [DEBUG] debug-file - App plugin prepare end...
[2026-04-19T19:45:37.169] [DEBUG] debug-file - App plugin creating...
[2026-04-19T19:45:37.173] [DEBUG] debug-file - App plugin register hook start...
[2026-04-19T19:45:37.174] [DEBUG] debug-file - App plugin register hook end...
[2026-04-19T19:45:37.174] [DEBUG] debug-file - Plugin build process completed
[2026-04-19T19:45:37.174] [DEBUG] debug-file - Start initialize project's product build option map with build mode debug.
[2026-04-19T19:45:37.175] [DEBUG] debug-file - Picking option from product 'default' with build mode 'debug'.
[2026-04-19T19:45:37.176] [DEBUG] debug-file - Product 'default' build option initialized
[2026-04-19T19:45:37.176] [DEBUG] debug-file - End initialize project's product build option map with build mode 'debug'.
[2026-04-19T19:45:37.177] [DEBUG] debug-file - Obtain build option for product 'default'in this build.
[2026-04-19T19:45:37.177] [DEBUG] debug-file - No signingConfig found, initRemoteHspCache failed.
[2026-04-19T19:45:37.180] [DEBUG] debug-file - Start recording SDK configuration permission data.
[2026-04-19T19:45:37.203] [DEBUG] debug-file - Sdk init in 26 ms 
[2026-04-19T19:45:37.206] [DEBUG] debug-file - Project task initialization takes 3 ms 
[2026-04-19T19:45:37.206] [DEBUG] debug-file - hvigorfile, resolve finished D:\Harmonyos\Rdb\hvigorfile.ts
[2026-04-19T19:45:37.207] [DEBUG] debug-file - hvigorfile, resolving D:\Harmonyos\Rdb\entry\hvigorfile.ts
[2026-04-19T19:45:37.210] [DEBUG] debug-file - hvigorfile, require result:  {}
[2026-04-19T19:45:37.210] [DEBUG] debug-file - hvigorfile, binding system plugins {}
[2026-04-19T19:45:37.211] [DEBUG] debug-file - Starting plugin build process
[2026-04-19T19:45:37.212] [DEBUG] debug-file - Hap plugin creating...
[2026-04-19T19:45:37.212] [DEBUG] debug-file - failed to load cangjie to dynamically generate schemas: Error: Cannot find module '@ohos/cangjie-build-support/index'
Require stack:
- C:\Program Files\Huawei\DevEco Studio\tools\hvigor\hvigor-ohos-plugin\src\plugin\hooks\cangjie-register.js
- C:\Program Files\Huawei\DevEco Studio\tools\hvigor\hvigor-ohos-plugin\src\plugin\strategy\stage-init-strategy.js
- C:\Program Files\Huawei\DevEco Studio\tools\hvigor\hvigor-ohos-plugin\src\plugin\builder\abstract-plugin-builder.js
- C:\Program Files\Huawei\DevEco Studio\tools\hvigor\hvigor-ohos-plugin\src\plugin\builder\app-plugin-builder.js
- C:\Program Files\Huawei\DevEco Studio\tools\hvigor\hvigor-ohos-plugin\src\plugin\factory\plugin-factory.js
- C:\Program Files\Huawei\DevEco Studio\tools\hvigor\hvigor-ohos-plugin\index.js
- D:\Harmonyos\Rdb\hvigorfile.ts
- C:\Program Files\Huawei\DevEco Studio\tools\hvigor\hvigor\src\base\internal\lifecycle\configuration.js
- C:\Program Files\Huawei\DevEco Studio\tools\hvigor\hvigor\src\base\boot\index.js
- C:\Program Files\Huawei\DevEco Studio\tools\hvigor\hvigor\src\base\daemon\cluster\worker-process-lifecycle.js
- C:\Program Files\Huawei\DevEco Studio\tools\hvigor\hvigor\src\base\daemon\process\daemon-process-boot-script.js
[2026-04-19T19:45:37.214] [DEBUG] debug-file - Start initialize module-target build option map, moduleName=entry, buildMode=release
[2026-04-19T19:45:37.214] [DEBUG] debug-file - Target 'default' config initialized
[2026-04-19T19:45:37.214] [DEBUG] debug-file - Module 'entry' target 'default' build option initialized
[2026-04-19T19:45:37.214] [DEBUG] debug-file - End initialize module-target build option map, moduleName=entry
[2026-04-19T19:45:37.214] [DEBUG] debug-file - Start initialize module-target build option map, moduleName=entry, buildMode=debug
[2026-04-19T19:45:37.214] [DEBUG] debug-file - Target 'default' config initialized
[2026-04-19T19:45:37.214] [DEBUG] debug-file - Module 'entry' target 'default' build option initialized
[2026-04-19T19:45:37.214] [DEBUG] debug-file - End initialize module-target build option map, moduleName=entry
[2026-04-19T19:45:37.214] [DEBUG] debug-file - Start initialize module-target build option map, moduleName=entry, buildMode=debug
[2026-04-19T19:45:37.215] [DEBUG] debug-file - Target 'default' config initialized
[2026-04-19T19:45:37.215] [DEBUG] debug-file - Module 'entry' target 'default' build option initialized
[2026-04-19T19:45:37.215] [DEBUG] debug-file - End initialize module-target build option map, moduleName=entry
[2026-04-19T19:45:37.215] [DEBUG] debug-file - Obtain build option for module 'entry' target 'default'in this build.
[2026-04-19T19:45:37.216] [DEBUG] debug-file - Module entry task initialization takes 2 ms 
[2026-04-19T19:45:37.217] [DEBUG] debug-file - Hap plugin register hook start...
[2026-04-19T19:45:37.217] [DEBUG] debug-file - Hap plugin register hook end...
[2026-04-19T19:45:37.217] [DEBUG] debug-file - Plugin build process completed
[2026-04-19T19:45:37.217] [DEBUG] debug-file - hvigorfile, resolve finished D:\Harmonyos\Rdb\entry\hvigorfile.ts
[2026-04-19T19:45:37.282] [DEBUG] debug-file - hvigorfile, resolve hvigorfile dependencies in 64 ms 
[2026-04-19T19:45:37.282] [DEBUG] debug-file - project has submodules:entry
[2026-04-19T19:45:37.284] [DEBUG] debug-file - start to load updatedOhPackageInfo to the disk
[2026-04-19T19:45:37.286] [DEBUG] debug-file - load to the disk finished
[2026-04-19T19:45:37.287] [DEBUG] debug-file - Start to initialize dependency information.
[2026-04-19T19:45:37.288] [DEBUG] debug-file - Module Rdb Collected Dependency: D:\Harmonyos\Rdb\oh_modules\.ohpm\@ohos+mpchart@3.0.27\oh_modules\@ohos\mpchart
[2026-04-19T19:45:37.289] [DEBUG] debug-file - Module Rdb's total dependency: 1
[2026-04-19T19:45:37.289] [DEBUG] debug-file - Start to initialize dependency information.
[2026-04-19T19:45:37.291] [DEBUG] debug-file - Module entry Collected Dependency: D:\Harmonyos\Rdb\oh_modules\.ohpm\@ohos+mpchart@3.0.27\oh_modules\@ohos\mpchart
[2026-04-19T19:45:37.291] [DEBUG] debug-file - Module entry's total dependency: 1
[2026-04-19T19:45:37.293] [DEBUG] debug-file - Configuration phase cost:135 ms 
[2026-04-19T19:45:37.294] [DEBUG] debug-file - Configuration task cost before running: 146 ms 
[2026-04-19T19:45:37.296] [DEBUG] debug-file - Executing task :entry:default@PreBuild
[2026-04-19T19:45:37.297] [DEBUG] debug-file - Task 'entry:default@PreBuild' cost while wrapping incremental declarations: 1 ms 
[2026-04-19T19:45:37.302] [DEBUG] debug-file - Incremental task entry:default@PreBuild pre-execution cost: 4 ms .
[2026-04-19T19:45:37.302] [DEBUG] debug-file - entry : default@PreBuild cost memory 0.28033447265625
[2026-04-19T19:45:37.304] [INFO] debug-file - UP-TO-DATE :entry:default@PreBuild...  
[2026-04-19T19:45:37.305] [DEBUG] debug-file - Executing task :entry:default@CreateModuleInfo
[2026-04-19T19:45:37.305] [DEBUG] debug-file - Task 'entry:default@CreateModuleInfo' cost while wrapping incremental declarations: 1 ms 
[2026-04-19T19:45:37.306] [DEBUG] debug-file - entry : default@CreateModuleInfo cost memory 0.03879547119140625
[2026-04-19T19:45:37.306] [DEBUG] debug-file - runTaskFromQueue task cost before running: 158 ms 
[2026-04-19T19:45:37.306] [INFO] debug-file - Finished :entry:default@CreateModuleInfo... after 2 ms 
[2026-04-19T19:45:37.308] [DEBUG] debug-file - Executing task :entry:default@GenerateMetadata
[2026-04-19T19:45:37.309] [DEBUG] debug-file - Task 'entry:default@GenerateMetadata' cost while wrapping incremental declarations: 1 ms 
[2026-04-19T19:45:37.309] [DEBUG] debug-file - Incremental task entry:default@GenerateMetadata pre-execution cost: 1 ms .
[2026-04-19T19:45:37.309] [DEBUG] debug-file - entry : default@GenerateMetadata cost memory 0.0762481689453125
[2026-04-19T19:45:37.309] [INFO] debug-file - UP-TO-DATE :entry:default@GenerateMetadata...  
[2026-04-19T19:45:37.310] [DEBUG] debug-file - Executing task :entry:default@ConfigureCmake
[2026-04-19T19:45:37.310] [DEBUG] debug-file - entry : default@ConfigureCmake cost memory 0.013946533203125
[2026-04-19T19:45:37.310] [DEBUG] debug-file - runTaskFromQueue task cost before running: 162 ms 
[2026-04-19T19:45:37.310] [INFO] debug-file - Finished :entry:default@ConfigureCmake... after 1 ms 
[2026-04-19T19:45:37.311] [DEBUG] debug-file - Executing task :entry:default@MergeProfile
[2026-04-19T19:45:37.311] [DEBUG] debug-file - Task 'entry:default@MergeProfile' cost while wrapping incremental declarations: 1 ms 
[2026-04-19T19:45:37.312] [DEBUG] debug-file - Incremental task entry:default@MergeProfile pre-execution cost: 1 ms .
[2026-04-19T19:45:37.312] [DEBUG] debug-file - entry : default@MergeProfile cost memory 0.133087158203125
[2026-04-19T19:45:37.313] [INFO] debug-file - UP-TO-DATE :entry:default@MergeProfile...  
[2026-04-19T19:45:37.315] [DEBUG] debug-file - Executing task :entry:default@CreateBuildProfile
[2026-04-19T19:45:37.316] [DEBUG] debug-file - Task 'entry:default@CreateBuildProfile' cost while wrapping incremental declarations: 1 ms 
[2026-04-19T19:45:37.317] [DEBUG] debug-file - Incremental task entry:default@CreateBuildProfile pre-execution cost: 2 ms .
[2026-04-19T19:45:37.318] [DEBUG] debug-file - entry : default@CreateBuildProfile cost memory 0.085296630859375
[2026-04-19T19:45:37.318] [INFO] debug-file - UP-TO-DATE :entry:default@CreateBuildProfile...  
[2026-04-19T19:45:37.319] [DEBUG] debug-file - Executing task :entry:default@PreCheckSyscap
[2026-04-19T19:45:37.319] [DEBUG] debug-file - entry : default@PreCheckSyscap cost memory 0.01416778564453125
[2026-04-19T19:45:37.319] [DEBUG] debug-file - runTaskFromQueue task cost before running: 171 ms 
[2026-04-19T19:45:37.319] [INFO] debug-file - Finished :entry:default@PreCheckSyscap... after 1 ms 
[2026-04-19T19:45:37.321] [DEBUG] debug-file - Executing task :entry:default@GeneratePkgContextInfo
[2026-04-19T19:45:37.324] [DEBUG] debug-file - Task 'entry:default@GeneratePkgContextInfo' cost while wrapping incremental declarations: 1 ms 
[2026-04-19T19:45:37.325] [DEBUG] debug-file - entry : default@GeneratePkgContextInfo cost memory 0.23702239990234375
[2026-04-19T19:45:37.325] [DEBUG] debug-file - runTaskFromQueue task cost before running: 177 ms 
[2026-04-19T19:45:37.325] [INFO] debug-file - Finished :entry:default@GeneratePkgContextInfo... after 4 ms 
[2026-04-19T19:45:37.332] [DEBUG] debug-file - Executing task :entry:default@ProcessIntegratedHsp
[2026-04-19T19:45:37.333] [DEBUG] debug-file - entry:default@ProcessIntegratedHsp is not up-to-date, since the output file 'D:\Harmonyos\Rdb\build\cache\default\integrated_hsp\integratedHspCache.json' does not exist.
[2026-04-19T19:45:37.333] [DEBUG] debug-file - Incremental task entry:default@ProcessIntegratedHsp pre-execution cost: 1 ms .
[2026-04-19T19:45:37.333] [DEBUG] debug-file - entry : default@ProcessIntegratedHsp cost memory -4.4272308349609375
[2026-04-19T19:45:37.333] [DEBUG] debug-file - runTaskFromQueue task cost before running: 186 ms 
[2026-04-19T19:45:37.334] [INFO] debug-file - Finished :entry:default@ProcessIntegratedHsp... after 5 ms 
[2026-04-19T19:45:37.335] [DEBUG] debug-file - Executing task :entry:default@BuildNativeWithCmake
[2026-04-19T19:45:37.335] [DEBUG] debug-file - entry : default@BuildNativeWithCmake cost memory 0.013946533203125
[2026-04-19T19:45:37.335] [DEBUG] debug-file - runTaskFromQueue task cost before running: 187 ms 
[2026-04-19T19:45:37.335] [INFO] debug-file - Finished :entry:default@BuildNativeWithCmake... after 1 ms 
[2026-04-19T19:45:37.336] [DEBUG] debug-file - Executing task :entry:default@MakePackInfo
[2026-04-19T19:45:37.337] [DEBUG] debug-file - Incremental task entry:default@MakePackInfo pre-execution cost: 1 ms .
[2026-04-19T19:45:37.337] [DEBUG] debug-file - entry : default@MakePackInfo cost memory 0.09342193603515625
[2026-04-19T19:45:37.337] [INFO] debug-file - UP-TO-DATE :entry:default@MakePackInfo...  
[2026-04-19T19:45:37.338] [DEBUG] debug-file - Executing task :entry:default@SyscapTransform
[2026-04-19T19:45:37.338] [DEBUG] debug-file - File: 'D:\Harmonyos\Rdb\entry\src\main\syscap.json' from 'sysCapJsonPath' is not exists, just ignore.
[2026-04-19T19:45:37.338] [DEBUG] debug-file - Task 'entry:default@SyscapTransform' cost while wrapping incremental declarations: 1 ms 
[2026-04-19T19:45:37.339] [DEBUG] debug-file - entry:default@SyscapTransform is not up-to-date, since the output file 'D:\Harmonyos\Rdb\entry\build\default\intermediates\syscap\default\rpcid.sc' does not exist.
[2026-04-19T19:45:37.339] [DEBUG] debug-file - Incremental task entry:default@SyscapTransform pre-execution cost: 1 ms .
[2026-04-19T19:45:37.340] [DEBUG] debug-file - entry : default@SyscapTransform cost memory 0.1393890380859375
[2026-04-19T19:45:37.340] [DEBUG] debug-file - runTaskFromQueue task cost before running: 192 ms 
[2026-04-19T19:45:37.340] [INFO] debug-file - Finished :entry:default@SyscapTransform... after 3 ms 
[2026-04-19T19:45:37.341] [DEBUG] debug-file - Executing task :entry:default@ProcessProfile
[2026-04-19T19:45:37.342] [DEBUG] debug-file - Task 'entry:default@ProcessProfile' cost while wrapping incremental declarations: 1 ms 
[2026-04-19T19:45:37.343] [DEBUG] debug-file - Incremental task entry:default@ProcessProfile pre-execution cost: 1 ms .
[2026-04-19T19:45:37.343] [DEBUG] debug-file - entry : default@ProcessProfile cost memory 0.11833953857421875
[2026-04-19T19:45:37.343] [INFO] debug-file - UP-TO-DATE :entry:default@ProcessProfile...  
[2026-04-19T19:45:37.344] [DEBUG] debug-file - Executing task :entry:default@ProcessRouterMap
[2026-04-19T19:45:37.345] [DEBUG] debug-file - Incremental task entry:default@ProcessRouterMap pre-execution cost: 1 ms .
[2026-04-19T19:45:37.345] [DEBUG] debug-file - entry : default@ProcessRouterMap cost memory 0.187530517578125
[2026-04-19T19:45:37.345] [INFO] debug-file - UP-TO-DATE :entry:default@ProcessRouterMap...  
[2026-04-19T19:45:37.347] [DEBUG] debug-file - Executing task :entry:default@ProcessShareConfig
[2026-04-19T19:45:37.349] [DEBUG] debug-file - Incremental task entry:default@ProcessShareConfig pre-execution cost: 2 ms .
[2026-04-19T19:45:37.349] [DEBUG] debug-file - entry : default@ProcessShareConfig cost memory 0.11139678955078125
[2026-04-19T19:45:37.350] [INFO] debug-file - UP-TO-DATE :entry:default@ProcessShareConfig...  
[2026-04-19T19:45:37.351] [DEBUG] debug-file - Executing task :entry:default@ProcessStartupConfig
[2026-04-19T19:45:37.351] [DEBUG] debug-file - Task 'entry:default@ProcessStartupConfig' cost while wrapping incremental declarations: 1 ms 
[2026-04-19T19:45:37.351] [DEBUG] debug-file - entry:default@ProcessStartupConfig is not up-to-date, since the output file 'D:\Harmonyos\Rdb\entry\build\default\intermediates\startup\default\startup_config.json' does not exist.
[2026-04-19T19:45:37.351] [DEBUG] debug-file - Incremental task entry:default@ProcessStartupConfig pre-execution cost: 1 ms .
[2026-04-19T19:45:37.352] [DEBUG] debug-file - entry : default@ProcessStartupConfig cost memory 0.0947723388671875
[2026-04-19T19:45:37.352] [DEBUG] debug-file - runTaskFromQueue task cost before running: 204 ms 
[2026-04-19T19:45:37.352] [INFO] debug-file - Finished :entry:default@ProcessStartupConfig... after 1 ms 
[2026-04-19T19:45:37.353] [DEBUG] debug-file - Executing task :entry:default@BuildNativeWithNinja
[2026-04-19T19:45:37.354] [DEBUG] debug-file - entry : default@BuildNativeWithNinja cost memory 0.01924896240234375
[2026-04-19T19:45:37.354] [DEBUG] debug-file - runTaskFromQueue task cost before running: 206 ms 
[2026-04-19T19:45:37.354] [INFO] debug-file - Finished :entry:default@BuildNativeWithNinja... after 1 ms 
[2026-04-19T19:45:37.356] [DEBUG] debug-file - restool module names: entry; moduleName=entry, taskName=default@ProcessResource
[2026-04-19T19:45:37.357] [DEBUG] debug-file - Executing task :entry:default@ProcessResource
[2026-04-19T19:45:37.358] [DEBUG] debug-file - Task 'entry:default@ProcessResource' cost while wrapping incremental declarations: 1 ms 
[2026-04-19T19:45:37.358] [DEBUG] debug-file - Incremental task entry:default@ProcessResource pre-execution cost: 1 ms .
[2026-04-19T19:45:37.358] [DEBUG] debug-file - entry : default@ProcessResource cost memory 0.1205596923828125
[2026-04-19T19:45:37.360] [INFO] debug-file - UP-TO-DATE :entry:default@ProcessResource...  
[2026-04-19T19:45:37.361] [DEBUG] debug-file - Executing task :entry:default@GenerateLoaderJson
[2026-04-19T19:45:37.362] [DEBUG] debug-file - Task 'entry:default@GenerateLoaderJson' cost while wrapping incremental declarations: 1 ms 
[2026-04-19T19:45:37.369] [DEBUG] debug-file - Incremental task entry:default@GenerateLoaderJson pre-execution cost: 5 ms .
[2026-04-19T19:45:37.369] [DEBUG] debug-file - entry : default@GenerateLoaderJson cost memory 0.4877166748046875
[2026-04-19T19:45:37.373] [INFO] debug-file - UP-TO-DATE :entry:default@GenerateLoaderJson...  
[2026-04-19T19:45:37.375] [DEBUG] debug-file - Executing task :entry:default@ProcessLibs
[2026-04-19T19:45:37.378] [DEBUG] debug-file - Incremental task entry:default@ProcessLibs pre-execution cost: 1 ms .
[2026-04-19T19:45:37.379] [DEBUG] debug-file - entry : default@ProcessLibs cost memory 0.31414031982421875
[2026-04-19T19:45:37.379] [INFO] debug-file - UP-TO-DATE :entry:default@ProcessLibs...  
[2026-04-19T19:45:37.380] [DEBUG] debug-file - restool module names: entry; moduleName=entry, taskName=default@CompileResource
[2026-04-19T19:45:37.381] [DEBUG] debug-file - Executing task :entry:default@CompileResource
[2026-04-19T19:45:37.396] [DEBUG] debug-file - Incremental task entry:default@CompileResource pre-execution cost: 14 ms .
[2026-04-19T19:45:37.396] [DEBUG] debug-file - entry : default@CompileResource cost memory 1.148773193359375
[2026-04-19T19:45:37.397] [INFO] debug-file - UP-TO-DATE :entry:default@CompileResource...  
[2026-04-19T19:45:37.399] [DEBUG] debug-file - Executing task :entry:default@DoNativeStrip
[2026-04-19T19:45:37.399] [DEBUG] debug-file - Task 'entry:default@DoNativeStrip' cost while wrapping incremental declarations: 1 ms 
[2026-04-19T19:45:37.400] [DEBUG] debug-file - Incremental task entry:default@DoNativeStrip pre-execution cost: 1 ms .
[2026-04-19T19:45:37.400] [DEBUG] debug-file - entry : default@DoNativeStrip cost memory 0.07073211669921875
[2026-04-19T19:45:37.401] [INFO] debug-file - UP-TO-DATE :entry:default@DoNativeStrip...  
[2026-04-19T19:45:37.402] [DEBUG] debug-file - Executing task :entry:default@CompileArkTS
[2026-04-19T19:45:37.402] [DEBUG] debug-file - obfuscationOptions: undefined
[2026-04-19T19:45:37.406] [DEBUG] debug-file - Task 'entry:default@CompileArkTS' cost while wrapping incremental declarations: 1 ms 
[2026-04-19T19:45:37.436] [DEBUG] debug-file - entry:default@CompileArkTS is not up-to-date, since the input file 'D:\Harmonyos\Rdb\entry\src\main\ets' has been changed.
[2026-04-19T19:45:37.436] [DEBUG] debug-file - Incremental task entry:default@CompileArkTS pre-execution cost: 28 ms .
[2026-04-19T19:45:37.444] [DEBUG] debug-file - build config:
[2026-04-19T19:45:37.444] [DEBUG] debug-file - {
  moduleType: 'entry',
  perf: 0,
  targetName: '.default',
  packageManagerType: 'ohpm',
  localPropertiesPath: 'D:\\Harmonyos\\Rdb\\local.properties',
  isPreview: false,
  isOhosTest: false,
  isLocalTest: false,
  buildMode: 'Debug',
  hotReloadBuild: undefined,
  watchMode: 'false',
  aceProfilePath: 'D:\\Harmonyos\\Rdb\\entry\\build\\default\\intermediates\\res\\default\\resources\\base\\profile',
  etsLoaderPath: 'C:\\Program Files\\Huawei\\DevEco Studio\\sdk\\default\\openharmony\\ets\\build-tools\\ets-loader',
  modulePath: 'D:\\Harmonyos\\Rdb\\entry',
  testFrameworkPar: {
    testMode: undefined,
    coveragePathFilter: undefined,
    coverageMode: undefined
  },
  needCoverageInsert: false,
  debugLine: false,
  projectTopDir: 'D:\\Harmonyos\\Rdb',
  compileSdkVersion: 22,
  compatibleSdkVersion: 17,
  originCompatibleSdkVersion: '5.0.5(17)',
  compatibleSdkVersionStage: undefined,
  bundleName: 'c***b',
  etsLoaderVersion: '6.0.2.130',
  etsLoaderReleaseType: 'Release',
  aotCompileMode: 'type',
  apPath: 'D:\\Harmonyos\\Rdb\\entry\\modules.ap',
  entryModuleName: 'entry',
  entryModuleVersion: '1.0.0',
  entryPackageName: 'entry',
  allModuleNameHash: '199d9c189e05aafae23be9098c561ff961e0b37017b028c869204eaf5bb9b356',
  externalApiPaths: [
    'C:\\Program Files\\Huawei\\DevEco Studio\\sdk\\default\\hms\\ets'
  ],
  compilerTypes: [],
  isCrossplatform: false,
  hvigorPluginFile: undefined,
  compilePluginPath: undefined,
  buildGeneratedProfilePath: 'D:\\Harmonyos\\Rdb\\entry\\build\\default\\generated\\profile\\default',
  bundleType: 'app',
  arkTSVersion: undefined,
  apiVersion: 22,
  needCompleteSourcesMap: false,
  isFaMode: false,
  buildDir: 'D:\\Harmonyos\\Rdb\\entry\\build',
  deviceTypes: [ 'phone' ],
  pkgContextInfo: undefined,
  ohPackagePathMap: {},
  dependencyAliasMap: {},
  permission: { requestPermissions: [ [Object] ], definePermissions: undefined },
  useGetCurrentBundleName: false,
  projectArkOption: undefined,
  sourceMapDir: undefined,
  branchElimination: false,
  transformLib: undefined,
  tsImportSendable: false,
  resolveConflictMode: true,
  depName2RootPath: {},
  depName2DepInfo: {},
  rootPathSet: [ 'D:\\Harmonyos\\Rdb' ],
  useNativeResolver: true,
  shouldEmitJs: true,
  useTscResolve: false,
  singleFileEmit: false,
  userProjectConfig: {
    autoLazyImport: false,
    allowEmptyBundleName: false,
    reExportCheckMode: 'noCheck',
    executionMode: 'memory',
    usePathPlaceholder: false,
    writeRollupCache: true,
    isExpandImportEnabled: false,
    expandImportExclude: '',
    lazyImportExclude: '',
    lazyImportInclude: '',
    ignoreCrossplatformCheck: false,
    isHarDeduplicateEnabled: false,
    skipOhModulesLint: false,
    enableStrictCheckOHModule: false,
    disableSendableCheckRules: [],
    useDeclarationFileSignature: false,
    customizedOptions: undefined,
    integratedHsp: false,
    isPreloadSoEnabled: false
  },
  executionMode: 'memory',
  arkCompileCachePath: 'D:\\Harmonyos\\Rdb\\entry\\build\\default\\cache\\default\\default@CompileArkTS\\esmodule',
  autoLazyFilter: undefined,
  isHarDeduplicateEnabled: false,
  intermediateHarDuplicateDirPath: 'D:\\Harmonyos\\Rdb\\entry\\build\\default\\intermediates\\har_duplicate\\default',
  autoLazyImport: false,
  allowEmptyBundleName: false,
  reExportCheckMode: 'noCheck',
  usePathPlaceholder: false,
  writeRollupCache: true,
  isExpandImportEnabled: false,
  expandImportExclude: '',
  lazyImportExclude: '',
  lazyImportInclude: '',
  ignoreCrossplatformCheck: false,
  skipOhModulesLint: false,
  enableStrictCheckOHModule: false,
  disableSendableCheckRules: [],
  useDeclarationFileSignature: false,
  customizedOptions: undefined,
  integratedHsp: false,
  isPreloadSoEnabled: false,
  strictMode: undefined,
  useNormalizedOHMUrl: false,
  caseSensitiveCheck: false,
  aceModuleJsonPath: 'D:\\Harmonyos\\Rdb\\entry\\build\\default\\intermediates\\res\\default\\ark_module.json',
  appResource: 'D:\\Harmonyos\\Rdb\\entry\\build\\default\\intermediates\\res\\default\\ResourceTable.txt',
  rawFileResource: 'D:\\Harmonyos\\Rdb\\entry\\build\\default\\intermediates\\res\\default\\resources\\rawfile',
  resourceTableHash: 'bc30de88bcdc2d48b439b5331438f18f5e6581667fb0e08a149114abb4f3a1a7',
  runtimeOS: 'HarmonyOS',
  sdkInfo: 'false:22:6.0.2.130:Release',
  aceModuleRoot: 'D:\\Harmonyos\\Rdb\\entry\\src\\main\\ets',
  compileMode: 'esmodule',
  aceSuperVisualPath: 'D:\\Harmonyos\\Rdb\\entry\\src\\main\\supervisual',
  aceBuildJson: 'D:\\Harmonyos\\Rdb\\entry\\build\\default\\intermediates\\loader\\default\\loader.json',
  cachePath: 'D:\\Harmonyos\\Rdb\\entry\\build\\default\\cache\\default\\default@CompileArkTS\\esmodule\\debug',
  aceModuleBuild: 'D:\\Harmonyos\\Rdb\\entry\\build\\default\\intermediates\\loader_out\\default\\ets',
  supportChunks: true,
  declaredFilesPath: undefined,
  shouldCollectDirectImportees: false,
  isByteCodeHarOptimize: false,
  expandImportPath: undefined,
  pkgNameToPkgBriefInfo: {
    '@ohos/mpchart': {
      pkgRoot: 'D:\\Harmonyos\\Rdb\\oh_modules\\.ohpm\\@ohos+mpchart@3.0.27\\oh_modules\\@ohos\\mpchart',
      pkgName: '@ohos/mpchart',
      sourceRoots: [Array]
    },
    entry: {
      pkgRoot: 'D:\\Harmonyos\\Rdb\\entry',
      originalSourceRoots: undefined,
      sourceRoots: [Array],
      pkgName: 'entry'
    }
  },
  projectModel: {
    'D:\\Harmonyos\\Rdb\\entry\\src\\main': {
      moduleName: 'entry',
      modulePkgPath: 'D:\\Harmonyos\\Rdb\\entry',
      belongProjectPath: 'D:\\Harmonyos\\Rdb'
    },
    'D:\\Harmonyos\\Rdb\\entry': {
      moduleName: 'entry',
      modulePkgPath: 'D:\\Harmonyos\\Rdb\\entry',
      belongProjectPath: 'D:\\Harmonyos\\Rdb'
    },
    'D:\\Harmonyos\\Rdb': {
      moduleName: 'Rdb',
      modulePkgPath: 'D:\\Harmonyos\\Rdb',
      belongProjectPath: 'D:\\Harmonyos\\Rdb'
    }
  },
  pkgJsonFileHash: 'd56bf149d8241d4d0c1ae430fabb9fa7e929fed90b32548bd9094ede2f766d24',
  allModulePaths: [ 'D:\\Harmonyos\\Rdb\\entry' ],
  routerMap: {},
  obfuscationOptions: undefined,
  byteCodeHarToDependencyKeys: undefined,
  compileBlockPkg: [],
  mockParams: {
    decorator: '@MockSetup',
    packageName: '@ohos/hamock',
    etsSourceRootPath: 'src/main/ets',
    mockConfigPath: undefined,
    mockConfigKey2ModuleInfo: {},
    source2ModuleIdMap: {}
  },
  copyCodeResourceEnable: true,
  copyCodeResourceExcludes: [],
  copyCodeResourceIncludes: undefined,
  uiTransformOptimization: false,
  sdkPath: 'C:/Program Files/Huawei/DevEco Studio/sdk',
  needPreloadSoFileSet: {},
  preloadSoFilePath: 'D:\\Harmonyos\\Rdb\\entry\\build\\default\\intermediates\\preload\\default\\preload.json',
  useSourceHash: false,
  localModuleParamMap: {},
  otherPaths: {
    '@ohos/mpchart/*': [
      '..\\..\\..\\..\\oh_modules\\.ohpm\\@ohos+mpchart@3.0.27\\oh_modules\\@ohos\\mpchart\\src\\main\\*'
    ],
    'entry/*': [
      '..\\*',
      '..\\..\\..\\build\\default\\generated\\profile\\default\\*'
    ]
  },
  collectImportersConfig: undefined
}
[2026-04-19T19:45:37.444] [DEBUG] debug-file - Compile arkts with external api path: C:\Program Files\Huawei\DevEco Studio\sdk\default\hms\ets
[2026-04-19T19:45:37.445] [DEBUG] debug-file - default@CompileArkTS work[18] is submitted.
[2026-04-19T19:45:37.445] [DEBUG] debug-file - default@CompileArkTS work[18] is pushed to ready queue.
[2026-04-19T19:45:37.445] [DEBUG] debug-file - A work dispatched to worker[17] failed because unable to get work from ready queue.
[2026-04-19T19:45:37.445] [DEBUG] debug-file - A work dispatched to worker[16] failed because unable to get work from ready queue.
[2026-04-19T19:45:37.445] [DEBUG] debug-file - A work dispatched to worker[15] failed because unable to get work from ready queue.
[2026-04-19T19:45:37.445] [DEBUG] debug-file - A work dispatched to worker[14] failed because unable to get work from ready queue.
[2026-04-19T19:45:37.445] [DEBUG] debug-file - A work dispatched to worker[13] failed because unable to get work from ready queue.
[2026-04-19T19:45:37.445] [DEBUG] debug-file - A work dispatched to worker[12] failed because unable to get work from ready queue.
[2026-04-19T19:45:37.445] [DEBUG] debug-file - A work dispatched to worker[11] failed because unable to get work from ready queue.
[2026-04-19T19:45:37.445] [DEBUG] debug-file - A work dispatched to worker[10] failed because unable to get work from ready queue.
[2026-04-19T19:45:37.445] [DEBUG] debug-file - A work dispatched to worker[9] failed because unable to get work from ready queue.
[2026-04-19T19:45:37.445] [DEBUG] debug-file - A work dispatched to worker[8] failed because unable to get work from ready queue.
[2026-04-19T19:45:37.445] [DEBUG] debug-file - A work dispatched to worker[7] failed because unable to get work from ready queue.
[2026-04-19T19:45:37.445] [DEBUG] debug-file - A work dispatched to worker[6] failed because unable to get work from ready queue.
[2026-04-19T19:45:37.445] [DEBUG] debug-file - A work dispatched to worker[5] failed because unable to get work from ready queue.
[2026-04-19T19:45:37.446] [DEBUG] debug-file - default@CompileArkTS work[18] has been dispatched to worker[4].
[2026-04-19T19:45:37.446] [DEBUG] debug-file - default@CompileArkTS work[18] is dispatched.
[2026-04-19T19:45:37.446] [DEBUG] debug-file - CopyResources startTime: 324539376052000
[2026-04-19T19:45:37.446] [DEBUG] debug-file - default@CompileArkTS work[19] is submitted.
[2026-04-19T19:45:37.446] [DEBUG] debug-file - default@CompileArkTS work[19] is pushed to ready queue.
[2026-04-19T19:45:37.446] [DEBUG] debug-file - A work dispatched to worker[17] failed because unable to get work from ready queue.
[2026-04-19T19:45:37.446] [DEBUG] debug-file - Create  resident worker with id: 16.
[2026-04-19T19:45:37.447] [DEBUG] debug-file - default@CompileArkTS work[19] has been dispatched to worker[16].
[2026-04-19T19:45:37.448] [DEBUG] debug-file - default@CompileArkTS work[19] is dispatched.
[2026-04-19T19:45:37.448] [DEBUG] debug-file - entry : default@CompileArkTS cost memory -1.5406265258789062
[2026-04-19T19:45:37.450] [DEBUG] debug-file - Executing task :entry:default@BuildJS
[2026-04-19T19:45:37.451] [DEBUG] debug-file - Task 'entry:default@BuildJS' cost while wrapping incremental declarations: 1 ms 
[2026-04-19T19:45:37.453] [DEBUG] debug-file - entry : default@BuildJS cost memory 0.144561767578125
[2026-04-19T19:45:37.453] [DEBUG] debug-file - runTaskFromQueue task cost before running: 305 ms 
[2026-04-19T19:45:37.454] [INFO] debug-file - Finished :entry:default@BuildJS... after 4 ms 
[2026-04-19T19:45:37.456] [DEBUG] debug-file - Executing task :entry:default@CacheNativeLibs
[2026-04-19T19:45:37.456] [DEBUG] debug-file - Task 'entry:default@CacheNativeLibs' cost while wrapping incremental declarations: 1 ms 
[2026-04-19T19:45:37.458] [DEBUG] debug-file - Incremental task entry:default@CacheNativeLibs pre-execution cost: 2 ms .
[2026-04-19T19:45:37.458] [DEBUG] debug-file - entry : default@CacheNativeLibs cost memory 0.08634185791015625
[2026-04-19T19:45:37.459] [INFO] debug-file - UP-TO-DATE :entry:default@CacheNativeLibs...  
[2026-04-19T19:45:38.590] [DEBUG] debug-file - Ark compile task finished.finished time is 324540520608800
[2026-04-19T19:45:38.590] [DEBUG] debug-file - worker[4] has one work done.
[2026-04-19T19:45:38.592] [DEBUG] debug-file - default@CompileArkTS work[18] done.
[2026-04-19T19:45:38.592] [DEBUG] debug-file - A work dispatched to worker[4] failed because unable to get work from ready queue.
[2026-04-19T19:45:38.593] [DEBUG] debug-file - worker[16] has one work done.
[2026-04-19T19:45:38.594] [DEBUG] debug-file - CopyResources is end, endTime: 324540524006900
[2026-04-19T19:45:38.594] [DEBUG] debug-file - default@CompileArkTS work[19] done.
[2026-04-19T19:45:38.594] [DEBUG] debug-file - A work dispatched to worker[16] failed because unable to get work from ready queue.
[2026-04-19T19:45:38.595] [INFO] debug-file - Finished :entry:default@CompileArkTS... after 1 s 192 ms 
[2026-04-19T19:45:38.596] [DEBUG] debug-file - Executing task :entry:default@GeneratePkgModuleJson
[2026-04-19T19:45:38.596] [DEBUG] debug-file - File: 'D:\Harmonyos\Rdb\entry\build\default\intermediates\preload\default\preload.json' from 'preloadSoJsonPath' is not exists, just ignore.
[2026-04-19T19:45:38.597] [DEBUG] debug-file - Error occurs while handling @Input 'shouldDeduplicateHar': The "data" argument must be of type string or an instance of Buffer, TypedArray, or DataView. Received undefined
[2026-04-19T19:45:38.597] [DEBUG] debug-file - Task 'entry:default@GeneratePkgModuleJson' cost while wrapping incremental declarations: 1 ms 
[2026-04-19T19:45:38.597] [DEBUG] debug-file - Incremental task entry:default@GeneratePkgModuleJson pre-execution cost: 1 ms .
[2026-04-19T19:45:38.598] [DEBUG] debug-file - entry : default@GeneratePkgModuleJson cost memory 0.0989990234375
[2026-04-19T19:45:38.598] [INFO] debug-file - UP-TO-DATE :entry:default@GeneratePkgModuleJson...  
[2026-04-19T19:45:38.600] [DEBUG] debug-file - Executing task :entry:default@ProcessCompiledResources
[2026-04-19T19:45:38.600] [DEBUG] debug-file - File: 'D:\Harmonyos\Rdb\entry\build\default\intermediates\preload\default\preload.json' from 'preloadSoJsonPath' is not exists, just ignore.
[2026-04-19T19:45:38.600] [DEBUG] debug-file - Task 'entry:default@ProcessCompiledResources' cost while wrapping incremental declarations: 1 ms 
[2026-04-19T19:45:38.600] [DEBUG] debug-file - entry : default@ProcessCompiledResources cost memory 0.05469512939453125
[2026-04-19T19:45:38.600] [DEBUG] debug-file - runTaskFromQueue task cost before running: 1 s 453 ms 
[2026-04-19T19:45:38.601] [INFO] debug-file - Finished :entry:default@ProcessCompiledResources... after 2 ms 
[2026-04-19T19:45:38.602] [DEBUG] debug-file - Executing task :entry:default@PackageHap
[2026-04-19T19:45:38.607] [DEBUG] debug-file - entry:default@PackageHap is not up-to-date, since the input file 'D:\Harmonyos\Rdb\entry\build\default\intermediates\loader_out\default\ets' has been changed.
[2026-04-19T19:45:38.608] [DEBUG] debug-file - Incremental task entry:default@PackageHap pre-execution cost: 5 ms .
[2026-04-19T19:45:38.608] [DEBUG] debug-file - Use tool [C:\Program Files\Huawei\DevEco Studio\sdk\default\openharmony\toolchains\lib\app_packing_tool.jar]
 [
  'java',
  '-Dfile.encoding=GBK',
  '-jar',
  'C:\\Program Files\\Huawei\\DevEco Studio\\sdk\\default\\openharmony\\toolchains\\lib\\app_packing_tool.jar',
  '--mode',
  'hap',
  '--force',
  'true',
  '--lib-path',
  'D:\\Harmonyos\\Rdb\\entry\\build\\default\\intermediates\\stripped_native_libs\\default',
  '--json-path',
  'D:\\Harmonyos\\Rdb\\entry\\build\\default\\intermediates\\package\\default\\module.json',
  '--resources-path',
  'D:\\Harmonyos\\Rdb\\entry\\build\\default\\intermediates\\res\\default\\resources',
  '--index-path',
  'D:\\Harmonyos\\Rdb\\entry\\build\\default\\intermediates\\res\\default\\resources.index',
  '--pack-info-path',
  'D:\\Harmonyos\\Rdb\\entry\\build\\default\\outputs\\default\\pack.info',
  '--out-path',
  'D:\\Harmonyos\\Rdb\\entry\\build\\default\\outputs\\default\\entry-default-unsigned.hap',
  '--ets-path',
  'D:\\Harmonyos\\Rdb\\entry\\build\\default\\intermediates\\loader_out\\default\\ets'
]
[2026-04-19T19:45:38.657] [DEBUG] debug-file - java daemon socket received message:{"code":0,"message":"pack success"}
[2026-04-19T19:45:38.660] [DEBUG] debug-file - entry : default@PackageHap cost memory 0.7898025512695312
[2026-04-19T19:45:38.661] [DEBUG] debug-file - runTaskFromQueue task cost before running: 1 s 513 ms 
[2026-04-19T19:45:38.662] [INFO] debug-file - Finished :entry:default@PackageHap... after 59 ms 
[2026-04-19T19:45:38.664] [DEBUG] debug-file - Executing task :entry:default@PackingCheck
[2026-04-19T19:45:38.672] [DEBUG] debug-file - entry : default@PackingCheck cost memory 0.4920806884765625
[2026-04-19T19:45:38.672] [DEBUG] debug-file - runTaskFromQueue task cost before running: 1 s 524 ms 
[2026-04-19T19:45:38.672] [INFO] debug-file - Finished :entry:default@PackingCheck... after 8 ms 
[2026-04-19T19:45:38.674] [DEBUG] debug-file - Executing task :entry:default@SignHap
[2026-04-19T19:45:38.674] [WARN] debug-file - Will skip sign 'hos_hap'. No signingConfigs profile is configured in current project.
             If needed, configure the signingConfigs in D:\Harmonyos\Rdb\build-profile.json5.
[2026-04-19T19:45:38.675] [DEBUG] debug-file - entry:default@SignHap is not up-to-date, since the input file 'D:\Harmonyos\Rdb\entry\build\default\outputs\default\entry-default-unsigned.hap' has been changed.
[2026-04-19T19:45:38.675] [DEBUG] debug-file - Incremental task entry:default@SignHap pre-execution cost: 1 ms .
[2026-04-19T19:45:38.676] [DEBUG] debug-file - entry : default@SignHap cost memory 0.08283233642578125
[2026-04-19T19:45:38.676] [DEBUG] debug-file - runTaskFromQueue task cost before running: 1 s 528 ms 
[2026-04-19T19:45:38.676] [INFO] debug-file - Finished :entry:default@SignHap... after 3 ms 
[2026-04-19T19:45:38.679] [DEBUG] debug-file - Executing task :entry:default@CollectDebugSymbol
[2026-04-19T19:45:38.680] [DEBUG] debug-file - entry : default@CollectDebugSymbol cost memory 0.07843017578125
[2026-04-19T19:45:38.680] [DEBUG] debug-file - runTaskFromQueue task cost before running: 1 s 532 ms 
[2026-04-19T19:45:38.681] [INFO] debug-file - Finished :entry:default@CollectDebugSymbol... after 2 ms 
[2026-04-19T19:45:38.681] [DEBUG] debug-file - Executing task :entry:assembleHap
[2026-04-19T19:45:38.681] [DEBUG] debug-file - entry : assembleHap cost memory 0.0121002197265625
[2026-04-19T19:45:38.681] [DEBUG] debug-file - runTaskFromQueue task cost before running: 1 s 534 ms 
[2026-04-19T19:45:38.682] [INFO] debug-file - Finished :entry:assembleHap... after 1 ms 
[2026-04-19T19:45:38.697] [INFO] debug-file - BUILD SUCCESSFUL in 1 s 549 ms 
[2026-04-19T19:45:38.697] [DEBUG] debug-file - There is no need to refresh cache, since the incremental task entry:default@PreBuild is up-to-date.
[2026-04-19T19:45:38.697] [DEBUG] debug-file - Update task entry:default@CreateModuleInfo output file:D:\Harmonyos\Rdb\entry\build\default\generated\profile\default\ModuleInfo.ts cache.
[2026-04-19T19:45:38.698] [DEBUG] debug-file - Incremental task entry:default@CreateModuleInfo post-execution cost:1 ms .
[2026-04-19T19:45:38.698] [DEBUG] debug-file - There is no need to refresh cache, since the incremental task entry:default@GenerateMetadata is up-to-date.
[2026-04-19T19:45:38.698] [DEBUG] debug-file - There is no need to refresh cache, since the incremental task entry:default@MergeProfile is up-to-date.
[2026-04-19T19:45:38.698] [DEBUG] debug-file - There is no need to refresh cache, since the incremental task entry:default@CreateBuildProfile is up-to-date.
[2026-04-19T19:45:38.698] [DEBUG] debug-file - Update task entry:default@GeneratePkgContextInfo output file:D:\Harmonyos\Rdb\entry\build\default\intermediates\loader\default\pkgContextInfo.json cache.
[2026-04-19T19:45:38.698] [DEBUG] debug-file - Incremental task entry:default@GeneratePkgContextInfo post-execution cost:1 ms .
[2026-04-19T19:45:38.699] [DEBUG] debug-file - Update task entry:default@ProcessIntegratedHsp output file:D:\Harmonyos\Rdb\build\cache\default\integrated_hsp\integratedHspCache.json cache.
[2026-04-19T19:45:38.699] [DEBUG] debug-file - Incremental task entry:default@ProcessIntegratedHsp post-execution cost:1 ms .
[2026-04-19T19:45:38.699] [DEBUG] debug-file - There is no need to refresh cache, since the incremental task entry:default@MakePackInfo is up-to-date.
[2026-04-19T19:45:38.699] [DEBUG] debug-file - Update task entry:default@SyscapTransform input file:C:\Program Files\Huawei\DevEco Studio\sdk\default\openharmony\toolchains\syscap_tool.exe cache by regenerate.
[2026-04-19T19:45:38.699] [DEBUG] debug-file - Update task entry:default@SyscapTransform input file:C:\Program Files\Huawei\DevEco Studio\sdk\default\openharmony\ets\api\device-define cache by regenerate.
[2026-04-19T19:45:38.699] [DEBUG] debug-file - Update task entry:default@SyscapTransform output file:D:\Harmonyos\Rdb\entry\build\default\intermediates\syscap\default\rpcid.sc cache.
[2026-04-19T19:45:38.700] [DEBUG] debug-file - Incremental task entry:default@SyscapTransform post-execution cost:1 ms .
[2026-04-19T19:45:38.700] [DEBUG] debug-file - There is no need to refresh cache, since the incremental task entry:default@ProcessProfile is up-to-date.
[2026-04-19T19:45:38.700] [DEBUG] debug-file - There is no need to refresh cache, since the incremental task entry:default@ProcessRouterMap is up-to-date.
[2026-04-19T19:45:38.700] [DEBUG] debug-file - There is no need to refresh cache, since the incremental task entry:default@ProcessShareConfig is up-to-date.
[2026-04-19T19:45:38.700] [DEBUG] debug-file - Update task entry:default@ProcessStartupConfig output file:D:\Harmonyos\Rdb\entry\build\default\intermediates\startup\default\startup_config.json cache.
[2026-04-19T19:45:38.700] [DEBUG] debug-file - Incremental task entry:default@ProcessStartupConfig post-execution cost:1 ms .
[2026-04-19T19:45:38.700] [DEBUG] debug-file - There is no need to refresh cache, since the incremental task entry:default@ProcessResource is up-to-date.
[2026-04-19T19:45:38.700] [DEBUG] debug-file - There is no need to refresh cache, since the incremental task entry:default@GenerateLoaderJson is up-to-date.
[2026-04-19T19:45:38.700] [DEBUG] debug-file - There is no need to refresh cache, since the incremental task entry:default@ProcessLibs is up-to-date.
[2026-04-19T19:45:38.700] [DEBUG] debug-file - There is no need to refresh cache, since the incremental task entry:default@CompileResource is up-to-date.
[2026-04-19T19:45:38.700] [DEBUG] debug-file - There is no need to refresh cache, since the incremental task entry:default@DoNativeStrip is up-to-date.
[2026-04-19T19:45:38.701] [DEBUG] debug-file - Update task entry:default@CompileArkTS input file:D:\Harmonyos\Rdb\entry\build\default\intermediates\loader\default cache by regenerate.
[2026-04-19T19:45:38.701] [DEBUG] debug-file - Update task entry:default@CompileArkTS input file:D:\Harmonyos\Rdb\oh_modules\.ohpm\@ohos+mpchart@3.0.27\oh_modules\@ohos\mpchart\index.ets cache by regenerate.
[2026-04-19T19:45:38.701] [DEBUG] debug-file - Update task entry:default@CompileArkTS input file:D:\Harmonyos\Rdb\oh_modules\.ohpm\@ohos+mpchart@3.0.27\oh_modules\@ohos\mpchart\src\main\ets cache by regenerate.
[2026-04-19T19:45:38.717] [DEBUG] debug-file - Update task entry:default@CompileArkTS input file:D:\Harmonyos\Rdb\entry\build\default\intermediates\res\default\resources\rawfile cache by regenerate.
[2026-04-19T19:45:38.719] [DEBUG] debug-file - Update task entry:default@CompileArkTS input file:D:\Harmonyos\Rdb\entry\build\default\intermediates\res\default\ResourceTable.txt cache by regenerate.
[2026-04-19T19:45:38.719] [DEBUG] debug-file - Update task entry:default@CompileArkTS input file:D:\Harmonyos\Rdb\entry\build\default\intermediates\res\default\ark_module.json cache by regenerate.
[2026-04-19T19:45:38.720] [DEBUG] debug-file - Update task entry:default@CompileArkTS input file:D:\Harmonyos\Rdb\entry\build\default\intermediates\res\default\resources\base\profile cache by regenerate.
[2026-04-19T19:45:38.720] [DEBUG] debug-file - Update task entry:default@CompileArkTS input file:D:\Harmonyos\Rdb\entry\src\main\ets cache from map.
[2026-04-19T19:45:38.720] [DEBUG] debug-file - Update task entry:default@CompileArkTS input file:D:\Harmonyos\Rdb\entry\build\default\generated\profile\default\BuildProfile.ets cache by regenerate.
[2026-04-19T19:45:38.721] [DEBUG] debug-file - Update task entry:default@CompileArkTS output file:D:\Harmonyos\Rdb\entry\build\default\intermediates\loader_out\default\ets cache.
[2026-04-19T19:45:38.722] [DEBUG] debug-file - Incremental task entry:default@CompileArkTS post-execution cost:22 ms .
[2026-04-19T19:45:38.723] [DEBUG] debug-file - Update task entry:default@BuildJS input file:D:\Harmonyos\Rdb\entry\build\default\intermediates\loader\default cache by regenerate.
[2026-04-19T19:45:38.724] [DEBUG] debug-file - Update task entry:default@BuildJS input file:D:\Harmonyos\Rdb\oh_modules\.ohpm\@ohos+mpchart@3.0.27\oh_modules\@ohos\mpchart\index.ets cache by regenerate.
[2026-04-19T19:45:38.724] [DEBUG] debug-file - Update task entry:default@BuildJS input file:D:\Harmonyos\Rdb\entry\build\default\intermediates\res\default\resources\rawfile cache by regenerate.
[2026-04-19T19:45:38.725] [DEBUG] debug-file - Update task entry:default@BuildJS input file:D:\Harmonyos\Rdb\entry\build\default\intermediates\res\default\ResourceTable.txt cache by regenerate.
[2026-04-19T19:45:38.725] [DEBUG] debug-file - Update task entry:default@BuildJS input file:D:\Harmonyos\Rdb\entry\build\default\intermediates\res\default\ark_module.json cache by regenerate.
[2026-04-19T19:45:38.726] [DEBUG] debug-file - Update task entry:default@BuildJS input file:D:\Harmonyos\Rdb\entry\build\default\intermediates\res\default\resources\base\profile cache by regenerate.
[2026-04-19T19:45:38.726] [DEBUG] debug-file - Update task entry:default@BuildJS output file:D:\Harmonyos\Rdb\entry\build\default\intermediates\loader_out\default\js cache.
[2026-04-19T19:45:38.726] [DEBUG] debug-file - Incremental task entry:default@BuildJS post-execution cost:5 ms .
[2026-04-19T19:45:38.726] [DEBUG] debug-file - There is no need to refresh cache, since the incremental task entry:default@CacheNativeLibs is up-to-date.
[2026-04-19T19:45:38.726] [DEBUG] debug-file - There is no need to refresh cache, since the incremental task entry:default@GeneratePkgModuleJson is up-to-date.
[2026-04-19T19:45:38.726] [DEBUG] debug-file - Incremental task entry:default@ProcessCompiledResources post-execution cost:1 ms .
[2026-04-19T19:45:38.727] [DEBUG] debug-file - Update task entry:default@PackageHap input file:D:\Harmonyos\Rdb\entry\build\default\intermediates\stripped_native_libs\default cache by regenerate.
[2026-04-19T19:45:38.727] [DEBUG] debug-file - Update task entry:default@PackageHap input file:D:\Harmonyos\Rdb\entry\build\default\intermediates\res\default\module.json cache by regenerate.
[2026-04-19T19:45:38.727] [DEBUG] debug-file - Update task entry:default@PackageHap input file:D:\Harmonyos\Rdb\entry\build\default\intermediates\res\default\resources cache by regenerate.
[2026-04-19T19:45:38.729] [DEBUG] debug-file - Update task entry:default@PackageHap input file:D:\Harmonyos\Rdb\entry\build\default\intermediates\res\default\resources.index cache by regenerate.
[2026-04-19T19:45:38.729] [DEBUG] debug-file - Update task entry:default@PackageHap input file:D:\Harmonyos\Rdb\entry\build\default\outputs\default\pack.info cache by regenerate.
[2026-04-19T19:45:38.729] [DEBUG] debug-file - Update task entry:default@PackageHap input file:D:\Harmonyos\Rdb\entry\build\default\intermediates\loader_out\default\ets cache from map.
[2026-04-19T19:45:38.729] [DEBUG] debug-file - Update task entry:default@PackageHap input file:D:\Harmonyos\Rdb\entry\build\default\intermediates\loader_out\default\ets\sourceMaps.map cache by regenerate.
[2026-04-19T19:45:38.729] [DEBUG] debug-file - Update task entry:default@PackageHap input file:D:\Harmonyos\Rdb\entry\build\default\generated\profile\default\BuildProfile.ets cache by regenerate.
[2026-04-19T19:45:38.729] [DEBUG] debug-file - Update task entry:default@PackageHap output file:D:\Harmonyos\Rdb\entry\build\default\outputs\default\entry-default-unsigned.hap cache.
[2026-04-19T19:45:38.729] [DEBUG] debug-file - Update task entry:default@PackageHap output file:D:\Harmonyos\Rdb\entry\build\default\intermediates\source_map\default\sourceMaps.map cache.
[2026-04-19T19:45:38.729] [DEBUG] debug-file - Update task entry:default@PackageHap output file:D:\Harmonyos\Rdb\entry\build\default\outputs\default\mapping\sourceMaps.map cache.
[2026-04-19T19:45:38.729] [DEBUG] debug-file - Incremental task entry:default@PackageHap post-execution cost:4 ms .
[2026-04-19T19:45:38.730] [DEBUG] debug-file - Update task entry:default@SignHap input file:D:\Harmonyos\Rdb\entry\build\default\outputs\default\entry-default-unsigned.hap cache from map.
[2026-04-19T19:45:38.730] [DEBUG] debug-file - Update task entry:default@SignHap output file:D:\Harmonyos\Rdb\entry\build\default\outputs\default\entry-default-signed.hap cache.
[2026-04-19T19:45:38.730] [DEBUG] debug-file - Incremental task entry:default@SignHap post-execution cost:1 ms .
[2026-04-19T19:45:38.730] [DEBUG] debug-file - Update task entry:default@CollectDebugSymbol input file:D:\Harmonyos\Rdb\entry\build\default\intermediates\loader_out\default\ets\sourceMaps.map cache by regenerate.
[2026-04-19T19:45:38.730] [DEBUG] debug-file - Update task entry:default@CollectDebugSymbol input file:D:\Harmonyos\Rdb\entry\build\default\intermediates\libs\default cache by regenerate.
[2026-04-19T19:45:38.730] [DEBUG] debug-file - Update task entry:default@CollectDebugSymbol output file:D:\Harmonyos\Rdb\entry\build\default\outputs\default\symbol cache.
[2026-04-19T19:45:38.730] [DEBUG] debug-file - Incremental task entry:default@CollectDebugSymbol post-execution cost:1 ms .
